tree
version=v4
num_class=1
num_tree_per_iteration=1
label_index=0
max_feature_idx=11
objective=regression_l1
feature_names=solar_rad_west solar_rad_south total_cloud_west total_cloud_south midlow_cloud_west midlow_cloud_south solar_damping_south clearsky_ratio_south hour_sin hour_cos month_sin month_cos
feature_infos=[0:3.9300000000000002] [0:3.8199999999999998] [0:1] [0:1] [0:1] [0:1] [0.19592957412690934:1] [0:1.5] [-1:1] [-1:1] [-1:1] [-1:1]
tree_sizes=5654 5800 5837 5843 5865 5836 5841 5811 5851 5847 5802 5917 5833 5834 5842 5779 5848 5837 5842 5772 5878 5810 5886 5824 5853 5852 5868 5869 5904 5860 5845 5885 5862 5855 5882 5897 5845 5861 5847 5847 5859 5854 5890 5841 5878 5866 5886 5841 5887 5871 5889 5859 5890 5872 5847 5869 5897 5863 5875 5886 5882 5875 5901 5910 5868 5924 5872 5902 5890 5882 5883 5899 5874 5890 5913 5949 5912 5919 5892 5868 5930 5933 5919 5925 5924 5936 5852 5908 5922 5911 5870 5895 5925 5908 5900 5873 5867 5898 5900 5884 5931 5940 5931 5901 5949 5956 5928 5889 5905 5920 5920 5955 5891 5953 5923 5912 5875 5928 5901 5924 5938 5912 5945 5906 5905 5925 5907 5969 5915 5945 5921 5875 5947 5921 5929 5932 5914 5926 5934 5944 5929 5913 5965 5942 5953 5967 5952 5947 5876 5971

Tree=0
num_leaves=63
num_cat=0
split_feature=0 8 0 6 0 1 11 7 8 7 9 10 11 0 7 8 11 0 3 1 0 5 5 6 5 8 8 0 0 11 8 10 10 6 8 11 10 8 8 3 11 6 3 8 1 5 11 8 8 3 3 3 6 0 11 3 3 10 3 10 5 9
split_gain=35058.6 1576.01 658.676 259.957 197.217 180.423 161.495 157.156 124.096 88.7219 81.4219 64.1529 55.8574 52.1014 68.1256 50.8968 42.6466 36.9002 36.8913 29.4512 26.2328 22.8013 19.8036 19.7727 19.3589 18.4277 15.028 14.6518 14.2967 12.2891 12.6875 12.2581 12.0076 11.9808 11.0341 10.3645 10.7907 9.34294 9.09554 9.7077 8.76309 8.63371 7.88423 7.51068 8.28432 6.29095 6.2643 5.40821 5.40591 4.95183 4.12725 3.74146 3.24355 3.12172 3.11934 2.81096 5.39777 2.79175 2.62346 7.22623 3.65666 2.54236
threshold=0.055000000000000007 -0.37940952255126059 0.14500000000000005 0.97587888928342192 1.0000000180025095e-35 0.045000000000000005 0.6830127018922193 1.0000000180025095e-35 0.78656609248549325 0.027226537766589971 0.78656609248549303 1.0000000180025095e-35 -0.24999999999999994 0.24500000000000002 1.0000000180025095e-35 0.60355339059327384 -0.5 1.0000000180025095e-35 0.95000000000000007 0.115 0.042500000000000003 1.0000000180025095e-35 0.083333333333333315 0.21090423132313618 0.15000000000000005 0.91597561503675362 -0.60355339059327362 0.19500000000000003 0.10500000000000002 -0.5 -0.60355339059327362 0.25000000000000011 -0.24999999999999994 0.9919160630702849 0.91597561503675362 0.25000000000000017 0.25000000000000011 -0.78656609248549303 -0.78656609248549303 0.8500000000000002 0.25000000000000017 0.61827818261829826 0.95000000000000007 0.91597561503675362 0.072500000000000023 0.15000000000000005 -0.68301270189221952 -0.78656609248549303 -0.60355339059327362 0.083333333333333315 0.45000000000000007 0.35000000000000003 0.92930638923935771 0.03500000000000001 0.25000000000000017 0.35000000000000003 0.8500000000000002 -0.24999999999999994 0.57500000000000007 1.0000000180025095e-35 0.63333333333333341 0.1294095225512602
decision_type=10 2 10 2 10 10 2 10 2 10 2 2 2 10 10 2 2 10 8 10 10 10 10 2 10 2 2 10 10 2 2 2 2 2 2 2 2 2 2 10 2 2 10 2 10 10 2 2 2 10 10 10 2 10 2 10 10 2 10 2 10 2
left_child=1 3 7 9 6 20 10 8 28 17 12 54 18 14 15 -4 55 29 58 23 53 37 26 -9 61 27 32 -17 33 30 41 -26 -8 -2 -10 36 -13 -14 -23 -40 -30 -1 -19 -15 -45 49 -36 -34 57 -38 -35 -31 -25 -3 -12 -6 -57 -24 59 -5 -60 -18
right_child=2 5 13 4 16 -7 22 19 34 -11 11 35 21 43 -16 25 24 42 -20 -21 -22 38 48 52 31 -27 -28 -29 40 51 -32 -33 47 50 46 -37 45 -39 39 -41 -42 -43 -44 44 -46 -47 -48 -49 -50 -51 -52 -53 -54 -55 -56 56 -58 -59 60 -61 -62 -63
leaf_value=0.017682174423243852 0.018005786873400213 0.017468135114759208 0.019023495148867368 0.017984745837748051 0.018118181545287371 0.018241642229259013 0.01793951876461506 0.018061608728021383 0.017838200107216835 0.018143789824098349 0.017754676998592914 0.017792422091588378 0.017958054896444083 0.028303699847310779 0.019401341956108809 0.018171365475282072 0.018536846656352281 0.017898419806733727 0.017882801499217747 0.018869591392576695 0.017675938922911881 0.01790648953989148 0.017854731315746903 0.018265502937138082 0.017769781928509473 0.017949798498302697 0.017701748549006878 0.018632063847035168 0.018318867972120643 0.017678759517148136 0.017468135114759208 0.01806555051356554 0.017888427223078908 0.018095069229602814 0.017832868420518934 0.017712840000167488 0.017917774571105837 0.018013805588707327 0.017982788104563951 0.01787797293625772 0.018280564881861208 0.017827133843675257 0.017726364661939442 0.018312786230817436 0.019833613801747561 0.017811968424357474 0.017652029502205551 0.017899768119677903 0.017557008755393327 0.018031920557841658 0.018454863484948875 0.017468135114759208 0.018503688853234054 0.017619364373385907 0.017798191243782638 0.018400842789560556 0.018111086683347821 0.017785350182093679 0.018118292102590205 0.018128844723105431 0.018071974515914916 0.018071541786193846
leaf_weight=170 132 17012 232 119 86 103 171 119 170 81 292 110 322 18189 981 136 90 117 130 324 91 340 168 106 163 97 156 131 90 141 209 125 218 136 84 115 133 250 135 109 111 115 158 92 98 160 105 89 241 104 153 925 159 98 128 103 84 552 212 219 114 100
leaf_count=170 132 17012 232 119 86 103 171 119 170 81 292 110 322 18189 981 136 90 117 130 324 91 340 168 106 163 97 156 131 90 141 209 125 218 136 84 115 133 250 135 109 111 115 158 92 98 160 105 89 241 104 153 925 159 98 128 103 84 552 212 219 114 100
internal_value=0.0180571 -0.00647632 0.0458921 0.00526407 0.00866956 -0.011397 0.00633663 0.027896 0.0201163 -0.00421384 0.0104508 0.00368432 0.0140719 0.0474146 0.0421339 0.0340888 0.0229153 -0.00557004 0.0201971 0.0386572 -0.0116341 0.00986664 -0.00137131 0.0329694 0.0175073 0.0270495 0.00279579 0.0311054 0.0282171 -0.00735997 -0.00332495 0.0126105 0.00548229 0.0250463 0.00609172 0.00982219 0.0116895 0.014134 0.00570069 0.0101717 0.0347906 0.000910485 0.00463882 0.0478664 0.0415686 0.0140134 0.00111365 0.00193696 -0.0041018 0.017126 0.0284567 -0.00920811 0.0375197 -0.0117199 -0.00536453 0.0323515 0.0344446 -0.00271283 0.023061 0.0211942 0.0249809 0.0249194
internal_weight=46203 24558 21645 7254 5338 17304 4587 1689 981 1916 2992 1042 1950 19956 1577 596 751 1835 794 708 17201 1156 1595 384 478 364 634 267 622 1560 494 288 478 421 359 622 507 572 584 244 201 285 275 18379 190 397 189 307 961 237 289 1066 265 17110 420 273 187 720 664 338 326 190
internal_count=46203 24558 21645 7254 5338 17304 4587 1689 981 1916 2992 1042 1950 19956 1577 596 751 1835 794 708 17201 1156 1595 384 478 364 634 267 622 1560 494 288 478 421 359 622 507 572 584 244 201 285 275 18379 190 397 189 307 961 237 289 1066 265 17110 420 273 187 720 664 338 326 190
is_linear=0
shrinkage=1


Tree=1
num_leaves=63
num_cat=0
split_feature=0 0 0 7 9 9 9 6 0 0 7 1 9 9 1 11 3 11 1 6 9 10 9 3 0 2 9 9 9 5 9 9 11 5 9 11 11 11 6 0 2 3 5 11 0 9 2 0 1 5 11 2 9 5 0 11 11 2 9 9 2 6
split_gain=34507.7 727.37 436.463 186.67 138.531 137.586 113.193 123.266 76.4869 73.4204 92.4158 73.0767 61.6519 55.9791 47.3529 46.7937 37.6054 36.9721 25.9776 27.6086 20.1946 37.5283 31.6112 21.0156 17.6999 17.6718 17.2965 23.2209 16.8937 15.0448 13.5751 77.4064 29.1527 21.0558 12.7318 12.5165 12.4219 10.7957 10.6391 10.1728 9.57784 9.38821 13.5462 9.2997 12.0669 9.205 7.43884 6.49401 17.4016 6.21695 6.16789 7.12302 6.03785 6.01287 6.01188 5.50063 8.22319 4.56426 4.47839 75.5257 4.45273 4.33604
threshold=0.055000000000000007 0.14500000000000005 0.015000000000000001 1.0000000180025095e-35 0.1294095225512602 0.91597561503675351 0.37940952255126048 0.97587888928342192 1.0000000180025095e-35 0.27500000000000008 1.0000000180025095e-35 0.032500000000000008 -0.12940952255126037 -0.5 0.045000000000000005 0.6830127018922193 0.95000000000000007 0.6830127018922193 0.082500000000000018 0.25225449781670933 0.78656609248549303 1.0000000180025095e-35 0.60355339059327384 0.95000000000000007 0.115 0.55000000000000016 -0.78656609248549325 -0.12940952255126037 -0.37940952255126015 0.22500000000000003 0.25881904510252057 0.1294095225512602 0.6830127018922193 0.083333333333333315 -0.5 -0.5 -0.68301270189221952 -0.5 0.9919160630702849 0.03500000000000001 0.65000000000000002 0.45000000000000007 0.45000000000000007 0.25000000000000017 0.095000000000000015 0.78656609248549303 0.65000000000000002 0.38500000000000006 0.015000000000000001 0.083333333333333315 -0.5 0.95000000000000007 0.78656609248549303 0.55000000000000016 0.095000000000000015 -0.24999999999999994 -0.68301270189221952 0.35000000000000003 1.0000000180025095e-35 -0.12940952255126037 0.25000000000000006 0.87064863372406032
decision_type=10 10 10 10 2 2 2 2 10 10 10 8 2 2 10 2 10 2 10 2 2 2 2 8 10 10 2 2 2 10 2 2 2 10 2 2 2 2 2 10 10 10 10 2 10 2 10 10 10 10 2 10 2 10 10 2 2 10 2 2 10 2
left_child=2 3 5 12 14 6 11 50 15 10 26 30 13 54 17 20 37 39 19 -5 22 -22 36 -24 55 45 -3 34 -19 -30 31 58 33 -33 -28 53 -9 60 -35 -4 41 -38 -43 44 -14 49 -23 48 -11 -17 51 52 -8 -36 -2 56 -15 -34 59 -1 -6 -18
right_child=1 9 4 18 16 -7 7 8 -10 47 -12 -13 43 24 -16 25 61 28 -20 -21 21 46 23 -25 -26 -27 27 -29 29 -31 -32 32 57 38 35 -37 40 -39 -40 -41 -42 42 -44 -45 -46 -47 -48 -49 -50 -51 -52 -53 -54 -55 -56 -57 -58 -59 -60 -61 -62 -63
leaf_value=-0.00052404405344277623 1.5631370991468391e-05 0.0012642262956127526 -0.00044369344089645893 3.8790422491729278e-05 0.00010198593232780692 -0.00052404405344277623 -0.00052404405344277623 -0.00052404405344277623 0.00016278959345072507 0.00088042945694178352 0.0013900941526517273 6.5720932558178611e-06 9.2191138118505455e-05 -0.00019742093975655731 4.29859980940819e-05 -0.00025961723187938339 -0.00020417338586412371 -0.00032743544345721604 0.00076212763376533983 0.0003591162538155913 -0.00052404405344277623 -0.00052404405344277623 -0.00037204623017460112 -0.00052404405344277623 -2.5131367100402686e-05 -0.00052404405344277623 0.00041294546183198694 0.001066702779941261 0.00043018163535743953 -0.00028032012451440093 -0.00052404405344277623 -3.3241136558353928e-05 -0.00012518712370656433 -0.00032181905654724691 0.00012120461273007099 6.4833635464310933e-06 -0.00040852122539654378 0.00012643519341945647 -0.00011909165745601056 -0.00034245776776224376 -0.00048834362067282197 -7.5924419285729563e-05 -0.00052404405344277623 0.00015706337671726937 0.00024970648689195512 -0.00052404405344277623 -0.00052404405344277623 0.011336420263163744 0.0022330842269584535 -0.00044121758812107142 -0.00052404405344277623 -0.00052404405344277623 -0.00052404405344277623 0.00060263709258288152 0.00026192891187965873 -0.00027377417832612992 -0.00034159131408669055 -0.00020009251059964299 -0.00052404405344277623 -0.00011637761062011121 0.00049241427797824138 -1.5798272704705599e-05
leaf_weight=1369 84 117 304 104 83 5793 416 403 86 391 1323 82 189 86 112 439 81 126 416 203 870 666 1795 338 95 1360 161 130 98 127 1925 124 128 92 80 151 570 116 132 172 492 140 114 129 99 323 528 16390 1063 213 1677 482 244 91 108 126 89 352 1818 151 127 80
leaf_count=1369 84 117 304 104 83 5793 416 403 86 391 1323 82 189 86 112 439 81 126 416 203 870 666 1795 338 95 1360 161 130 98 127 1925 124 128 92 80 151 570 116 132 172 492 140 114 129 99 323 528 16390 1063 213 1677 482 244 91 108 126 89 352 1818 151 127 80
internal_value=-0.000140988 0.0274905 -0.0244825 0.00881434 -0.0083672 -0.0254759 -0.0241333 -0.0223232 -0.0204833 0.029112 0.023705 -0.0274004 0.000447316 -0.00580645 -0.0150957 -0.0207768 0.00461066 -0.0175725 0.0204282 0.0137338 -0.0193476 -0.0217627 -0.0180483 -0.0155904 -0.0122418 -0.0243878 0.0151026 0.0130456 -0.010142 -0.00517699 -0.0277791 -0.0267819 -0.0185283 -0.0118625 0.00997934 0.00650155 -0.0210872 0.0104587 -0.0173333 -0.0230189 -0.0196355 -0.0176 -0.0127059 0.00925837 0.0122491 -0.0212398 -0.0182762 0.0297327 0.0276701 -0.0191118 -0.0277553 -0.0259318 -0.0237821 0.0120349 0.00746114 -0.0157947 -0.0192614 -0.0233264 -0.028823 -0.0274951 0.0145024 -0.00722222
internal_weight=46173 21625 24548 1728 1426 23122 17329 11156 8337 19897 2053 6173 1005 588 939 8251 487 827 723 307 5916 2064 3852 2133 396 2335 730 613 351 225 6091 4166 828 348 483 322 1719 326 224 476 1316 824 254 417 288 975 1194 17844 1454 652 2819 1142 660 171 192 301 175 480 3338 1520 210 161
internal_count=46173 21625 24548 1728 1426 23122 17329 11156 8337 19897 2053 6173 1005 588 939 8251 487 827 723 307 5916 2064 3852 2133 396 2335 730 613 351 225 6091 4166 828 348 483 322 1719 326 224 476 1316 824 254 417 288 975 1194 17844 1454 652 2819 1142 660 171 192 301 175 480 3338 1520 210 161
is_linear=0
shrinkage=0.03


Tree=2
num_leaves=63
num_cat=0
split_feature=7 9 8 8 11 6 1 11 8 9 11 9 11 6 11 8 8 1 2 9 11 8 11 9 5 2 8 3 3 3 2 9 1 11 4 6 6 5 5 11 8 11 8 4 8 8 8 11 11 11 11 8 6 11 11 8 11 7 5 5 11 6
split_gain=26257.1 6058.63 2047.74 637.978 580.007 352.072 259.179 202.106 154.019 118.62 69.7017 66.2027 148.727 60.495 58.6722 53.0729 51.305 48.0228 40.9198 42.4566 52.9194 36.3954 38.7839 34.5834 34.4935 31.5881 31.4724 26.9991 26.6124 23.1575 27.3861 22.1073 18.3751 17.4117 14.9958 14.1246 14.0424 13.2931 12.3145 12.0867 12.0027 52.5982 20.7492 11.8541 10.6624 11.3291 8.09448 7.52268 6.95801 6.92278 6.63276 14.5298 6.35486 6.2857 6.07144 5.83714 5.83604 5.50734 5.49086 6.24458 5.39936 4.9369
threshold=1.0000000180025095e-35 -0.37940952255126015 -0.37940952255126059 0.78656609248549325 1.0000000180025095e-35 0.9919160630702849 0.082500000000000018 0.6830127018922193 -0.60355339059327362 0.1294095225512602 -0.24999999999999994 1.0000000180025095e-35 -0.5 0.6284387002523627 0.6830127018922193 0.37940952255126054 -0.98296291314453399 0.045000000000000005 0.8500000000000002 -0.78656609248549325 0.6830127018922193 -0.60355339059327362 -0.5 0.1294095225512602 0.22500000000000003 0.75000000000000011 -0.91597561503675329 0.8500000000000002 0.8500000000000002 0.95000000000000007 1.0000000180025095e-35 -0.12940952255126037 0.14500000000000005 -0.9330127018922193 1.0000000180025095e-35 0.52528369594149305 0.37003149295102605 0.15000000000000005 0.083333333333333315 0.25000000000000017 -0.91597561503675329 0.25000000000000017 -0.78656609248549303 0.083333333333333315 -0.60355339059327362 -0.91597561503675329 -0.78656609248549303 0.25000000000000017 -0.9330127018922193 0.93301270189221952 0.25000000000000017 -0.91597561503675329 0.68180145234509759 0.93301270189221952 1.0000000180025095e-35 -0.78656609248549303 0.93301270189221952 0.37394169129509863 0.71666666666666667 0.82500000000000007 0.93301270189221952 0.23251122184542691
decision_type=10 2 2 2 2 2 10 2 2 2 2 2 2 2 2 2 2 10 8 2 2 2 2 2 10 10 2 10 10 8 10 2 10 2 8 2 2 10 10 2 2 2 2 10 2 2 2 2 2 2 2 2 2 2 2 2 2 10 8 10 2 2
left_child=1 3 5 18 13 21 15 8 10 37 26 12 33 -5 24 31 -12 -17 49 58 36 22 27 -24 -6 38 -7 -3 40 30 -28 52 57 -4 -10 -33 -21 -9 44 -30 41 -18 47 -25 45 -11 61 -42 -32 -1 51 -45 -2 -39 -38 -31 -40 -8 -20 -60 -47 -29
right_child=6 2 11 4 14 7 32 9 34 25 16 -13 -14 -15 -16 17 28 -19 19 20 -22 -23 23 43 -26 -27 29 46 39 55 48 35 -34 -35 -36 -37 54 53 56 -41 42 -43 -44 50 -46 60 -48 -49 -50 -51 -52 -53 -54 -55 -56 -57 -58 -59 59 -61 -62 -63
leaf_value=0.0076342819201480599 0.00057069611183367664 -8.7769174855202396e-06 4.3683977470267591e-05 0.00014511612095497562 2.7274368982762447e-06 0.0014860236176652834 0.0010374055095668882 0.00023068703246489165 -0.00014451840651780369 -0.00011524447324429645 0.0012063089033615541 -0.00050832273183949294 -0.00050832273183949294 0.0015716582852136345 -0.00050832273183949294 -0.00019704794775880872 0.00025122332309558985 0.00018904884375538678 0.0033515886138249188 0.00036702448047883811 -9.7086815189570264e-05 -0.00050832273183949294 -0.00022173182029277088 -9.0368356710299807e-05 -0.00038283541022264398 -0.00031477906240476295 -1.1618235285859555e-05 -0.00021511225834256037 -5.3671142396517092e-05 1.7520623747259087e-06 0.00031887017729133365 3.1295355437323465e-05 0.01032104487891309 -0.00019951176899322314 -0.00023076936361938718 0.00035541167861782023 0.0026913837658893319 -2.5169252073392253e-06 -0.00013123784867534414 -0.00013098579030018293 -5.5335548174567477e-05 -8.1949920818209616e-05 8.1229338739068074e-06 -0.0001610222916025668 -0.00027118180200085039 -3.376721748802814e-05 -0.00031817734333779667 -4.2075992030091536e-05 0.00013468941108696166 0.0037405830192100259 -0.00050832273183949294 -0.0003576455193255097 0.0016570806104298681 -0.00023486330380104474 0.00069044272701255973 -0.00010792362174578008 -0.00022303849180648104 0.00050894070795737202 0.0013667804285343735 0.0024847448143567887 -9.368245834205302e-05 -0.00012257163365464661
leaf_weight=1474 166 138 99 122 194 85 483 146 481 144 96 15383 1134 483 396 119 160 134 296 98 139 526 166 101 187 610 288 85 184 95 114 115 16061 306 569 129 148 147 231 163 163 187 349 94 137 199 167 171 541 161 449 249 177 94 93 81 113 119 104 125 89 80
leaf_count=1474 166 138 99 122 194 85 483 146 481 144 96 15383 1134 483 396 119 160 134 296 98 139 526 166 101 187 610 288 85 184 95 114 115 16061 306 569 129 148 147 231 163 163 187 349 94 137 199 167 171 541 161 449 249 177 94 93 81 113 119 104 125 89 80
internal_value=-0.000109888 -0.0178041 -0.0233809 0.0163392 -0.000173536 -0.0105447 0.0288363 -0.00666726 -0.00259925 -0.0145997 0.00122106 -0.0292147 -0.0232403 0.0218317 -0.0173136 0.0125565 -0.00315468 0.00106299 0.0249867 0.0201693 0.0136534 -0.0211722 -0.0188039 -0.0219906 -0.00887435 -0.0183661 0.00657261 -0.0115924 -0.00463716 0.00522321 0.00708686 0.0175 0.0296561 -0.00761084 -0.0123311 0.0105306 0.0200294 0.000231959 -0.0148031 -0.0118103 -0.00221145 0.00232759 -0.00451754 -0.0243289 -0.0120526 -0.00969977 -0.0162162 -0.00985075 0.0104726 0.0279279 -0.0255738 -0.0222384 0.0224128 -0.00409091 0.0239256 -0.00474576 -0.0193043 0.0243781 0.0260646 0.0223043 -0.00622837 -0.0113855
internal_weight=46137 28634 24614 4020 1382 7692 17503 5637 3727 1910 2677 16922 1539 605 777 840 1473 253 2638 1003 478 2055 1529 1059 381 1523 1204 470 1377 1119 943 587 16663 405 1050 244 339 387 913 347 1030 347 683 893 569 432 332 334 655 1635 792 343 343 241 241 176 344 602 525 229 288 165
internal_count=46137 28634 24614 4020 1382 7692 17503 5637 3727 1910 2677 16922 1539 605 777 840 1473 253 2638 1003 478 2055 1529 1059 381 1523 1204 470 1377 1119 943 587 16663 405 1050 244 339 387 913 347 1030 347 683 893 569 432 332 334 655 1635 792 343 343 241 241 176 344 602 525 229 288 165
is_linear=0
shrinkage=0.03


Tree=3
num_leaves=63
num_cat=0
split_feature=0 8 0 6 0 0 7 11 0 0 7 8 9 11 7 4 8 7 5 3 11 8 0 11 8 3 11 6 8 2 8 5 4 7 2 6 0 4 8 5 11 2 8 8 4 2 8 2 11 11 3 8 11 0 8 11 4 4 2 11 3 4
split_gain=33485.5 1860.55 482.674 276.585 215.48 165.371 151.476 146.974 104.162 79.1001 97.0529 79.0789 63.4968 51.8679 39.4744 35.8312 32.6246 31.3451 28.8933 26.5764 26.0371 21.575 17.9011 16.2296 22.0198 14.6715 14.2689 13.2301 12.9167 12.1191 11.6869 11.6029 11.3251 10.8222 10.288 10.1561 9.96534 9.75691 9.28576 9.2852 9.26577 8.48243 8.44872 8.13284 8.03252 7.01828 6.95514 6.12218 11.2432 6.11105 5.95085 5.36997 6.71738 5.22654 4.771 6.09002 4.36792 4.17083 3.55095 3.41305 3.21327 3.055
threshold=0.075000000000000025 -0.37940952255126059 0.17500000000000002 0.96010100249940655 1.0000000180025095e-35 0.03500000000000001 1.0000000180025095e-35 0.6830127018922193 0.015000000000000001 0.42500000000000004 1.0000000180025095e-35 0.78656609248549325 0.78656609248549303 -0.24999999999999994 0.012233807188218654 0.083333333333333315 0.60355339059327384 0.25279695367936617 1.0000000180025095e-35 0.95000000000000007 0.25000000000000017 0.91597561503675362 0.12500000000000003 -0.24999999999999994 -0.60355339059327362 0.75000000000000011 0.25000000000000017 0.27367423887636216 -0.78656609248549303 0.25000000000000006 -0.60355339059327362 0.22500000000000003 0.68285714285714294 0.047700308792458977 0.95000000000000007 0.31691654995395618 0.10500000000000002 0.78333333333333355 -0.78656609248549303 0.15000000000000005 1.0000000180025095e-35 0.25000000000000006 -0.78656609248549303 -0.60355339059327362 0.29285714285714293 0.55000000000000016 -0.91597561503675329 0.95000000000000007 -0.5 0.25000000000000017 0.083333333333333315 -0.91597561503675329 0.25000000000000017 0.115 -0.91597561503675329 0.93301270189221952 0.58333333333333337 0.58333333333333337 0.65000000000000002 -0.24999999999999994 0.11666666666666667 0.58333333333333337
decision_type=10 2 10 2 10 10 10 2 10 10 10 2 2 2 10 10 2 10 10 8 2 2 10 2 2 10 2 2 2 10 2 10 10 10 10 2 10 10 2 8 2 10 2 2 10 10 2 10 2 2 10 2 2 10 2 2 10 10 10 2 10 10
left_child=1 3 6 8 7 14 11 12 23 10 16 26 13 19 -3 30 -4 21 28 29 41 -7 57 24 34 -18 36 53 49 60 46 -22 43 35 42 -10 -2 -28 58 59 -27 -6 -1 54 -40 -25 -9 48 -43 -15 -48 52 -29 -8 -17 -56 -33 -13 -20 -14 -5 -31
right_child=2 5 9 4 20 17 27 15 33 -11 -12 22 39 18 -16 32 25 -19 38 -21 31 -23 -24 45 -26 40 37 51 -30 61 -32 56 -34 -35 -36 -37 -38 -39 44 -41 -42 47 -44 -45 -46 -47 50 -49 -50 -51 -52 -53 -54 -55 55 -57 -58 -59 -60 -61 -62 -63
leaf_value=-4.9174923160392836e-05 0.00010914872021453918 -0.00049307304988430818 0.0014973735501299613 4.9732308282447006e-05 7.8848985698469829e-05 -0.00020936359428444875 0.00019686544268941505 -0.00010911458384365083 -0.00019069613228235395 0.010950386065294871 0.0016578394421878271 -0.00027666991429246032 -0.00015431994613587858 -5.2262149803461514e-05 -0.00020935517599442971 -0.00015052585156687069 0.00020576185636220508 9.3851850971980077e-05 -8.4535599772939392e-05 -9.9342413068525496e-05 0.00026630992545212151 -0.00035204487170165984 1.0772947963338855e-05 -0.00025554784966355182 -0.00049307304988430818 0.00084921642804315308 4.601153730679309e-05 0.00069804930759212003 3.1191944907400791e-05 0.00013064872875435284 -0.00022801215816807468 -0.00023337439991984985 -0.00030836528486320286 9.454763804851104e-05 -0.000309598579721544 -7.4289100441415771e-05 0.0004850778983550332 0.00047451983789702879 -1.391295444315297e-05 -0.00021613141230169685 0.000332281706422912 0.00045837995109194882 -0.00026778272014229567 -0.00037241709459062661 -0.00011141040597497479 -0.00049307304988430818 -1.6530786185609201e-05 5.0879690511608509e-05 0.00019000243942145264 -3.4282351767942264e-05 -6.6388333220095372e-05 0.00066881967663383107 0.00061729448470154778 0.00048615005657533179 -8.4167549610771224e-05 -0.0002545138878865703 -4.5910322904540182e-05 -0.00015784549753093392 -9.3200323264324016e-05 -0.00018394809741854659 -2.3958921908936483e-05 5.792607304824514e-05
leaf_weight=91 115 16984 310 150 150 213 109 110 110 15964 2408 114 313 112 88 161 355 80 123 138 206 150 144 153 253 247 163 198 249 293 123 88 562 82 189 138 148 115 99 484 114 171 137 149 141 746 148 95 85 199 89 301 148 134 208 90 126 83 230 251 97 130
leaf_count=91 115 16984 310 150 150 213 109 110 110 15964 2408 114 313 112 88 161 355 80 123 138 206 150 144 153 253 247 163 198 249 293 123 88 562 82 189 138 148 115 99 484 114 171 137 149 141 746 148 95 85 199 89 301 148 134 208 90 126 83 230 251 97 130
internal_value=-0.000274293 -0.0237959 0.0274848 -0.011257 -0.00788368 -0.0291419 0.0124873 -0.0105097 -0.0211421 0.0288541 0.0246987 0.00366931 -0.00656811 -0.0033792 -0.0296117 -0.0177331 0.0169426 -0.0110135 -0.00746101 0.00244747 0.00536876 -0.0147527 -0.00763158 -0.0243631 -0.0207452 0.0133891 0.0107934 0.0212121 -0.00256684 0.00491803 -0.0107006 -0.000142518 -0.0205465 -0.0058006 -0.0164354 -0.00891566 0.0157955 0.00602151 -0.0120707 -0.0125262 0.0176519 0.00998008 -0.0120524 -0.0176355 -0.00746888 -0.0270333 -0.00784483 0.0125284 0.0149416 -0.00663462 -0.00491597 0.0234722 0.0207493 0.015123 -0.015587 -0.0132441 -0.00502326 -0.0134848 -0.0151695 -0.00987611 -0.000362903 0.00799528
internal_weight=46154 24984 21170 7469 5570 17515 1772 4649 1899 19398 3434 882 3009 1961 17072 1640 1026 443 1153 808 921 363 341 1569 670 716 541 890 560 670 470 420 1170 330 417 248 263 278 593 1048 361 501 228 608 240 899 347 351 256 311 237 647 346 243 459 298 214 197 353 564 247 423
internal_count=46154 24984 21170 7469 5570 17515 1772 4649 1899 19398 3434 882 3009 1961 17072 1640 1026 443 1153 808 921 363 341 1569 670 716 541 890 560 670 470 420 1170 330 417 248 263 278 593 1048 361 501 228 608 240 899 347 351 256 311 237 647 346 243 459 298 214 197 353 564 247 423
is_linear=0
shrinkage=0.03


Tree=4
num_leaves=63
num_cat=0
split_feature=0 8 0 0 1 5 7 0 7 8 0 2 8 10 8 8 5 9 1 3 4 3 8 10 10 0 2 3 8 2 8 8 7 4 8 0 4 0 9 10 0 3 9 1 1 7 5 3 10 3 3 10 8 4 9 0 10 4 8 5 3 2
split_gain=32861.5 1835.88 517.192 262.948 251.62 184.045 132.84 109.001 112.954 82.6208 68.73 57.2034 50.022 61.2916 43.2005 38.1292 32.1979 25.8488 24.4955 18.7036 18.3527 16.6373 33.26 17.2224 16.461 14.3379 13.1149 12.1929 11.1592 10.9108 9.71778 9.49271 10.4032 8.57287 8.04972 7.65154 7.25475 7.12033 7.02315 6.79326 6.8741 6.51808 6.25924 6.06395 5.70597 8.89068 5.70511 5.05191 6.06045 5.17139 5.03903 6.38717 4.94422 4.58291 4.53625 4.50083 3.722 3.64621 3.53805 4.37971 3.37331 3.334
threshold=0.075000000000000025 -0.37940952255126059 0.17500000000000002 1.0000000180025095e-35 0.045000000000000005 1.0000000180025095e-35 1.0000000180025095e-35 0.50500000000000012 1.0000000180025095e-35 0.78656609248549325 0.03500000000000001 0.8500000000000002 -0.60355339059327362 1.0000000180025095e-35 0.60355339059327384 -0.78656609248549303 0.15000000000000005 0.78656609248549303 0.072500000000000023 0.62500000000000011 0.17499999999999996 0.95000000000000007 -0.91597561503675329 0.25000000000000011 1.0000000180025095e-35 0.13500000000000004 0.55000000000000016 0.35000000000000003 0.60355339059327384 0.15000000000000005 0.91597561503675362 -0.91597561503675329 0.063241418093146609 0.58333333333333337 -0.78656609248549303 0.025000000000000005 0.48333333333333339 0.21500000000000002 0.78656609248549303 1.0000000180025095e-35 0.025000000000000005 0.62500000000000011 0.1294095225512602 0.37500000000000006 0.17500000000000002 0.24778057941323248 0.45000000000000007 0.35000000000000003 0.68301270189221941 0.62500000000000011 0.083333333333333315 0.68301270189221941 -0.91597561503675329 0.11666666666666667 0.1294095225512602 0.31500000000000006 1.0000000180025095e-35 0.68285714285714294 0.78656609248549325 0.63333333333333341 0.45000000000000007 0.75000000000000011
decision_type=10 2 10 10 10 8 10 10 10 2 10 8 2 2 2 2 10 2 10 10 10 10 2 2 2 10 10 10 2 10 2 2 10 10 2 10 10 10 2 2 10 10 2 10 10 10 10 10 2 10 10 2 2 8 2 10 2 10 2 10 10 10
left_child=1 3 6 5 10 12 9 8 14 28 -3 17 15 -14 -4 20 39 26 21 55 27 22 23 -18 -19 41 29 -1 33 60 -12 44 -33 42 -28 -23 -36 -21 53 -5 -41 -11 -2 52 45 -8 -31 48 -17 -49 51 -15 -10 -13 -9 -16 -38 -22 -39 -60 -7 -26
right_child=2 4 7 16 -6 11 31 54 43 25 30 38 13 50 19 47 18 24 -20 37 57 35 -24 -25 61 -27 34 -29 -30 46 -32 32 -34 -35 36 -37 56 58 -40 40 -42 -43 -44 -45 -46 -47 -48 49 -50 -51 -52 -53 -54 -55 -56 -57 -58 -59 59 -61 -62 -63
leaf_value=-3.9495878127603808e-05 0.00012817011474190737 -0.00047828085838777886 0.0017805100789358122 8.0142337643335186e-05 0.00015915359008337023 -6.4969991081659443e-05 0.00046051188766159357 0.011383965526182467 0.001111811441888365 -0.0002770729187503184 -0.00025260573954272517 -0.00018053575463383589 -0.00022013972094488739 -0.00023468718968470056 0.00011396534520311342 -2.8266373142217666e-05 -0.00020370540211267274 -0.00029449119776670299 0.00043799726699967218 0.0002309795618632891 -0.00010108578431078931 -0.00016309899963789457 0.00021586333512917433 0.00016491241893093592 -0.00020959820288625952 5.4655441232953973e-06 -0.00012426020689324774 1.8255377997877625e-05 7.4029325315720724e-05 -6.7054715791018077e-05 -0.00032850811311998997 0.00052943423957876206 0.00059038583654640519 0.00068135739248369501 -8.5666311178049368e-05 -6.3830889092362643e-05 -0.00019247238589943896 0.0011907424626877413 -0.00047828085838777886 8.4726407278973745e-05 0.00059119964063480957 -0.00017765862081991013 0.00017268636007139956 0.0027019209703866231 0.0009225044375403066 0.00015228232640962375 -2.253929475028501e-05 0.00019454366801717373 0.00014920557693141875 5.5478020937486275e-05 -2.7798731602588082e-05 -0.00016621612633970973 0.0013572123735251678 -0.00027909635188657451 0.00064787328432899262 0.00022055825696083557 -0.00015816898784039472 -0.00020707430400380815 0.00072158038234228662 0.00058312058314808214 -0.0001368306163849568 -0.00034466765982794049
leaf_weight=418 98 16963 371 218 156 102 209 14912 832 83 171 112 358 101 173 321 190 337 84 100 164 166 137 115 189 109 399 104 138 220 152 111 322 138 118 209 113 190 575 105 134 140 159 1266 143 84 163 87 148 140 156 153 1044 1198 89 202 113 99 92 115 87 83
leaf_count=418 98 16963 371 218 156 102 209 14912 832 83 171 112 358 101 173 321 190 337 84 100 164 166 137 115 189 109 399 104 138 220 152 111 322 138 118 209 113 190 575 105 134 140 159 1266 143 84 163 87 148 140 156 153 1044 1198 89 202 113 99 92 115 87 83
internal_value=-0.000396703 -0.0237741 0.027118 -0.0112687 -0.0290902 -0.0139429 0.0114121 0.0285222 0.0243434 0.00308314 -0.0294325 -0.0179606 -0.00713333 -0.013342 0.016664 -0.00390688 0.000662252 -0.0143065 -0.00262749 0.0129897 -0.00843511 -0.0042176 -0.00027088 -0.00578431 -0.0194262 -0.00864865 -0.0119225 -0.00516252 0.0103933 -0.00848168 -0.0156481 0.0196897 0.0228802 0.0129545 -0.0145565 -0.00885638 -0.0111304 0.0168072 -0.0216808 0.00713974 0.010625 -0.0129911 0.00965116 0.0273751 0.016476 0.0139796 -0.00554687 0.00120516 -0.000574468 0.00486842 -0.00540146 -0.008 0.026212 -0.0204119 0.029742 0.00789894 -0.0142731 -0.0148864 0.0186181 0.0157212 -0.0143684 -0.0138462
internal_weight=45978 24858 21120 7416 17442 6058 1734 19386 4385 865 17286 3809 2249 768 1243 1481 1358 1924 901 872 785 817 442 305 609 332 1315 522 533 572 323 869 433 395 743 375 344 497 1885 457 239 223 257 3142 436 293 383 696 469 227 410 254 1876 1310 15001 375 226 263 397 207 189 272
internal_count=45978 24858 21120 7416 17442 6058 1734 19386 4385 865 17286 3809 2249 768 1243 1481 1358 1924 901 872 785 817 442 305 609 332 1315 522 533 572 323 869 433 395 743 375 344 497 1885 457 239 223 257 3142 436 293 383 696 469 227 410 254 1876 1310 15001 375 226 263 397 207 189 272
is_linear=0
shrinkage=0.03


Tree=5
num_leaves=63
num_cat=0
split_feature=0 8 0 6 7 0 0 11 0 0 7 8 8 10 7 11 8 4 7 11 0 8 3 5 8 6 3 7 2 11 8 3 0 4 8 5 3 11 11 5 5 3 8 8 0 3 0 0 2 8 0 11 8 2 2 11 10 4 6 11 4 0
split_gain=32663.9 1945.62 539.528 290.362 185.557 169.44 169.146 149.684 98.0649 96.8699 96.6441 79.3699 66.7295 56.2415 42.9254 34.77 31.0305 30.1972 26.1319 25.5896 23.3434 21.9439 21.5358 20.208 19.4467 18.8908 18.5883 17.1374 18.6816 15.5047 18.3557 17.7789 13.187 12.2619 15.6664 11.5614 11.5112 10.5198 10.2914 9.93559 9.72454 9.53557 8.9651 7.30301 6.76948 6.54491 6.26839 6.22104 6.19731 6.05658 5.99741 8.21555 5.7052 5.61733 5.17629 6.64797 5.15416 4.8204 4.7852 4.5292 4.51284 4.29991
threshold=0.075000000000000025 -0.37940952255126059 0.19500000000000003 0.9919160630702849 1.0000000180025095e-35 1.0000000180025095e-35 0.03500000000000001 0.6830127018922193 0.55500000000000016 1.0000000180025095e-35 0.012233807188218654 0.78656609248549325 -0.60355339059327362 1.0000000180025095e-35 0.012233807188218654 -0.24999999999999994 0.60355339059327384 0.083333333333333315 0.18882724458204336 0.25000000000000017 0.12500000000000003 -0.78656609248549303 0.75000000000000011 0.71666666666666667 0.91597561503675362 0.34382695391616697 0.8500000000000002 0.053902147229731835 0.75000000000000011 -0.24999999999999994 -0.60355339059327362 0.8500000000000002 0.115 0.78333333333333355 -0.91597561503675329 0.083333333333333315 0.11666666666666667 0.25000000000000017 -0.24999999999999994 0.083333333333333315 0.22500000000000003 0.62500000000000011 -0.60355339059327362 -0.60355339059327362 0.025000000000000005 0.083333333333333315 0.10500000000000002 0.055000000000000007 0.75000000000000011 -0.91597561503675329 0.32500000000000007 -0.24999999999999994 -0.91597561503675329 0.95000000000000007 0.25000000000000006 -0.5 0.68301270189221941 0.58333333333333337 0.78953051963513776 0.25000000000000017 0.58333333333333337 0.72500000000000009
decision_type=10 2 10 2 10 10 10 2 10 10 10 2 2 2 10 2 2 10 10 2 10 2 10 8 2 2 10 10 10 2 2 10 10 10 2 10 10 2 2 10 10 10 2 2 10 10 10 10 10 2 10 2 2 10 10 2 2 10 2 2 10 10
left_child=1 3 4 9 11 7 14 12 10 29 16 33 15 59 -3 23 58 39 24 54 57 35 50 -5 47 32 -22 28 -11 30 31 -1 -6 34 46 45 -31 53 -24 43 -21 -23 48 -9 -30 -17 -2 -8 -19 -12 -18 -52 -27 -15 -7 -56 -43 -13 -4 -14 -42 -10
right_child=2 6 8 5 25 19 18 17 61 27 49 20 13 37 -16 21 22 42 -20 40 26 41 38 -25 -26 52 -28 -29 44 36 -32 -33 -34 -35 -36 -37 -38 -39 -40 -41 60 56 -44 -45 -46 -47 -48 -49 -50 -51 51 -53 -54 -55 55 -57 -58 -59 -60 -61 -62 -63
leaf_value=-4.3971869258783609e-05 0.00013103312595330897 -0.00046393243263614551 0.00073797991920526642 7.4647019913312853e-05 0.00014983559924186657 8.6526056576197887e-05 -0.00026220146636478868 -4.6338633844822361e-05 0.0033848525628291022 -2.1260479966950241e-06 0.0015792559504352462 -0.00025989374493877546 -0.00020861256426205088 -4.2987578182424356e-05 -0.00020464243578108491 -4.5195774257005823e-05 0.00016685834035665278 -0.00012016716321277599 9.0604295894139637e-05 0.00018882891495038888 -0.00014071961213632932 3.1538751494212327e-05 0.00100706688293111 -7.7359838663086273e-05 -0.0003270016845977131 0.00071382706621471968 0.00016094290301745678 3.8270693868417345e-05 -0.00028161375225104233 -0.00021388996529494541 -0.00046393243263614551 -0.00027655668349185622 0.00047933273004964895 0.0004620716064775239 -1.1429334606340487e-05 -7.0854471305981448e-05 -0.00046393243263614551 -0.00025611851408517726 0.00056016161374005335 -0.00011539455937257506 -0.00018978529699339457 -2.0495111054649912e-05 -0.00040062173012350141 -0.00020202194615387035 -0.00014891713211112755 -2.3699361537388857e-07 0.00032226804723456805 -5.3239746980295926e-05 -0.00020888583811187264 0.0019992935787133451 0.00046721465222766763 0.00021238449064474085 0.0008669392049191634 -0.00017924312218034363 0.00030866179736095971 0.0001084953841345985 -8.7954840604379905e-05 -0.00017934338032186598 0.0021897412199377224 -0.00015745388613955767 -3.4841498064449269e-05 0.012550989393874251
leaf_weight=97 93 17078 117 633 120 162 109 232 1478 107 1378 117 312 393 81 171 185 370 80 205 92 279 271 144 142 392 100 89 133 80 276 302 203 204 142 342 908 107 156 124 89 101 246 89 141 143 168 84 450 1956 84 184 346 95 205 112 99 83 284 123 113 13071
leaf_count=97 93 17078 117 633 120 162 109 232 1478 107 1378 117 312 393 81 171 185 370 80 205 92 279 271 144 142 392 100 89 133 80 276 302 203 204 142 342 908 107 156 124 89 101 246 89 141 143 168 84 450 1956 84 184 346 95 205 112 99 83 284 123 113 13071
internal_value=-0.000469408 -0.0236723 0.0269117 -0.010847 0.0123144 -0.00710674 -0.0291243 -0.00949035 0.02848 -0.0202015 0.0246512 0.00303 -0.00554536 -0.0116974 -0.0295822 -0.00222687 0.0176209 -0.0171627 -0.0101683 0.00487035 -0.00748092 -0.00557218 0.0144381 0.00266067 -0.0138393 0.0210452 0 -0.00815287 -0.0109162 -0.0235998 -0.0200148 -0.015825 0.0149074 0.00981908 0.00675743 -0.00913242 -0.0260263 -0.00568792 0.0192757 -0.0105605 -0.000661765 -0.0006875 -0.0199063 -0.00773292 -0.0150545 -0.00495238 0.0111069 -0.00757732 -0.0183435 0.0273463 0.00984581 0.0127138 0.0237077 -0.00380368 0.0095625 0.0117925 -0.00567164 -0.0146269 0.0245522 -0.0198853 -0.0053202 0.0296928
internal_weight=46270 25046 21224 7472 2060 5339 17574 4453 19164 2133 4615 999 2942 1030 17159 1912 1281 1511 415 886 392 1135 880 777 335 1061 192 470 381 1663 675 399 323 607 403 656 988 595 427 445 407 479 1066 321 274 314 261 193 820 3334 453 268 738 488 479 317 200 200 401 435 202 14549
internal_count=46270 25046 21224 7472 2060 5339 17574 4453 19164 2133 4615 999 2942 1030 17159 1912 1281 1511 415 886 392 1135 880 777 335 1061 192 470 381 1663 675 399 323 607 403 656 988 595 427 445 407 479 1066 321 274 314 261 193 820 3334 453 268 738 488 479 317 200 200 401 435 202 14549
is_linear=0
shrinkage=0.03


Tree=6
num_leaves=63
num_cat=0
split_feature=0 8 0 6 1 11 7 0 9 1 0 9 8 0 0 2 5 11 1 2 3 3 0 11 6 1 9 9 2 1 2 5 1 5 8 11 8 8 9 8 6 2 8 2 8 0 1 11 6 0 6 8 0 11 2 0 11 2 3 11 11 3
split_gain=32174.1 1994.5 495.817 273.505 234.415 170.933 150.133 134.488 100.758 98.0205 94.9389 88.3812 74.782 67.7588 51.9377 48.634 40.8537 36.7768 25.7333 23.9523 23.5545 20.7199 20.1694 20.1279 15.0789 13.8626 13.8093 13.0926 13.7335 12.7204 10.7891 10.3424 9.81637 9.68648 9.30443 9.06662 8.8867 16.4087 8.46635 9.26491 8.12607 7.70927 7.68504 7.54605 7.03701 6.80668 6.44638 6.24118 6.1572 6.15378 6.15348 6.1445 5.80249 5.77589 4.94436 4.91132 4.67056 4.4488 8.1737 4.34983 4.13517 4.10535
threshold=0.075000000000000025 -0.37940952255126059 0.19500000000000003 0.96010100249940655 0.045000000000000005 0.6830127018922193 1.0000000180025095e-35 0.54500000000000015 0.78656609248549303 0.015000000000000001 0.015000000000000001 0.1294095225512602 0.78656609248549325 0.03500000000000001 0.015000000000000001 0.55000000000000016 0.083333333333333315 -0.24999999999999994 1.0000000180025095e-35 0.65000000000000002 0.95000000000000007 0.8500000000000002 0.12500000000000003 -0.24999999999999994 0.34382695391616697 0.065000000000000016 0.1294095225512602 0.60355339059327384 0.95000000000000007 0.032500000000000008 0.25000000000000006 0.15000000000000005 0.28500000000000009 0.22500000000000003 -0.78656609248549303 0.93301270189221952 -0.60355339059327362 -0.91597561503675329 -0.78656609248549325 -0.91597561503675329 0.40469693966315429 0.8500000000000002 -0.98296291314453399 0.45000000000000007 -0.91597561503675329 0.80500000000000016 0.32500000000000007 1.0000000180025095e-35 0.67077817246640559 0.15500000000000003 0.40469693966315429 0.91597561503675362 0.14500000000000005 -0.24999999999999994 0.45000000000000007 0.39500000000000007 -0.24999999999999994 0.75000000000000011 0.62500000000000011 -0.5 0.25000000000000017 0.8500000000000002
decision_type=10 2 10 2 10 2 10 10 2 10 10 2 2 10 10 10 10 2 10 10 8 10 10 2 2 10 2 2 10 10 10 8 10 10 2 2 2 2 2 2 2 10 2 10 2 10 10 2 2 10 2 2 10 2 10 10 2 10 10 2 2 10
left_child=1 3 6 10 13 8 12 9 14 15 23 33 38 -3 17 -4 36 20 53 34 30 56 -23 27 25 -8 32 28 -1 40 -5 -10 42 -7 54 57 37 -13 -2 52 -12 59 -11 -25 60 46 -9 -21 -43 -27 -29 -15 -40 -16 -19 -28 -14 58 -18 -17 -26 -49
right_child=2 4 7 5 -6 11 24 45 31 26 29 16 21 51 18 41 35 19 -20 47 -22 22 -24 43 44 49 55 50 -30 -31 -32 -33 -34 -35 -36 -37 -38 -39 39 -41 -42 48 -44 -45 -46 -47 -48 61 -50 -51 -52 -53 -54 -55 -56 -57 -58 -59 -60 -61 -62 -63
leaf_value=-3.6289483449073523e-05 0.00067962771878031427 -0.00045001445965706116 0.00017157606640034358 5.7585162128834765e-06 0.00016221937706889199 0.00027160744640271817 7.9533774930310756e-05 0.0019330396937576114 -0.00015354608712696313 0.00073547363765749034 -0.00019738541631757401 -0.00011423257572988181 -0.00024210362602130036 -0.00023875808462645886 0.00033291301646255105 0.00096906240699018431 -0.00012911365114970608 -3.9561414466527941e-05 -6.2224885867611301e-05 -2.2624414273948336e-05 -7.0019452250633015e-05 -0.00016889587523454132 0.00016114872063007299 -0.00021362619932297763 0.00071693219106523599 0.0003300747304773073 0.0011169482164960995 -0.00045001445965706116 -0.00022295062129504809 8.1397437645883502e-05 0.00010349059926779076 -0.00019786304156855513 0.0024655381412224892 -0.00013328313980339075 2.2681078183833456e-05 -0.00030717888495851512 -0.00024734088698338033 -4.554507001909628e-05 0.00021741440884768442 7.6369002602328617e-05 -7.4818096239122087e-05 0.00059720297963985656 0.001310100728976149 -0.00045001445965706116 0.00076648237339211592 0.012662040967344957 0.0039376090763506479 -8.0276386868570777e-05 0.0014291952560165132 0.00062594124103935197 -0.00028178793745468092 -0.00030177523749030591 0.00066435300723418722 0.0004140146431069957 7.8623808558364942e-06 0.00049118798836527994 -0.00012139599485949451 -0.00026351467836950105 -8.1310553552257274e-05 0.00063149830941032394 0.00054906123681444912 -8.6609176069125192e-05
leaf_weight=83 95 17089 385 286 148 149 84 670 575 171 113 163 92 166 217 109 150 305 81 82 164 104 98 130 218 140 258 245 88 92 430 492 1782 200 299 330 165 300 201 209 119 133 947 793 378 12408 1552 169 401 87 235 152 82 161 101 134 95 352 94 210 167 248
leaf_count=83 95 17089 385 286 148 149 84 670 575 171 113 163 92 166 217 109 150 305 81 82 164 104 98 130 218 140 258 245 88 92 430 492 1782 200 299 330 165 300 201 209 119 133 947 793 378 12408 1552 169 401 87 235 152 82 161 101 134 95 352 94 210 167 248
internal_value=-0.00049895 -0.0235799 0.0266692 -0.0105275 -0.0290892 -0.00714363 0.0126377 0.0281697 -0.00330656 0.0236372 -0.0203476 -0.014417 0.00411464 -0.0294089 -5.89623e-05 0.0164165 -0.0174791 -0.00207194 0.00906522 -0.00547718 0.00258797 -0.00607692 0.000591133 -0.0233905 0.0203721 0.0147115 0.0263468 -0.0192791 -0.0120349 -0.00553846 0.00493724 -0.0110393 0.0270734 -0.000771429 -0.00191218 -0.0214887 -0.0115421 -0.009375 0.0108673 0.00924949 -0.00927039 0.0204098 0.0247721 -0.0262662 0.0226571 0.0295715 0.0279352 -0.0105 0.0226542 0.0185526 -0.0218295 -0.0156113 0.0127817 0.0123483 -0.00486486 0.020916 -0.0132447 -0.019196 -0.0159184 0.0165937 0.0196632 -0.0119856
internal_weight=46176 24966 21210 7411 17555 5513 2050 19160 3610 4530 1898 1903 976 17407 2543 1238 1554 2084 459 1204 880 389 202 1574 1074 311 3292 651 171 324 716 1067 2900 349 705 926 628 463 587 492 232 853 1118 923 763 14630 2222 499 534 227 480 318 283 378 406 392 187 596 244 319 385 417
internal_count=46176 24966 21210 7411 17555 5513 2050 19160 3610 4530 1898 1903 976 17407 2543 1238 1554 2084 459 1204 880 389 202 1574 1074 311 3292 651 171 324 716 1067 2900 349 705 926 628 463 587 492 232 853 1118 923 763 14630 2222 499 534 227 480 318 283 378 406 392 187 596 244 319 385 417
is_linear=0
shrinkage=0.03


Tree=7
num_leaves=63
num_cat=0
split_feature=7 9 8 9 11 6 11 9 8 7 9 10 6 10 5 9 11 8 11 9 8 5 11 7 6 5 9 9 11 2 10 6 2 3 2 11 11 9 5 9 7 8 2 10 4 6 6 10 4 3 10 6 8 8 11 6 3 11 11 9 11 2
split_gain=25127 5202.65 1847.26 963.677 459.773 282.818 191.845 110.318 98.1004 97.6319 95.5777 73.6383 63.9357 63.5276 54.8973 52.8613 111.134 52.7626 49.549 45.9918 40.9796 39.0214 36.9106 33.7989 32.9902 31.3857 30.935 30.7978 65.0463 26.4219 24.9882 22.1298 22.1089 21.843 21.9593 18.2456 17.7915 53.1987 17.1814 14.4348 13.5622 13.3529 13.1616 13.146 13.1073 12.8881 12.6506 12.6076 11.7519 11.9649 11.639 15.3908 11.4449 11.3173 10.9793 10.9518 9.81766 9.61441 9.55294 8.46835 7.95234 7.86139
threshold=1.0000000180025095e-35 -0.5 -0.37940952255126059 -0.37940952255126015 1.0000000180025095e-35 0.9919160630702849 0.6830127018922193 -0.5 -0.60355339059327362 0.42964371215321789 0.1294095225512602 -0.6830127018922193 0.76420684332829569 1.0000000180025095e-35 0.55000000000000016 1.0000000180025095e-35 -0.5 0.91597561503675362 -0.24999999999999994 0.1294095225512602 -0.78656609248549303 1.0000000180025095e-35 -0.5 0.063241418093146609 0.69300588406246244 0.083333333333333315 0.1294095225512602 -0.78656609248549325 0.25000000000000017 0.95000000000000007 0.93301270189221952 0.40469693966315429 0.65000000000000002 0.95000000000000007 0.25000000000000006 1.0000000180025095e-35 0.6830127018922193 -0.70710678118654757 0.15000000000000005 0.1294095225512602 0.053902147229731835 -0.60355339059327362 0.8500000000000002 0.25000000000000011 0.14166666666666669 0.46864169028679781 0.71597015982097678 1.0000000180025095e-35 0.083333333333333315 0.083333333333333315 0.68301270189221941 0.68180145234509759 -0.91597561503675329 -0.60355339059327362 0.25000000000000017 0.70439444458987499 0.95000000000000007 -0.5 -0.24999999999999994 -0.12940952255126037 0.93301270189221952 0.65000000000000002
decision_type=10 2 2 2 2 2 2 2 2 10 2 2 2 2 8 2 2 2 2 2 2 8 2 10 2 10 2 2 2 10 2 2 10 8 10 2 2 2 10 2 10 2 10 2 10 2 2 2 10 10 2 2 2 2 2 2 10 2 2 2 2 8
left_child=1 14 5 4 12 20 8 23 18 17 38 -6 -4 -10 36 16 21 24 33 -20 22 -5 29 45 35 41 -24 46 31 -3 44 -29 -21 34 47 40 -1 -38 -8 58 -9 52 53 -40 -13 -2 -16 -7 49 -15 -28 -52 -12 -22 56 -25 -34 -26 -11 -59 -27 -23
right_child=7 2 3 15 11 6 10 9 13 39 25 30 -14 48 27 -17 -18 -19 19 32 42 61 26 55 57 60 50 28 -30 -31 -32 -33 54 -35 -36 -37 37 -39 43 -41 -42 -43 -44 -45 -46 -47 -48 -49 -50 -51 51 -53 -54 -55 -56 -57 -58 59 -60 -61 -62 -63
leaf_value=0.0065383993660328051 0.00065731274389122386 4.1585709336849386e-05 -1.7721371639714092e-05 0.00014532743288711282 0.0001006727706720293 -3.6104196324157762e-05 0.00024476982953131944 9.4137357256755968e-05 -0.00019116332455310352 0.0045883745559234532 -0.00010658820719602119 -0.00033480655293575566 0.00087166234854656102 -0.00016625343090108293 0.0005212349663307849 -0.00043651402586734932 -0.00043651402586734932 -1.9193786892461541e-05 0.0011494774478832887 -8.2027939794868448e-06 -0.00022743970963510251 -0.00014752145350501798 -0.0001922662175312599 0.0031826713436212757 0.0013658788218348374 -0.00016767354141323777 -0.00026386412000920168 0.00046548963439366583 -3.0578888712918338e-05 -0.00019816389134783583 -0.0001060758883415868 0.0021761427715370363 -1.1906999588737269e-05 -4.2740675273796916e-05 0.0001654502484178881 2.6643027643425444e-05 0.0068731122290012492 0.00035155651709908495 -0.00023095406931891667 0.0012208087391110572 0.00048906492214569964 -0.0002478816743381233 -0.00043651402586734932 0.00038346205077900621 -0.00043651402586734932 0.0019742691164177611 0.0030643679962016738 0.00012518819020662783 -0.00017277878669495663 7.6080787492547941e-05 -0.00033014136301250428 -9.0522120945357162e-05 -5.7902433961293897e-05 -0.00044052242182414446 -0.00010705693703012282 0.013199213229608263 -7.2809734574730593e-05 0.0015570717520909038 0.0030345708328140338 0.00055550417018542821 -0.00025233234402520407 -0.00027534971614965638
leaf_weight=1027 282 142 138 95 102 151 143 82 433 1582 167 155 459 163 134 15410 1134 118 98 819 245 119 166 1758 420 563 341 93 216 92 132 229 183 183 578 111 375 180 148 455 342 159 541 89 431 187 367 278 327 122 131 127 304 260 271 10489 104 384 1122 177 312 186
leaf_count=1027 282 142 138 95 102 151 143 82 433 1582 167 155 459 163 134 15410 1134 118 98 819 245 119 166 1758 420 563 341 93 216 92 132 229 183 183 578 111 375 180 148 455 342 159 541 89 431 187 367 278 327 122 131 127 304 260 271 10489 104 384 1122 177 312 186
internal_value=-0.000639253 -0.0179562 -0.0220172 -0.0271751 -0.00340621 -0.00961916 -0.00612759 0.0276682 -0.00216653 0.0237735 -0.0139183 -0.0179781 0.0166054 -0.0099522 0.0223227 -0.0291626 -0.0238046 0.0177982 0.000888972 -0.00278455 -0.0191642 -0.0101746 -0.01479 0.0291342 0.0193013 -0.0173108 -0.0179765 0.0169327 0.0119109 -0.00434043 -0.021363 0.0204334 -0.00420174 0.00544081 0.00717262 0.0132649 0.0258497 0.0214209 -0.000472441 0.0268576 0.0160941 -0.0121712 -0.0233238 -0.00542017 -0.0240204 0.0211277 0.0222908 0.00202326 -0.00371941 0.000734266 -0.02115 -0.0162162 -0.00959746 -0.0197431 -0.00880143 0.0294391 -0.0046875 0.0225764 0.0277043 0.019911 -0.0209932 -0.0153922
internal_weight=46131 28622 26001 18361 1417 7640 5595 17509 3710 4793 1885 820 597 1045 2621 16944 1534 1634 2665 1475 2045 400 999 12716 1516 1505 765 1039 538 234 718 322 1377 1190 1007 535 1582 555 380 3159 424 630 1046 237 586 469 501 429 612 285 599 258 471 505 558 12247 287 981 2704 561 875 305
internal_count=46131 28622 26001 18361 1417 7640 5595 17509 3710 4793 1885 820 597 1045 2621 16944 1534 1634 2665 1475 2045 400 999 12716 1516 1505 765 1039 538 234 718 322 1377 1190 1007 535 1582 555 380 3159 424 630 1046 237 586 469 501 429 612 285 599 258 471 505 558 12247 287 981 2704 561 875 305
is_linear=0
shrinkage=0.03


Tree=8
num_leaves=63
num_cat=0
split_feature=0 0 0 1 9 9 6 9 1 1 9 0 0 0 6 11 2 9 1 9 11 9 9 11 4 1 9 6 4 1 9 9 11 6 0 6 10 9 9 9 10 11 3 5 2 4 0 3 6 10 10 4 10 0 11 0 1 0 10 1 11 9
split_gain=31324.5 814.836 468.695 236.522 169.268 158.085 111.541 84.3595 80.6834 68.0102 64.3259 49.2859 42.2067 41.1933 37.3716 35.2534 31.9651 31.3943 31.1292 29.402 27.9371 23.2077 25.5282 22.6374 22.6009 22.379 19.2214 19.1039 19.0264 18.1244 16.282 90.597 25.1011 20.0506 15.5195 14.603 14.1576 13.343 13.0405 28.0897 26.1127 13.9017 13.2595 12.4687 11.9353 11.4553 10.3523 12.666 10.1294 9.5385 9.02796 8.89557 8.80936 8.58422 8.47206 8.35174 8.01501 8.17999 7.49428 7.31417 6.75314 10.4439
threshold=0.095000000000000015 0.015000000000000001 0.54500000000000015 0.072500000000000023 0.91597561503675351 0.37940952255126048 0.9919160630702849 0.1294095225512602 0.045000000000000005 0.025000000000000005 -0.70710678118654757 1.0000000180025095e-35 0.03500000000000001 0.19500000000000003 0.97587888928342192 0.6830127018922193 0.55000000000000016 -0.12940952255126037 1.0000000180025095e-35 -0.12940952255126037 0.25000000000000017 -0.12940952255126037 -0.5 0.6830127018922193 0.68285714285714294 0.015000000000000001 -0.37940952255126015 0.20408539105479609 0.8583333333333335 0.70500000000000007 0.25881904510252057 0.1294095225512602 0.6830127018922193 0.96010100249940655 0.115 0.89949949310841004 0.68301270189221941 0.78656609248549303 0.60355339059327384 0.78656609248549303 1.0000000180025095e-35 -0.68301270189221952 0.95000000000000007 0.15000000000000005 0.8500000000000002 0.37222222222222229 0.12500000000000003 0.8500000000000002 0.9919160630702849 0.25000000000000011 0.25000000000000011 0.083333333333333315 0.68301270189221941 0.042500000000000003 -0.24999999999999994 1.0850000000000002 0.20500000000000004 0.24500000000000002 0.93301270189221952 0.58500000000000008 0.25000000000000017 -0.70710678118654757
decision_type=10 10 10 10 2 2 2 2 10 8 2 8 10 10 2 2 10 2 10 2 2 2 2 2 10 10 2 2 10 10 2 2 2 2 10 2 2 2 2 2 2 2 10 10 10 10 10 10 2 2 2 10 2 10 2 10 10 10 2 10 2 2
left_child=1 4 3 10 5 9 44 8 12 30 27 15 23 19 53 38 -15 34 -16 25 56 22 -14 -3 37 28 -25 -2 46 35 31 -1 33 -33 -5 55 -21 43 41 42 -41 -8 -40 -17 -7 -24 -12 -48 59 -47 -23 -34 -35 -9 -18 -4 57 -19 -43 60 -36 -62
right_child=2 7 29 17 -6 6 11 14 -10 -11 13 -13 21 16 18 24 54 20 -20 36 -22 50 45 26 -26 -27 -28 -29 -30 -31 -32 32 51 52 48 -37 -38 -39 39 40 -42 58 -44 -45 -46 49 47 -49 -50 -51 -52 -53 -54 -55 -56 -57 -58 -59 -60 -61 61 -63
leaf_value=-0.00042341860509132888 0.00031618876064775053 -0.00035234891662587996 0.0019247860971248669 0.00032435251744540995 -0.00042341860509132888 -0.00042341860509132888 -0.00042341860509132888 -0.00014936771814432623 0.00010097100621726366 -1.4689275814535573e-05 -0.0002142459252457075 6.7247534104874601e-05 5.7112711977265818e-06 0.00015406146161774795 0.00030006669867724549 -0.00029239844016479245 0.00084348279706618204 0.00044789958573822255 -4.5952484079203964e-05 0.00011612839249106308 0.00023980553254855256 -0.000200539279054179 -0.00030389214255711075 -0.00033702214992027647 -0.00042341860509132888 0.00036333425044707637 -0.00024251989222487979 0.0015170613307822205 0.00018071878841574983 0.012864559283357833 -0.00042341860509132888 -0.00025632381329641007 -0.00010813504583163744 -0.00010792516736432937 0.00099832946471380027 0.004451540942624883 0.0006471277146657819 -0.00042341860509132888 -0.00029938775389110582 -0.00042341860509132888 -0.00042341860509132888 -0.00042341860509132888 -0.00042341860509132888 -0.00042341860509132888 -0.00042341860509132888 -0.00010344136745107533 -0.00012737515126112311 8.028859689740363e-05 0.0022283995752776196 -0.00024457562656331807 0.00027621226180051813 -0.00016561318675015153 -4.9999502785095554e-06 -2.7446474473181992e-06 0.00053331553506872893 0.0040438187792890276 0.0014857701240119973 0.00026256390777736711 -0.00042395411158287818 0.0026966866462705295 0.0012038716153045207 0.00058352334451601594
leaf_weight=3430 98 303 550 84 5798 1319 390 133 314 86 111 87 117 402 388 527 318 165 92 151 134 111 181 84 790 81 148 378 99 10975 1903 86 111 143 752 3026 126 487 1721 854 1182 1025 310 442 1726 125 121 106 1302 93 101 363 104 105 316 232 694 82 254 301 206 163
leaf_count=3430 98 303 550 84 5798 1319 390 133 314 86 111 87 117 402 388 527 318 165 92 151 134 111 181 84 790 81 148 378 99 10975 1903 86 111 143 752 3026 126 487 1721 854 1182 1025 310 442 1726 125 121 106 1302 93 101 363 104 105 316 232 694 82 254 301 206 163
internal_value=-0.000773159 -0.0231552 0.0263684 0.0194314 -0.0248464 -0.0233585 -0.0212092 -0.00610192 -0.00998099 -0.0271913 0.0118154 -0.0193569 -0.0133623 0.00925218 0.00242003 -0.0196017 0.0131919 0.0239521 0.00723493 0.00410804 0.0195446 -0.00864198 -0.0120696 -0.0197575 -0.0228037 -0.000115607 -0.012618 0.0216352 -0.00280822 0.0292715 -0.0275623 -0.026496 -0.0174134 -0.0110479 0.0256319 0.0274403 0.0119784 -0.0205491 -0.0183441 -0.0174115 -0.0199116 -0.0206048 -0.0148967 -0.0184639 -0.0261097 -0.015675 -0.00619469 -0.0025 0.0260257 -0.0109589 -0.00028169 -0.0218526 -0.00665323 -0.00728033 0.0173858 0.0236782 0.0213694 0.0165726 -0.0190547 0.0242024 0.0230214 0.0195405
internal_weight=46406 25433 20973 6190 23138 17340 11114 2295 1577 6226 2307 8069 1263 1831 718 7982 1036 3883 480 795 1075 728 516 535 2246 518 232 476 437 14783 6140 4237 807 333 2808 3808 277 1456 5736 4067 2036 1669 2031 969 3045 399 338 227 2724 218 212 474 247 238 634 782 941 247 1279 1422 1121 369
internal_count=46406 25433 20973 6190 23138 17340 11114 2295 1577 6226 2307 8069 1263 1831 718 7982 1036 3883 480 795 1075 728 516 535 2246 518 232 476 437 14783 6140 4237 807 333 2808 3808 277 1456 5736 4067 2036 1669 2031 969 3045 399 338 227 2724 218 212 474 247 238 634 782 941 247 1279 1422 1121 369
is_linear=0
shrinkage=0.03


Tree=9
num_leaves=63
num_cat=0
split_feature=7 9 8 9 11 1 6 11 1 8 9 8 10 3 6 9 11 10 8 2 11 9 11 8 10 9 5 2 9 5 5 6 11 1 5 11 10 9 11 9 10 11 11 10 6 10 11 3 10 2 10 2 10 10 8 8 6 6 11 5 5 7
split_gain=24050.7 5170.31 1949.91 892.788 441.817 407.42 281.697 181.724 104.506 89.294 79.8272 69.6072 65.9073 59.7757 55.9262 53.6204 129.751 50.4234 49.1308 51.2747 47.4766 42.3134 41.4574 96.008 33.28 32.5912 31.3463 28.3923 27.1282 24.8844 23.5915 23.3528 21.3204 20.9214 20.3795 17.1936 16.3769 15.413 19.5436 14.4799 13.2393 13.1768 13.0426 22.8276 12.6367 11.8047 11.4007 11.3616 19.0765 11.2341 11.1798 11.1776 10.5469 10.2664 9.96039 17.0637 9.34186 9.1636 11.0812 8.89506 7.71359 7.69186
threshold=1.0000000180025095e-35 -0.5 -0.37940952255126059 -0.37940952255126015 1.0000000180025095e-35 0.30300000000000005 0.9919160630702849 0.6830127018922193 0.072500000000000023 -0.60355339059327362 0.1294095225512602 0.60355339059327384 -0.6830127018922193 0.95000000000000007 0.70439444458987499 1.0000000180025095e-35 -0.68301270189221952 1.0000000180025095e-35 -0.60355339059327362 0.75000000000000011 -0.24999999999999994 0.1294095225512602 0.6830127018922193 0.60355339059327384 -0.24999999999999994 -0.12940952255126037 0.083333333333333315 0.95000000000000007 0.1294095225512602 1.0000000180025095e-35 0.71666666666666667 0.97587888928342192 0.6830127018922193 0.53500000000000014 0.22500000000000003 0.25000000000000017 0.25000000000000011 0.1294095225512602 1.0000000180025095e-35 -0.12940952255126037 0.25000000000000011 0.25000000000000017 -0.24999999999999994 0.25000000000000011 0.34947725814255531 -0.5 1.0000000180025095e-35 0.35000000000000003 1.0000000180025095e-35 1.0000000180025095e-35 1.0000000180025095e-35 0.95000000000000007 0.68301270189221941 0.25000000000000011 -0.91597561503675329 -0.60355339059327362 0.40469693966315429 0.96010100249940655 0.25000000000000017 0.15000000000000005 0.63333333333333341 0.29797672650722185
decision_type=10 2 2 2 2 10 2 2 10 2 2 2 2 8 2 2 2 2 2 10 2 2 2 2 2 2 10 10 2 10 8 2 2 10 10 2 2 2 2 2 2 2 2 2 2 2 2 10 2 10 2 10 2 2 2 2 2 2 2 10 10 10
left_child=1 13 6 4 14 8 18 9 11 20 40 31 -6 22 -4 16 27 -11 19 42 30 33 -1 -24 -25 57 54 -5 -22 -30 47 39 56 -7 52 50 -34 -21 44 53 59 -19 -3 -44 -39 -16 -18 48 -8 -23 -27 -49 -14 -2 -12 -56 -15 58 -10 -9 -58 -59
right_child=5 2 3 15 12 21 7 10 25 17 26 -13 34 32 45 -17 46 41 -20 37 28 49 23 24 -26 35 -28 -29 29 -31 -32 -33 36 -35 -36 -37 -38 38 -40 -41 -42 -43 43 -45 -46 -47 -48 51 -50 -51 -52 -53 -54 -55 55 -57 60 61 -60 -61 -62 -63
leaf_value=0.0060314044849038408 0.00020664475804152508 -2.6315584952048206e-05 -2.0853007968672927e-05 -8.72909998388835e-06 6.6759802586393682e-05 0.0020781384959150397 -2.6039437817699828e-05 0.00011234148177223991 0.00081215672033809047 -0.00017471028893482085 -0.00010952740208079273 -7.9198600442562813e-05 -0.00032684622357724943 0.0003545783799175135 0.0005014533808933066 -0.00041071604693858896 -0.0003076029176896385 -6.4584947514720889e-05 -0.00041071604693858896 -0.00024507397543971934 0.0009130201729342192 0.00017572254917353326 0.005220840122415648 0.0012504063097324937 -5.4395338310462595e-05 0.0002901279445451166 -0.0001983066860504108 -0.00027240643059650029 5.5011971985695697e-06 -5.2350390962176748e-05 -3.6552700403831435e-05 0.00095310219937768282 0.00058288618997813697 0.011099688390346498 -0.00041071604693858896 0.0001607669536590514 -7.9532718734701607e-05 -0.00028327285976196767 -0.00041669158213362506 1.6979572072099298e-05 0.00017068435536573095 -0.00022542873319734508 -0.00015987560574456318 -4.6109471486554079e-05 -0.00014441642778071075 0.00094433143124090179 -0.00041071604693858896 0.00020138828797106493 0.0001543959648607225 0.0014134673414424751 0.00064762707134562777 1.298757371575792e-05 -0.00012658667930118755 0.00062936521917127217 -4.0863435467079942e-05 -0.00021788177509071509 0.00095240774217208405 0.0021146842622694335 0.00061909779771149157 -0.00021723077579672887 0.0015423896680011057 0.00058167723414994483
leaf_weight=1208 89 207 130 216 102 1739 157 97 673 422 164 200 168 180 143 15260 299 486 516 133 100 88 562 80 177 222 890 89 697 700 191 140 91 12410 420 107 88 230 452 141 128 116 173 106 220 317 955 468 292 223 312 104 133 97 300 156 91 430 300 147 192 318
leaf_count=1208 89 207 130 216 102 1739 157 97 673 422 164 200 168 180 143 15260 299 486 516 133 100 88 562 80 177 222 890 89 697 700 191 140 91 12410 420 107 88 230 452 141 128 116 173 106 220 317 955 468 292 223 312 104 133 97 300 156 91 430 300 147 192 318
internal_value=-0.000768847 -0.017738 -0.0218374 -0.0271716 -0.0042645 0.0269348 -0.00912583 -0.00565705 0.0169208 -0.00182378 -0.0132554 0.00642216 -0.0184587 0.0220112 0.015533 -0.0290957 -0.02375 -0.00936585 -0.0186801 -0.0159461 0.00102952 0.0290312 0.0245414 0.0192805 0.00406977 0.0198815 -0.0163203 -0.00617647 -0.00254339 -0.00362661 0.00544106 0.0127564 0.0139969 0.0292728 -0.0216482 0.0140654 0.00516667 -0.0197201 -0.0211296 0.00832317 -0.00080429 -0.00378109 -0.00788501 -0.0121071 -0.0166297 0.0204338 -0.0280159 0.00725049 0.00366667 0.0179808 0.0162617 0.0100524 -0.015596 0.0137968 -0.0111111 -0.0087965 0.0173922 0.0220383 0.0200513 -0.00489796 0.0208099 0.0245928
internal_weight=46042 28553 25884 18232 1413 17489 7652 5615 3029 3733 1882 667 823 2669 590 16819 1559 1024 2037 1521 2709 14460 2027 819 257 2362 1510 305 1497 1397 1212 467 642 14149 721 641 179 1035 902 327 372 602 486 279 450 460 1254 1021 449 311 534 572 301 186 620 456 463 1721 973 244 283 748
internal_count=46042 28553 25884 18232 1413 17489 7652 5615 3029 3733 1882 667 823 2669 590 16819 1559 1024 2037 1521 2709 14460 2027 819 257 2362 1510 305 1497 1397 1212 467 642 14149 721 641 179 1035 902 327 372 602 486 279 450 460 1254 1021 449 311 534 572 301 186 620 456 463 1721 973 244 283 748
is_linear=0
shrinkage=0.03


Tree=10
num_leaves=63
num_cat=0
split_feature=0 8 0 1 6 1 11 0 0 0 9 9 8 0 8 0 4 11 8 1 4 11 9 9 1 11 8 8 4 11 3 4 0 8 3 4 3 6 1 3 8 6 5 5 0 6 1 9 0 8 0 4 11 8 6 4 9 11 0 11 3 6
split_gain=29953.7 2217.25 713.405 259.845 253.908 185.885 150.9 94.977 85.6454 80.7076 80.5001 78.1527 54.3935 54.2439 45.5254 36.2783 35.8435 33.4504 36.5755 32.9915 27.9553 30.8344 27.6373 24.2969 24.1054 23.4086 26.228 23.2131 23.2119 17.8152 14.8371 14.5594 13.7242 12.6697 12.5393 12.3337 11.9872 11.8252 10.6695 10.5857 10.4712 10.0895 9.63554 9.18312 8.81282 8.71929 8.42814 7.49803 9.12452 7.07011 6.90709 6.55254 6.36478 7.5194 6.35555 8.84476 6.3507 6.32093 6.31433 6.29099 6.07153 6.05735
threshold=0.075000000000000025 -0.37940952255126059 0.48500000000000004 0.095000000000000015 0.9919160630702849 0.045000000000000005 0.6830127018922193 0.14500000000000005 0.015000000000000001 0.03500000000000001 0.78656609248549303 0.1294095225512602 0.60355339059327384 0.83500000000000008 0.60355339059327384 0.015000000000000001 0.083333333333333315 -0.5 0.91597561503675362 0.39500000000000007 0.9125000000000002 -0.24999999999999994 0.1294095225512602 -0.12940952255126037 0.33500000000000008 -0.5 -0.60355339059327362 -0.78656609248549303 0.78333333333333355 0.25000000000000017 0.8500000000000002 0.083333333333333315 0.18500000000000003 -0.60355339059327362 0.95000000000000007 0.78333333333333355 0.35000000000000003 0.75185124348285037 0.032500000000000008 0.8500000000000002 -0.60355339059327362 0.94457821059868363 1.0000000180025095e-35 0.15000000000000005 0.21500000000000002 0.7767654897855063 0.14500000000000005 -0.5 0.63500000000000012 0.91597561503675362 0.115 0.78333333333333355 0.93301270189221952 -0.91597561503675329 0.258523892747272 0.58333333333333337 0.60355339059327384 1.0000000180025095e-35 0.23500000000000001 0.93301270189221952 0.083333333333333315 0.38229330116778887
decision_type=10 2 10 10 2 10 2 10 10 10 2 2 2 10 2 10 10 2 2 10 8 2 2 2 10 2 2 2 10 2 10 10 10 2 10 10 10 2 10 10 2 2 10 10 10 2 10 2 10 2 10 10 2 2 2 10 2 2 10 2 10 2
left_child=1 4 3 7 8 9 10 14 25 -3 15 43 35 22 54 20 40 18 -14 23 21 -6 24 32 37 26 30 42 50 36 -1 -27 46 51 -17 -9 -25 -4 39 -10 -13 -26 60 -8 -19 -38 -5 -39 -49 -11 -16 52 53 -18 -2 -56 -32 -48 -20 -45 -23 -33
right_child=2 5 13 19 6 -7 11 12 38 49 -12 16 17 -15 28 34 33 44 58 -21 -22 27 -24 29 41 31 -28 -29 -30 -31 56 61 -34 -35 -36 -37 45 47 -40 -41 -42 -43 -44 59 -46 -47 57 48 -50 -51 -52 -53 -54 -55 55 -57 -58 -59 -60 -61 -62 -63
leaf_value=-7.5607335884502609e-07 1.2688264425067211e-05 -0.00039839456553043129 0.00098553833116776964 0.00045385992750649113 6.0419832803780688e-05 8.6046318679697088e-05 0.00038236773950433721 0.00071475476973530919 7.8822237455188066e-06 -0.00022491164454618235 -0.0001430321746675055 -4.0093041850190018e-05 0.00095540742115989518 0.011441215816540869 -0.0001630918727137895 0.00034016809700186321 -0.00010814330817499828 -2.213893933648337e-05 3.0974183065177877e-06 0.0020481585528336465 -0.00014437461175169486 -2.8354647090084657e-05 0.00034953229256663531 0.00022019806061652651 0.0022422698656927478 -0.00018261579343417994 -0.00031917509064660805 1.9360945441710893e-05 6.7100655642902401e-05 0.00015259469998904458 -0.0001096645586521122 -0.00040378800347035972 0.0011418593401350372 -0.00042856888308955265 -4.439883232858571e-05 0.001038596037987879 0.00025630419717623883 0.0024772041357803915 5.4285768761574879e-05 -0.00017243299372451769 -0.00018194470002866534 0.003581669159597011 -5.5467790919203479e-05 0.0001078446461150855 0.00020589454816964697 0.0010043481208718264 0.00047509076866528811 0.0005017360003220342 0.00092763782869537451 -0.00028554729074970825 -8.0138035676577412e-05 -0.00021594911252911762 -0.00019174435133147014 -6.6453280876920188e-05 0.00014028418086910538 0.00056439459853718094 -0.00026023932005495612 0.00020400266569134683 0.00023491371167775639 -0.0001523162584698334 7.4057359994468547e-06 -0.00032053744563932977
leaf_weight=89 108 16991 210 151 813 158 109 373 85 179 1037 342 243 12236 194 360 96 158 97 1119 121 191 110 116 593 142 220 434 139 118 100 364 1118 256 82 326 117 543 108 182 117 1411 321 118 429 326 99 120 120 159 110 285 191 221 211 166 171 108 96 104 153 669
leaf_count=89 108 16991 210 151 813 158 109 373 85 179 1037 342 243 12236 194 360 96 158 97 1119 121 191 110 116 593 142 220 434 139 118 100 364 1118 256 82 326 117 543 108 182 117 1411 321 118 429 326 99 120 120 159 110 285 191 221 211 166 171 108 96 104 153 669
internal_value=-0.000844184 -0.0231287 0.0253207 0.0164714 -0.0094587 -0.0289759 -0.00596973 0.00948321 -0.0182168 -0.0292712 -0.0023228 -0.0129293 0.0136506 0.028735 0.00174381 0.000617932 -0.015825 0.00922852 0.0155149 0.0221265 -0.0010767 -0.000188186 0.0251641 0.0199304 0.0257071 -0.0209966 -0.0160069 -0.00346364 -0.0052027 0.015177 -0.0109695 -0.0234439 0.0220988 -0.0188857 0.00839729 0.0201 0.0174107 0.0218209 -0.00518617 -0.00839552 -0.00880435 0.0276209 -0.00698198 0.000271084 0.00454082 0.0196622 0.0168802 0.0235332 0.0189212 -0.0146903 -0.00983607 -0.0169647 -0.0148527 -0.0121698 0.00808642 0.00992063 -0.0144485 0.0128365 0.00572165 -0.0032287 -0.00347826 -0.0246905
internal_weight=46233 24968 21265 5922 7481 17487 5351 2650 2130 17329 3512 1839 1722 15343 928 2475 1508 1023 436 3272 2033 1912 3107 2153 2997 1755 580 1099 443 677 360 1175 1476 1049 442 699 559 993 375 267 459 2004 665 331 587 443 358 783 240 338 304 793 508 317 485 377 271 207 193 222 344 1033
internal_count=46233 24968 21265 5922 7481 17487 5351 2650 2130 17329 3512 1839 1722 15343 928 2475 1508 1023 436 3272 2033 1912 3107 2153 2997 1755 580 1099 443 677 360 1175 1476 1049 442 699 559 993 375 267 459 2004 665 331 587 443 358 783 240 338 304 793 508 317 485 377 271 207 193 222 344 1033
is_linear=0
shrinkage=0.03


Tree=11
num_leaves=63
num_cat=0
split_feature=0 8 0 0 6 7 0 0 2 1 1 4 1 8 10 0 0 10 0 8 8 2 8 2 6 1 7 10 0 4 6 8 8 0 4 1 2 10 1 8 2 5 3 2 3 0 4 5 1 5 1 4 5 4 2 10 6 3 5 8 0 6
split_gain=29561.1 2337.17 513.506 362.805 218.961 175.579 138.512 107.215 65.649 60.3666 49.8561 47.4814 39.4668 35.1582 44.3527 32.4426 31.3428 28.9244 26.7079 25.1367 23.4422 24.3386 22.8642 21.7239 18.3883 18.024 75.3151 19.1922 17.2744 13.3975 13.0092 12.9307 12.7914 21.8039 12.6955 12.4419 20.7676 12.3957 10.7217 10.3781 13.0824 10.2941 9.94038 9.44817 9.27248 8.85488 8.63893 8.79466 8.1536 8.02396 7.96504 7.83862 13.4117 7.55673 14.4385 7.47665 7.33158 6.84322 6.46593 6.44394 6.44292 6.16634
threshold=0.10500000000000002 -0.37940952255126059 0.63500000000000012 0.042500000000000003 0.9919160630702849 1.0000000180025095e-35 1.0000000180025095e-35 1.0000000180025095e-35 0.65000000000000002 0.032500000000000008 0.35500000000000004 0.81666666666666676 1.0000000180025095e-35 -0.60355339059327362 1.0000000180025095e-35 0.19500000000000003 0.075000000000000025 -0.24999999999999994 0.97500000000000009 0.78656609248549325 -0.60355339059327362 0.8500000000000002 -0.91597561503675329 0.25000000000000006 0.75185124348285037 1.0000000180025095e-35 1.0000000180025095e-35 1.0000000180025095e-35 0.17500000000000002 0.37222222222222229 0.59844731329174716 -0.91597561503675329 -0.91597561503675329 0.19500000000000003 0.78333333333333355 0.032500000000000008 0.75000000000000011 1.0000000180025095e-35 0.22400000000000003 -0.91597561503675329 1.0000000180025095e-35 0.15000000000000005 0.62500000000000011 1.0000000180025095e-35 0.8500000000000002 0.025000000000000005 0.8583333333333335 0.63333333333333341 0.18500000000000003 0.15000000000000005 0.20500000000000004 0.29285714285714293 0.083333333333333315 0.083333333333333315 1.0000000180025095e-35 -0.24999999999999994 0.23251122184542691 0.8500000000000002 0.083333333333333315 -0.25881904510252113 0.37500000000000006 0.34947725814255531
decision_type=10 2 10 10 2 10 10 10 10 10 10 8 10 2 2 10 10 2 10 2 2 10 2 10 2 10 10 2 10 10 2 2 2 10 10 10 10 2 10 2 10 10 10 10 10 10 10 10 10 10 10 10 10 10 10 2 2 10 10 2 10 2
left_child=1 4 5 9 6 8 20 11 32 45 17 13 19 22 55 46 35 23 24 -5 21 30 -6 -7 38 27 -27 31 -19 43 -1 41 -2 -34 60 36 -8 -13 -4 40 -12 -9 -29 58 -39 59 47 -10 -25 -32 -26 52 -35 54 -16 -15 -30 -45 -24 -3 -17 -23
right_child=2 3 18 12 7 10 16 25 15 -11 39 37 -14 14 53 34 -18 28 -20 -21 -22 61 29 48 50 26 -28 42 56 -31 49 -33 33 51 -36 -37 -38 44 -40 -41 -42 -43 -44 57 -46 -47 -48 -49 -50 -51 -52 -53 -54 -55 -56 -57 -58 -59 -60 -61 -62 -63
leaf_value=-0.00025647768011599609 0.00080746757220602787 -0.00038644272856451836 0.0010038536295762966 3.5041253975753099e-05 -8.1335557459261945e-05 9.9072463488547973e-05 1.7308136806273125e-05 0.00012806609927911271 0.0002793407047043115 -0.00011375945331866876 0.00053112592514656994 -0.00025907854014838754 6.9795917558763661e-05 -0.00016217492845321395 -0.00015321788218343314 0.0003201643746002368 0.00013941306712938719 0.00048773883878279044 0.011820361642595943 -0.00024583216370925896 -0.0003887784421612514 -0.00039207719456550553 -1.5643614777529556e-05 0.0003712067364407374 0.0021667422322017723 -0.00011693981781455937 0.00054910358914109887 0.00043781769958032413 0.00054845431775165233 -4.8895388553497616e-05 -3.7160472141788343e-05 0.00012995452290374875 -0.00012193964928939968 0.00018777470685318211 0.0012977859491304436 1.4841611847089055e-05 -0.00020632754583745251 -0.00028611347005135803 0.0021026212168301067 0.0023352883972829839 0.0018494488924013276 -0.00016570134668992805 0.00013737049973732359 1.1210177821119977e-05 -8.5536174964488158e-05 -0.00030543252969039811 0.00033429441638710932 -2.1474771156388822e-05 0.00083592957392760337 -0.00014475570461086804 0.0039247977000126172 0.00034228264558593368 -7.0537103136216058e-05 -0.0001750563800146407 7.3047665603968203e-05 -0.00027302186489545167 0.0012692426804365034 -4.697568284607028e-05 -4.430659649138571e-05 -0.00038644272856451836 0.0013055744731896228 -0.00027039275176726313
leaf_weight=206 180 1926 80 106 494 141 105 139 132 101 125 281 211 513 213 218 126 364 11092 313 535 279 481 361 617 87 102 216 297 656 93 129 129 185 420 101 260 123 343 1360 745 163 187 702 243 229 144 110 403 157 1670 173 139 318 110 90 945 178 100 14955 209 394
leaf_count=206 180 1926 80 106 494 141 105 139 132 101 125 281 211 513 213 218 126 364 11092 313 535 279 481 361 617 87 102 216 297 656 93 129 129 185 420 101 260 123 343 1360 745 163 187 702 243 229 144 110 403 157 1670 173 139 318 110 90 945 178 100 14955 209 394
internal_value=-0.00106222 -0.0225688 0.0257105 -0.0285523 -0.00884734 0.0189441 -0.0167213 -0.00562975 0.0115735 -0.0293708 0.0221109 -0.00762159 -0.00618067 -0.00635633 -0.010506 0.0159238 -0.00424958 0.0191919 0.0290328 -0.0115 -0.0211532 -0.0186637 -0.00437596 0.0148675 0.026315 0.00313477 -0.00521053 0.00502994 0.0216179 -0.003017 -0.0132604 0.000625 0.00490706 0.00287081 0.0192099 -0.00783726 -0.0104098 -0.0151389 0.0204481 0.0253877 0.0227325 -0.00277228 0.00972772 -0.00141587 -0.0114441 -0.0295073 0.00868217 0.00518519 0.0168627 -0.00860558 0.0273907 0.00572289 0.00295385 -0.005 -0.00175926 -0.0163411 0.0233146 0.000544835 -0.00438144 -0.0295895 0.0154907 -0.0222997
internal_weight=46204 25622 20582 17841 7781 6780 2256 5525 2039 17211 4741 4502 630 3855 1244 1233 592 2511 13802 419 1664 1129 2611 905 2710 1023 189 834 1606 2117 456 431 806 626 847 466 365 647 423 2230 870 302 403 1461 366 17110 386 242 764 250 2287 497 324 641 323 603 1242 880 581 16881 427 673
internal_count=46204 25622 20582 17841 7781 6780 2256 5525 2039 17211 4741 4502 630 3855 1244 1233 592 2511 13802 419 1664 1129 2611 905 2710 1023 189 834 1606 2117 456 431 806 626 847 466 365 647 423 2230 870 302 403 1461 366 17110 386 242 764 250 2287 497 324 641 323 603 1242 880 581 16881 427 673
is_linear=0
shrinkage=0.03


Tree=12
num_leaves=63
num_cat=0
split_feature=0 8 0 0 6 1 0 0 9 4 9 0 1 9 1 10 0 8 8 8 1 7 1 6 10 6 4 8 6 8 5 0 7 3 3 6 1 9 10 8 3 1 5 10 4 4 9 4 10 0 10 10 10 0 5 10 5 10 8 5 3 8
split_gain=29040.6 2333.13 615.391 267.164 210.328 192.659 116.291 114.339 58.2262 50.2241 50.2216 48.6513 43.5041 41.3019 40.3445 37.0841 36.6934 29.8791 28.8669 27.4934 26.8151 52.0441 24.6193 23.9103 23.2689 22.771 22.2368 21.784 19.7306 19.5319 19.2788 18.6593 18.4584 17.3729 15.0226 14.1448 13.3444 18.5302 13.2563 13.5821 12.9458 11.8496 11.3744 11.3583 9.69162 9.54397 9.33373 12.8386 8.91976 8.88849 8.28848 7.89577 7.70862 7.30928 7.02743 6.93581 6.67002 6.36953 9.4781 8.71489 22.6384 6.32687
threshold=0.095000000000000015 -0.37940952255126059 0.56500000000000006 0.03500000000000001 0.9919160630702849 0.072500000000000023 0.03500000000000001 1.0000000180025095e-35 -0.70710678118654757 0.75833333333333341 -0.12940952255126037 1.0550000000000004 0.025000000000000005 0.78656609248549303 0.025000000000000005 1.0000000180025095e-35 0.18500000000000003 -0.70710678118654735 -0.91597561503675329 -0.91597561503675329 1.0000000180025095e-35 0.012233807188218654 0.21500000000000002 0.20078576419566965 1.0000000180025095e-35 0.97587888928342192 0.64166666666666683 -0.91597561503675329 0.56988722470830055 0.78656609248549325 0.15000000000000005 0.21500000000000002 0.34875897435897446 0.8500000000000002 0.95000000000000007 0.94457821059868363 0.35500000000000004 -0.5 0.68301270189221941 -0.60355339059327362 0.8500000000000002 0.15500000000000003 0.63333333333333341 0.25000000000000011 0.96250000000000002 0.37222222222222229 -0.12940952255126037 0.083333333333333315 -0.5 0.34500000000000003 -0.5 0.68301270189221941 -0.6830127018922193 0.12500000000000003 0.15000000000000005 1.0000000180025095e-35 0.15000000000000005 0.93301270189221952 -0.78656609248549303 0.083333333333333315 0.35000000000000003 -1.0000000180025095e-35
decision_type=10 2 10 10 2 10 10 10 2 8 2 10 10 2 10 2 10 2 2 2 10 10 10 2 2 2 10 2 2 2 10 10 10 10 10 2 10 2 2 2 10 10 10 2 10 10 2 10 2 10 2 2 2 10 10 2 10 2 2 10 10 2
left_child=1 4 5 14 6 8 17 9 23 13 31 25 29 18 61 50 19 28 -6 43 24 -22 32 -2 27 41 46 54 52 -5 -30 -7 -12 45 57 -33 37 -27 39 40 -11 -4 -26 -10 -40 -21 47 -18 49 -24 -15 -49 -1 -35 -9 -42 -39 59 -59 60 -20 -3
right_child=2 3 11 12 7 10 -8 20 16 38 22 -13 -14 15 -16 -17 26 -19 34 33 21 -23 48 -25 42 36 -28 -29 30 -31 -32 35 -34 53 -36 -37 -38 56 44 -41 55 -43 -44 -45 -46 -47 -48 51 -50 -51 -52 -53 -54 -55 -56 -57 -58 58 -60 -61 -62 -63
leaf_value=-0.00017392376344528654 0.00021263755029011423 -0.00037484944670758283 0.0012666880157687405 -5.4795152290028244e-05 -8.4841064878273282e-05 0.00053777287758176274 6.0397283828362254e-06 9.1363032554782925e-05 6.9277555305269752e-05 -0.00018908008379741286 0.00031305425548020237 0.011949232445403482 2.841820534661841e-05 -0.00015057800461398127 -0.00011949198128577399 -0.00013734967377732749 5.9240042539948583e-05 -0.00037711508889641385 -1.283234662084555e-05 -0.00016491295371659937 -0.00011859780138515183 0.00041643280912651774 0.0014122294871304814 0.0012911189685419744 0.00042705746464982789 0.0028307358523041145 0.00068202485066586949 0.00012605588721663626 -3.5196368112224479e-05 -0.00026950629263708002 -0.00021687823144789212 0.0011923775699000565 -5.0885827472587489e-07 -4.2665314200274508e-05 -7.9999300307463227e-05 0.0021966343255697424 0.0040828834230492656 0.00082335475355106594 -2.7449699499276503e-05 -0.00029163626528551394 -0.00010945465524814998 0.0021671876241540766 8.6708543002679602e-05 0.0007491729047395477 -0.00013491838748438476 -1.0478008440399435e-05 0.0008662871671594693 0.00044817020901475875 0.0012788037972549537 0.0002155220042755272 -0.00022531005638431524 0.00018450902549228986 -0.00030025682916228944 0.00012877343741824531 -0.00015656093323820482 -3.8211493556845889e-05 0.0005002719176488723 -2.9664940537160801e-05 2.266024391352329e-05 -2.6575691527209108e-05 9.6177946495975276e-05 -0.00037484944670758283
leaf_weight=189 97 1921 183 108 431 609 300 123 130 236 206 10559 202 376 102 559 274 547 671 123 88 82 91 382 302 618 304 131 131 337 577 1042 128 93 186 1266 1890 131 182 191 133 925 82 176 89 87 98 331 557 84 176 89 478 154 155 86 133 91 80 666 241 15018
leaf_count=189 97 1921 183 108 431 609 300 123 130 236 206 10559 202 376 102 559 274 547 671 123 88 82 91 382 302 618 304 131 131 337 577 1042 128 93 186 1266 1890 131 182 191 133 925 82 176 89 87 98 331 557 84 176 89 478 154 155 86 133 91 80 666 241 15018
internal_value=-0.00114257 -0.0227422 0.0251462 -0.0287094 -0.00881398 0.0173347 -0.0165722 -0.00559351 0.0104917 -0.00764505 0.0213479 0.0285644 -0.00976852 -0.00599482 -0.0294279 -0.0107644 0.00808065 -0.0192824 -0.00375158 0.00302356 0.00376556 -0.00701754 0.0157451 0.0198125 0.00608312 0.0256635 0.0115953 0.00109756 -0.0168968 -0.015 -0.0133709 0.0233893 0.00895522 -0.00163755 -0.00218492 0.024634 0.0271331 0.0239864 -0.0138889 -0.0162287 -0.0133553 0.0219657 0.0113766 0.00996743 -0.00827206 -0.00796209 0.00892812 0.00768345 0.0188267 0.0127841 -0.0162749 0.0109739 -0.0206138 0.00375 -0.00365591 -0.00804545 0.0172075 -0.00132 -0.00680233 -0.000721976 0.00118291 -0.0295413
internal_weight=46027 25267 20760 17688 7579 6321 2222 5357 2338 4394 3983 14439 647 3477 17041 1111 1859 1922 2366 763 963 170 1066 479 793 3880 1096 409 1375 445 708 2917 334 457 1935 2308 2772 882 917 646 455 1108 384 306 271 210 792 694 732 175 552 420 667 247 278 219 264 1749 171 1578 912 16939
internal_count=46027 25267 20760 17688 7579 6321 2222 5357 2338 4394 3983 14439 647 3477 17041 1111 1859 1922 2366 763 963 170 1066 479 793 3880 1096 409 1375 445 708 2917 334 457 1935 2308 2772 882 917 646 455 1108 384 306 271 210 792 694 732 175 552 420 667 247 278 219 264 1749 171 1578 912 16939
is_linear=0
shrinkage=0.03


Tree=13
num_leaves=63
num_cat=0
split_feature=0 8 0 1 6 0 11 9 0 0 9 0 2 9 10 8 11 1 1 2 2 1 9 5 1 2 2 6 6 11 2 8 11 8 8 8 6 6 5 11 8 8 10 10 6 10 8 11 6 10 2 9 1 0 7 1 5 0 0 11 5 10
split_gain=28419.6 2325.51 769.647 276.288 219.082 170.64 134.362 88.4148 86.3517 80.5799 75.8892 61.745 50.9678 47.2433 44.4697 42.9362 33.0961 32.4989 30.2826 27.8609 27.5794 27.4411 24.1815 23.6992 23.5731 22.7002 17.315 16.4023 16.2827 16.1697 15.064 12.3842 15.4186 11.9576 11.9287 11.0134 10.989 10.9527 10.8598 10.5855 10.1641 13.3399 10.0766 9.7272 11.0484 9.461 9.36189 13.4292 12.0959 9.0857 12.5351 17.645 14.1808 8.83567 8.68124 12.5053 8.64682 8.57836 8.27594 10.297 8.01981 7.74854
threshold=0.075000000000000025 -0.37940952255126059 0.55500000000000016 0.082500000000000018 0.96010100249940655 0.03500000000000001 0.6830127018922193 0.1294095225512602 0.15500000000000003 0.015000000000000001 0.78656609248549303 1.175 0.75000000000000011 -0.37940952255126015 1.0000000180025095e-35 0.60355339059327384 -0.24999999999999994 0.025000000000000005 0.63500000000000012 0.75000000000000011 0.55000000000000016 0.025000000000000005 -0.5 1.0000000180025095e-35 0.22400000000000003 1.0000000180025095e-35 0.25000000000000006 0.91428148076137306 0.96010100249940655 0.25000000000000017 0.95000000000000007 -0.60355339059327362 1.0000000180025095e-35 -0.60355339059327362 0.60355339059327384 -1.0000000180025095e-35 0.50843556410305413 0.9919160630702849 0.35000000000000003 0.93301270189221952 -0.91597561503675329 -0.60355339059327362 0.25000000000000011 1.0000000180025095e-35 0.81569335171151025 0.25000000000000011 0.60355339059327384 -0.24999999999999994 0.23251122184542691 0.25000000000000011 0.75000000000000011 -0.12940952255126037 0.20500000000000004 0.115 0.38008497914863493 0.51500000000000012 0.083333333333333315 0.29500000000000004 0.27500000000000008 -0.24999999999999994 0.22500000000000003 0.93301270189221952
decision_type=10 2 10 10 2 10 2 2 10 10 2 10 10 2 2 2 2 10 10 10 10 10 2 10 10 10 10 2 2 2 10 2 2 2 2 2 2 2 10 2 2 2 2 2 2 2 2 2 2 2 10 2 10 10 10 10 10 10 10 2 10 2
left_child=1 4 3 8 9 17 10 60 15 20 16 18 34 28 -12 -2 25 35 22 39 33 -7 27 -18 26 45 -15 -4 -5 42 -27 32 36 -1 -10 -3 -22 -20 -17 40 -9 -42 -16 54 -45 -6 48 -48 -14 50 51 52 -24 -40 -26 -56 -41 -49 -36 -60 -8 -44
right_child=2 5 11 13 6 21 7 19 12 -11 14 -13 46 24 29 38 23 -19 37 -21 31 -23 49 -25 43 30 -28 -29 -30 -31 -32 -33 -34 -35 58 -37 -38 -39 53 56 41 -43 61 44 -46 -47 47 57 -50 -51 -52 -53 -54 -55 55 -57 -58 -59 59 -61 -62 -63
leaf_value=-9.079622001017821e-05 0.00024290941193755173 -0.00036360396330635536 0.0016213886637854195 0.0010069660416848225 -8.790145533658026e-05 -0.00025811693550842162 0.00024134948913882346 -8.6146588714009425e-05 0.0011127976827744754 -7.4377701855649116e-05 -0.00015688407490033586 0.012168242225505124 0.0003333384750743828 2.9863820580998572e-05 -0.00011639072110528215 -0.0001678993672494258 9.7559328913080456e-06 -0.0001210166634638207 0.0026374314301428683 -0.00025049162939812339 -0.00024556321648318144 -1.2220846527327688e-06 0.0003891586051329364 -4.6300680598478949e-05 0.0012255124890270831 0.00012143240558503715 0.00045198022705618683 0.0029911697319165774 0.0023446587290760807 -0.00020414190895560143 -1.3833595852509907e-05 -0.00036580163622952145 -0.00037130717385367172 -0.00032140014101050623 -9.3634524275448824e-06 -0.00036360396330635536 -0.00015019797337502048 0.0045888916813703164 -0.00010558017594992888 -0.00011611599364011411 -1.8758822576975775e-05 -0.00017841794623659352 5.4480308138397556e-05 0.00086312174031293433 0.0012884022023133307 4.1095001446786252e-05 0.00072362240531965668 1.1333186346946764e-05 0.0011549083941420743 0.0011285187541874673 0.0011091565124389726 6.3934552564751457e-05 0.0016616060704224723 5.5815524798056079e-05 0.00064756807004460147 0.0017928786427697263 -0.00015624900739469221 0.000640159123011179 0.00039674732368237748 9.3247942099326567e-05 -7.1341122206232676e-05 -0.00017279874884831227
leaf_weight=184 502 1924 430 1132 105 309 164 156 158 318 447 9744 120 101 111 168 652 103 681 624 269 146 121 749 83 721 549 1115 911 122 175 370 466 110 207 15050 151 1810 180 179 303 157 239 99 598 179 267 105 399 232 110 96 85 139 355 141 117 84 138 238 205 136
leaf_count=184 502 1924 430 1132 105 309 164 156 158 318 447 9744 120 101 111 168 652 103 681 624 269 146 121 749 83 721 549 1115 911 122 175 370 466 110 207 15050 151 1810 180 179 303 157 239 99 598 179 267 105 399 232 110 96 85 139 355 141 117 84 138 238 205 136
internal_value=-0.00125304 -0.0229312 0.0243737 0.0159461 -0.00883806 -0.0288861 -0.00584085 -0.0122928 0.00854767 -0.0177207 -0.00245807 0.0282718 0.012615 0.0209849 -0.00923295 0.00148485 0.00031371 -0.0293694 0.0254176 -0.0154587 -0.0205416 -0.0107237 0.0228082 -0.00280314 0.0175921 0.00401355 0.0129032 0.0248577 0.0241732 -0.00394089 0.00635452 -0.0224821 -0.0204961 -0.0122034 0.00667116 -0.0294716 -0.016247 0.0277006 -0.00485656 -0.012092 -0.00982172 -0.00754881 -0.00147844 0.0199687 0.0223926 -0.00336842 0.0171209 0.0139168 0.0199038 0.0178605 0.015109 0.0118812 0.0168116 -0.00159375 0.0170172 0.0154527 -0.0167677 0.00773684 0.00467466 0.00732095 0.000891892 0.00087766
internal_weight=46039 24941 21098 6674 7409 17532 5541 1905 2705 1868 3636 14424 1716 3969 1055 989 2581 17077 4680 1536 1550 455 2189 1401 1926 1180 650 1545 2043 608 896 1256 886 294 741 16974 420 2491 487 912 616 460 486 1276 697 284 975 456 519 644 412 302 206 319 579 496 296 189 583 376 369 375
internal_count=46039 24941 21098 6674 7409 17532 5541 1905 2705 1868 3636 14424 1716 3969 1055 989 2581 17077 4680 1536 1550 455 2189 1401 1926 1180 650 1545 2043 608 896 1256 886 294 741 16974 420 2491 487 912 616 460 486 1276 697 284 975 456 519 644 412 302 206 319 579 496 296 189 583 376 369 375
is_linear=0
shrinkage=0.03


Tree=14
num_leaves=63
num_cat=0
split_feature=0 8 0 0 1 6 11 0 0 2 1 8 0 10 1 1 2 3 8 8 11 6 11 0 6 11 7 11 10 2 1 8 2 8 6 8 2 0 8 10 8 8 10 8 8 10 2 0 0 11 8 0 2 8 11 0 6 7 1 10 3 10
split_gain=28113.7 2376.56 719.265 230.269 226.217 202.484 124.483 88.3011 79.9235 81.7172 57.0561 56.3441 55.2013 43.6306 42.2773 36.2478 30.8653 29.4211 26.127 25.5758 40.2408 25.475 23.8113 28.0512 22.638 21.581 20.4349 19.3744 21.3213 18.9608 17.6916 17.5135 15.8503 15.6885 15.5939 15.574 14.1197 12.2726 11.7819 11.6481 11.6273 11.6059 13.2918 11.4118 11.3254 10.8903 10.5053 10.1584 10.0218 9.49585 9.47841 9.20818 8.98377 8.96721 15.5203 14.0335 11.802 9.43157 8.59449 8.1105 7.94169 7.9042
threshold=0.085000000000000006 -0.37940952255126059 0.6150000000000001 0.03500000000000001 0.17500000000000002 0.9919160630702849 0.6830127018922193 1.0000000180025095e-35 0.15500000000000003 0.55000000000000016 0.7350000000000001 -0.60355339059327362 1.0000000180025095e-35 1.0000000180025095e-35 0.025000000000000005 0.025000000000000005 0.25000000000000006 0.95000000000000007 0.60355339059327384 -0.60355339059327362 -0.24999999999999994 0.91428148076137306 -0.24999999999999994 0.03500000000000001 0.94457821059868363 0.25000000000000017 0.10532972397266356 -0.5 1.0000000180025095e-35 0.8500000000000002 0.065000000000000016 0.78656609248549325 1.0000000180025095e-35 0.91597561503675362 0.21090423132313618 -0.91597561503675329 0.65000000000000002 1.0000000180025095e-35 -1.0000000180025095e-35 -0.24999999999999994 -0.70710678118654735 0.37940952255126054 1.0000000180025095e-35 -0.78656609248549303 -0.78656609248549303 0.25000000000000011 0.45000000000000007 0.19500000000000003 0.115 -0.24999999999999994 -0.91597561503675329 0.025000000000000005 1.0000000180025095e-35 0.37940952255126054 -0.5 0.24500000000000002 0.20408539105479609 0.091204575153859033 0.32500000000000007 0.25000000000000011 0.95000000000000007 0.25000000000000011
decision_type=10 2 10 10 10 2 2 10 10 10 10 2 10 2 10 10 10 8 2 2 2 2 2 10 2 2 10 2 2 10 10 2 10 2 2 2 10 10 2 2 2 2 2 2 2 2 10 10 10 2 2 10 10 2 2 10 2 10 10 2 10 2
left_child=1 5 4 14 8 7 11 19 18 41 21 17 29 -13 38 31 27 22 39 20 34 58 32 44 40 -15 48 28 -6 -8 36 -5 59 53 -1 61 -9 -19 -3 -2 49 42 -10 -36 -24 -43 -22 -26 -20 -18 -49 -38 -47 56 -55 -56 -11 -58 -4 -7 -37 -23
right_child=2 3 10 15 16 6 12 30 9 33 -12 13 -14 25 -16 -17 24 37 26 -21 46 35 23 -25 47 -27 -28 -29 -30 -31 -32 -33 -34 -35 43 60 51 -39 -40 -41 -42 45 -44 -45 -46 52 -48 50 -50 -51 -52 -53 -54 54 55 -57 57 -59 -60 -61 -62 -63
leaf_value=-0.00024704727251417471 3.8154150193508307e-05 -0.00035269584440716467 0.0015188878875399552 -8.9302816329401733e-05 -3.7344440586805707e-05 -5.7527636694352717e-05 -9.382426442116258e-05 6.0216474661112777e-05 6.4751170348345785e-05 0.00039624512651421521 0.01096340425687382 -0.00015227573387886445 -2.57532468357443e-05 3.6269532868134048e-06 -0.00010504791934101068 3.4170591077650712e-05 0.00083506093270172303 -8.783337674230437e-05 -0.00016185234950185002 -0.00035482758714263583 -0.00011636062748142444 0.00098312050632042014 -2.7270394833356427e-05 0.00081488696555592061 0.00088353334338150871 -0.00020024330378560432 0.00014851132930371151 0.0016340277220584151 0.00057731229985422182 -0.00021343979314409427 0.00023301604603940249 -0.00025740136851817261 0.00012078648038298174 0.00010536190759061893 2.9883231305827297e-05 0.0046868036286434123 -0.00019301087770970759 3.8666971704986655e-06 -0.00035269584440716467 0.00032239865866571599 0.0010916279083062013 0.00013134871703010618 0.0012278634904040121 -0.00011445811119406122 1.9028474118956207e-05 8.0138354540340361e-05 -0.00027479035939983407 0.0016611155897283741 -1.2699292121820007e-06 0.00037330373413251656 0.0024023543217834074 -7.8627563324125443e-05 -8.3538278581833165e-05 0.00088205055109209557 0.0001568537753174705 0.00082826264792978054 0.0013693229135285571 0.0007431402401457583 0.0018794753038998318 4.7049659250472798e-05 0.0022292566003143128 0.0033040473019298644
leaf_weight=171 188 1956 291 96 99 97 1060 92 87 197 10571 436 313 476 108 175 298 293 155 526 93 186 657 104 200 121 87 240 139 467 80 294 647 92 82 1991 162 133 15042 395 844 257 100 163 405 91 622 737 190 131 866 188 102 298 198 451 375 156 430 168 362 129
leaf_count=171 188 1956 291 96 99 97 1060 92 87 197 10571 436 313 476 108 175 298 293 155 526 93 186 657 104 200 121 87 240 139 467 80 294 647 92 82 1991 162 133 15042 395 844 257 100 163 405 91 622 737 190 131 866 188 102 298 198 451 375 156 430 168 362 129
internal_value=-0.00132319 -0.0226498 0.024378 -0.0286708 0.0165056 -0.00856689 -0.00543882 -0.0162798 0.0109912 0.0139709 0.0283089 -0.00214528 -0.0117653 -0.00803675 -0.0292933 -0.00980565 0.0218059 0.000287425 0.00392717 -0.0196683 -0.0170936 0.0248938 0.00176046 -0.00107969 0.0229119 -0.0027592 -0.00166282 0.0146555 0.00853556 -0.0141165 -0.00550669 -0.0148849 0.00538883 0.0172907 -0.00964029 0.026257 -0.00785553 -0.00688525 -0.0294123 0.00806507 0.0198038 0.00474922 0.0110106 -0.0047561 -0.00253998 0.0021286 -0.0214106 0.0250942 -0.0049422 0.0156977 0.025904 -0.0105983 -0.00324742 0.0179535 0.015981 0.0133385 0.0204938 0.0228383 0.0198199 -0.000789474 0.0271071 0.0198418
internal_weight=46160 25227 20933 17671 6973 7556 5377 2179 3419 2404 13960 3537 1840 1033 17106 565 3554 2504 1015 1657 1131 3389 2078 1166 3076 597 432 478 238 1527 522 390 912 1767 416 2668 442 426 16998 583 1273 637 187 245 1062 450 715 1803 345 429 1603 350 193 1675 947 649 728 531 721 265 2353 315
internal_count=46160 25227 20933 17671 6973 7556 5377 2179 3419 2404 13960 3537 1840 1033 17106 565 3554 2504 1015 1657 1131 3389 2078 1166 3076 597 432 478 238 1527 522 390 912 1767 416 2668 442 426 16998 583 1273 637 187 245 1062 450 715 1803 345 429 1603 350 193 1675 947 649 728 531 721 265 2353 315
is_linear=0
shrinkage=0.03


Tree=15
num_leaves=63
num_cat=0
split_feature=0 0 0 9 9 7 6 1 7 9 0 0 1 2 6 4 9 3 11 9 1 9 11 9 9 0 4 1 2 6 9 1 11 6 2 4 2 9 6 5 11 5 6 4 0 5 1 9 9 2 9 9 6 2 11 5 6 4 11 4 7 11
split_gain=27652.1 863.529 621.8 185.955 193.446 160.866 103.722 78.6108 69.1233 67.5979 69.9252 57.4667 50.042 41.93 37.2083 36.0549 30.9277 30.8777 28.3682 30.3569 28.2422 27.7844 24.8258 23.0195 133.409 21.3146 21.0955 20.3722 19.6803 18.4115 18.0744 18.0328 17.3816 16.2259 16.0237 15.4868 15.1926 14.1302 13.9729 13.4273 12.9194 12.2239 11.8447 10.5826 10.408 10.313 13.2335 10.1621 8.61128 15.6496 8.23306 8.1327 12.2591 7.7146 8.30746 7.41447 7.25229 7.01228 6.9237 8.60112 6.87371 15.0183
threshold=0.10500000000000002 0.015000000000000001 0.6150000000000001 0.91597561503675351 0.37940952255126048 1.0000000180025095e-35 0.96010100249940655 1.0250000000000001 0.019447123111539701 0.1294095225512602 0.042500000000000003 0.19500000000000003 0.50500000000000012 0.55000000000000016 0.97587888928342192 0.083333333333333315 -0.12940952255126037 0.75000000000000011 -0.68301270189221952 -0.12940952255126037 0.015000000000000001 -0.5 0.93301270189221952 0.25881904510252057 0.1294095225512602 0.21500000000000002 0.8583333333333335 0.40500000000000008 0.25000000000000006 0.28508521001753639 -0.12940952255126037 0.025000000000000005 0.6830127018922193 0.92930638923935771 0.55000000000000016 0.78333333333333355 0.25000000000000006 0.78656609248549303 0.91428148076137306 0.15000000000000005 -0.9330127018922193 0.55000000000000016 0.40469693966315429 0.8583333333333335 1.425 0.45000000000000007 0.34500000000000003 -0.12940952255126037 0.1294095225512602 0.35000000000000003 -0.5 -0.70710678118654757 0.9919160630702849 0.15000000000000005 -0.5 0.15000000000000005 0.7767654897855063 0.083333333333333315 0.6830127018922193 0.68285714285714294 0.33236032509254937 0.93301270189221952
decision_type=10 10 10 2 2 10 2 10 8 2 10 10 10 10 2 8 2 10 2 2 10 2 2 2 2 10 10 10 10 2 2 10 2 2 10 10 10 2 2 10 2 8 2 10 10 10 10 2 2 10 2 2 2 10 2 10 2 10 2 10 10 2
left_child=1 3 5 4 8 11 34 14 23 10 18 26 16 53 44 36 25 -11 -3 31 30 -16 37 24 -1 51 48 39 -18 -30 35 -20 33 -26 -6 -12 55 41 -27 -23 -31 58 -19 -15 45 -4 -47 -29 49 -2 -37 -7 56 -13 -55 -8 -53 -34 -17 -60 -40 -62
right_child=2 9 7 -5 6 12 15 -9 -10 17 20 13 -14 43 21 22 28 42 19 -21 -22 27 -24 -25 32 38 -28 47 29 40 -32 -33 57 -35 -36 50 -38 -39 60 -41 -42 -43 -44 -45 -46 46 -48 -49 -50 -51 -52 52 -54 54 -56 -57 -58 -59 59 -61 61 -63
leaf_value=-0.00034211496907494976 -0.00017044470847696357 -0.00027144069259660904 0.0022363521028915473 -0.00034211496907494976 -0.00034211496907494976 0.000544072831151249 -0.00026329103969187606 0.011664809154215352 4.0004914561828088e-06 0.00012458867645093476 -0.00020783932054436056 0.00025391677812911363 0.0022033568732873821 0.0005988329646918817 0.0048144080801907083 -0.00034211496907494976 0.0003018115764120557 -0.0001366190114181729 -0.00034665757810530272 -0.00017558266665987704 7.6301687805330906e-05 0.00077843654164965305 -0.00034211496907494976 -0.00034211496907494976 -0.00019991409386093016 0.00079165399319601796 0.00028403743931120547 0.0026997833188296926 0.00010485422579273714 0.0009300103844224947 0.00020070583037391416 -7.1920542974592618e-05 -7.4069024086947306e-05 -6.520940417552682e-05 -0.00034211496907494976 0.00011289458897518132 -0.00023732976423439665 -0.00034211496907494976 0.0018028470345102447 0.00027690691918993521 0.00081001128172254581 -0.00034211496907494976 -1.3505206709881964e-05 0.0013493936318194669 0.0033025970588443699 0.00094311422974002507 0.0016293201227645371 0.0016198746100716645 0.00019934005949843138 1.4884111052885766e-05 -0.00016872673753736783 0.00026014219542880372 0.00052206706554711036 0.00020364988727247487 -4.1576182643374562e-05 -0.00034211496907494976 6.6225067908780818e-06 -0.0001322721274969765 -0.00025646180409003363 -0.00034211496907494976 0.0011186597413583774 0.00091832860539628621
leaf_weight=3327 90 157 192 5776 470 174 2013 9424 83 400 256 169 1272 648 2497 1257 232 105 294 226 344 128 628 1927 80 760 150 360 98 96 142 89 119 261 2270 80 945 1561 497 129 519 1299 257 286 243 246 500 318 99 290 101 162 221 89 179 343 80 345 291 153 371 100
leaf_count=3327 90 157 192 5776 470 174 2013 9424 83 400 256 169 1272 648 2497 1257 232 105 294 226 344 128 628 1927 80 760 150 360 98 96 142 89 119 261 2270 80 945 1561 497 129 519 1299 257 286 243 246 500 318 99 290 101 162 221 89 179 343 80 345 291 153 371 100
internal_value=-0.00148121 -0.0223066 0.0243739 -0.0240995 -0.0225453 0.0167614 -0.0201994 0.027942 -0.0268305 -0.00537113 -0.00871598 0.00965517 0.0198604 0.0130977 0.0247139 -0.0185561 0.017904 0.00204456 -0.0154107 -0.0124426 -0.00314935 0.0263035 -0.0201214 -0.027203 -0.0259134 0.0197422 0.00214286 0.0218269 0.0132875 0.0157563 -0.00718966 -0.0175781 -0.0149256 -0.00973684 -0.0252827 -0.0102055 -0.0160902 -0.0193402 0.0214806 0.0145349 0.0176786 -0.018114 -0.00429752 0.0166845 0.0200761 0.0185942 0.0169478 0.0245655 -0.0009375 -0.00299213 -0.00346154 0.015 0.0128664 0.00541096 0.00223048 -0.0173865 0.00814815 -0.0187097 -0.0164101 -0.0196854 0.0239009 0.0211653
internal_weight=46218 25599 20619 23148 17372 6582 11230 14037 6142 2451 1689 2000 4582 1371 4613 8490 3310 762 766 609 923 3432 5189 6059 4132 2365 629 935 945 713 579 383 805 341 2740 437 3301 4561 1728 257 615 3000 362 934 1181 938 746 678 479 380 181 637 463 437 268 2356 242 464 1701 444 968 471
internal_count=46218 25599 20619 23148 17372 6582 11230 14037 6142 2451 1689 2000 4582 1371 4613 8490 3310 762 766 609 923 3432 5189 6059 4132 2365 629 935 945 713 579 383 805 341 2740 437 3301 4561 1728 257 615 3000 362 934 1181 938 746 678 479 380 181 637 463 437 268 2356 242 464 1701 444 968 471
is_linear=0
shrinkage=0.03


Tree=16
num_leaves=63
num_cat=0
split_feature=0 8 0 0 6 1 11 0 0 9 2 0 9 1 1 6 4 2 2 1 11 2 8 11 7 11 8 8 9 1 4 9 0 2 5 8 8 0 8 5 6 1 5 1 4 6 6 4 11 0 8 8 11 7 11 5 1 5 0 8 1 11
split_gain=26952.4 2567.54 699.508 313.679 194.874 186.879 113.025 111.301 90.182 72.3399 60.1049 60.6027 55.4746 53.885 40.9626 35.535 32.8008 27.4439 27.1752 26.4731 23.011 26.3459 22.9807 20.4578 20.3397 19.4862 20.9308 17.0808 16.7504 16.716 15.6144 15.5606 14.525 17.3494 14.1653 14.0788 14.0084 13.2981 13.2522 15.4897 13.1973 12.7995 12.7284 14.2618 12.0813 13.3757 11.76 11.7178 13.523 11.6476 11.4615 11.2875 19.3966 10.6799 10.036 8.92453 8.71502 8.35898 7.46289 7.17537 6.91682 6.7534
threshold=0.095000000000000015 -0.37940952255126059 0.64500000000000013 0.03500000000000001 0.9919160630702849 0.17500000000000002 0.6830127018922193 1.0000000180025095e-35 1.2650000000000003 0.78656609248549303 0.55000000000000016 0.21500000000000002 0.1294095225512602 0.032500000000000008 0.64500000000000013 0.96010100249940655 0.083333333333333315 0.35000000000000003 0.55000000000000016 0.025000000000000005 -0.24999999999999994 1.0000000180025095e-35 0.37940952255126054 -0.5 0.047700308792458977 -0.24999999999999994 -0.60355339059327362 -1.0000000180025095e-35 -0.12940952255126037 0.42500000000000004 0.8583333333333335 -0.12940952255126037 0.055000000000000007 0.75000000000000011 0.22500000000000003 0.78656609248549325 -0.60355339059327362 0.18500000000000003 0.78656609248549325 0.083333333333333315 0.57925250616066515 0.072500000000000023 0.45000000000000007 0.34500000000000003 0.8583333333333335 0.48028905381356918 0.92930638923935771 0.29285714285714293 1.0000000180025095e-35 0.025000000000000005 -0.78656609248549303 0.91597561503675362 1.0000000180025095e-35 0.34430745608092855 0.25000000000000017 0.63333333333333341 0.36500000000000005 0.15000000000000005 0.025000000000000005 -0.60355339059327362 1.635 -0.24999999999999994
decision_type=10 2 10 10 2 10 2 10 10 2 10 10 2 8 10 2 10 10 10 10 2 10 2 2 10 2 2 2 2 10 10 2 10 10 10 2 2 10 2 10 2 10 10 10 10 2 2 10 2 10 2 2 2 10 2 10 10 10 10 2 10 2
left_child=1 4 5 13 7 10 9 18 15 20 47 22 -8 27 17 42 -14 23 57 35 21 -6 31 56 32 26 40 -3 29 38 -23 -12 33 -9 -30 -5 -18 54 -17 -40 -20 51 -4 -44 -13 -46 -39 -2 -49 50 -22 52 -24 -48 -19 -52 -7 -1 -29 -27 -45 -11
right_child=2 3 8 19 6 14 12 24 -10 61 11 44 16 -15 -16 28 36 37 25 -21 49 30 41 -25 -26 59 -28 58 34 -31 -32 -33 -34 -35 -36 -37 -38 46 39 -41 -42 -43 43 60 45 -47 53 48 -50 -51 55 -53 -54 -55 -56 -57 -58 -59 -60 -61 -62 -63
leaf_value=-7.908391391541664e-05 4.4834593810638144e-05 -0.00033185152000270125 0.0028837122143305603 -2.4076111747645122e-05 -2.4833327226359661e-05 4.3089696236156476e-05 2.5183979126577015e-06 7.7168717872291495e-06 0.011634845262508204 -0.0001140430534822878 0.00046191551527110971 0.0006392517415721808 -5.6355553602319556e-05 -9.7822356507152805e-05 0.0027066412059213035 0.0027999692376766538 -0.00011654830458703106 0.00063296985059821962 -0.00022717205316344482 2.8943463403938117e-05 -2.1813221608092956e-05 0.00013114111547361248 0.00029127558322408602 0.0017043248252446978 8.1379085462819081e-05 -0.00034166079878381804 -0.00033396018110588995 -0.00033185152000270125 0.0023790464149207255 0.0045804048035177373 -3.9045855088477127e-05 0.00021953201370907818 1.6961651712856623e-05 -0.00019347891371669038 0.00089043063719954096 -0.00023760831260290433 -0.00037693053497715669 0.00081806033502443605 0.00080564990620412115 0.00022788199460057091 -5.6092830474541265e-05 0.00020116278686812151 0.00094861531329513526 0.001601377012932669 0.00059639794140312454 0.001636072699495646 0.0018643402231135859 0.00047446285421834117 0.00010471924564053914 0.00038684640702118459 3.5863011114884294e-05 -8.8895372161818014e-05 -5.3326389451032598e-06 0.0012538247435013312 0.0004548937595197173 -5.237935441307111e-05 0.00050471898140059699 -0.00015890867163234897 -0.00024566771412190709 -0.00033391931045610826 0.0054000961511749355 -0.00014185042398777499
leaf_weight=143 663 1916 231 104 293 125 348 95 9250 555 305 863 443 81 879 819 777 145 192 202 745 751 139 285 133 594 214 15005 283 2008 109 266 106 240 158 332 261 824 119 84 127 81 206 541 115 343 527 96 107 183 376 107 246 699 113 94 147 160 134 204 91 454
leaf_count=143 663 1916 231 104 293 125 348 95 9250 555 305 863 443 81 879 819 777 145 192 202 745 751 139 285 133 594 214 15005 283 2008 109 266 106 240 158 332 261 824 119 84 127 81 206 541 115 343 527 96 107 183 376 107 246 699 113 94 147 160 134 204 91 454
internal_value=-0.00145208 -0.0222233 0.0238048 -0.0284624 -0.00762437 0.016132 -0.00454731 -0.015129 0.0277398 -0.00143218 0.0109574 0.0133455 -0.0106066 -0.0292315 0.0207316 0.024259 -0.0131377 0.0189777 -0.0191193 -0.00779343 0.00125784 0.00439341 0.00827948 0.012957 -0.00375652 -0.0209685 -0.0164607 -0.0293474 0.0257402 0.0265457 0.00703833 0.012535 -0.0068552 -0.00991071 0.0201584 -0.0119451 -0.0160539 0.0204244 0.0233431 0.0163235 -0.0115312 0.00402439 0.0194299 0.0176639 0.0177231 0.0216993 0.0212384 0.00415225 0.0104412 -0.00132952 -0.00239309 0.00219067 0.00458549 0.0231296 0.0138996 0.00127389 0.00703297 -0.0109539 -0.0296929 -0.0239549 0.0199052 -0.00822772
internal_weight=46236 25371 20865 17774 7597 7075 5389 2208 13790 3560 3331 2465 1829 17136 3744 4540 1481 2865 1634 638 2551 1153 1144 557 574 1331 533 17055 3471 3030 860 571 441 335 441 436 1038 2308 1022 203 319 573 1069 838 1321 458 2050 866 203 1398 1215 492 385 1226 258 470 272 303 15139 798 632 1009
internal_count=46236 25371 20865 17774 7597 7075 5389 2208 13790 3560 3331 2465 1829 17136 3744 4540 1481 2865 1634 638 2551 1153 1144 557 574 1331 533 17055 3471 3030 860 571 441 335 441 436 1038 2308 1022 203 319 573 1069 838 1321 458 2050 866 203 1398 1215 492 385 1226 258 470 272 303 15139 798 632 1009
is_linear=0
shrinkage=0.03


Tree=17
num_leaves=63
num_cat=0
split_feature=0 8 0 7 6 0 11 0 0 0 0 4 9 9 9 10 4 4 6 11 10 11 8 9 10 6 8 6 7 8 8 8 11 8 4 0 9 5 11 11 10 3 0 8 11 0 11 6 5 9 5 10 3 8 10 0 6 7 8 8 4 8
split_gain=26278.9 2530.42 881.961 213.553 208.983 176.922 143.423 113.021 74.95 66.4193 63.514 55.2996 53.7728 48.4239 45.3989 51.3825 44.0162 43.8535 40.2474 31.0771 29.9429 27.7561 31.4042 26.2873 30.8887 25.6671 24.8998 24.0927 22.7048 21.278 21.0731 19.6427 26.3024 35.1892 18.318 18.1462 16.7719 15.958 14.9018 14.5791 14.5332 14.448 13.0647 15.5129 12.9483 12.1444 13.7767 11.9974 11.4621 11.4004 11.335 10.3035 9.68673 9.20397 9.16503 11.1944 9.11486 8.93426 8.5983 10.2945 8.34203 8.52094
threshold=0.075000000000000025 -0.37940952255126059 0.58500000000000008 1.0000000180025095e-35 0.96010100249940655 0.025000000000000005 0.6830127018922193 1.2850000000000004 0.15500000000000003 0.015000000000000001 0.17500000000000002 0.96250000000000002 0.1294095225512602 0.78656609248549303 -0.37940952255126015 1.0000000180025095e-35 0.8583333333333335 0.083333333333333315 0.96010100249940655 -0.5 1.0000000180025095e-35 0.25000000000000017 -0.60355339059327362 -0.12940952255126037 1.0000000180025095e-35 0.9919160630702849 0.91597561503675362 0.56067335994511591 0.20953478290449004 0.78656609248549325 -1.0000000180025095e-35 0.60355339059327384 -0.5 0.91597561503675362 0.17499999999999996 0.042500000000000003 -0.12940952255126037 0.45000000000000007 1.0000000180025095e-35 0.25000000000000017 -0.24999999999999994 0.95000000000000007 0.03500000000000001 -0.78656609248549303 0.93301270189221952 0.28500000000000009 0.25000000000000017 0.96010100249940655 0.083333333333333315 0.1294095225512602 0.22500000000000003 0.68301270189221941 0.083333333333333315 -0.78656609248549303 0.68301270189221941 0.36500000000000005 0.9919160630702849 0.37394169129509863 -0.60355339059327362 -0.91597561503675329 0.78333333333333355 -0.91597561503675329
decision_type=10 2 10 10 2 10 2 10 10 10 10 8 2 2 2 2 10 10 2 2 2 2 2 2 2 2 2 2 10 2 2 2 2 2 10 10 2 10 2 2 2 10 10 2 2 10 2 2 10 2 10 2 10 2 2 10 2 10 2 2 10 2
left_child=1 4 3 8 9 30 11 18 26 21 47 13 50 19 25 34 31 58 36 53 -15 22 27 28 -25 -12 -2 51 29 -20 -3 54 33 -33 -16 -7 37 -4 -39 -22 -34 -9 43 -21 60 -42 -47 -5 -31 56 -8 -1 -51 -6 55 -10 -17 -49 59 -14 61 -19
right_child=2 5 7 10 6 35 12 41 16 -11 14 -13 17 20 15 49 -18 44 23 42 39 -23 -24 24 -26 -27 -28 -29 -30 48 -32 32 40 -35 -36 -37 -38 38 -40 -41 45 -43 -44 -45 -46 46 -48 57 -50 52 -52 -53 -54 -55 -56 -57 -58 -59 -60 -61 -62 -63
leaf_value=-0.00016304084308283768 3.4544113586828379e-05 -0.00032189597440262022 0.0029437600218537789 0.00016283590121675339 0.00013449478145102794 -0.00024146407875972828 0.00030597835635777824 0.011846073223785347 0.0001306324655990175 -6.0005201139274682e-05 0.00088336300826579134 -0.00016069298172936424 -6.6743793950177352e-05 -0.00012307021755450547 0.0002368997154687613 0.00079534154641589482 0.0010394675479373915 -8.446850896536812e-05 0.0026838434660588564 -1.9133656919647824e-05 2.1931059509498672e-05 -0.00032390173114242501 -0.00032390173114242501 0.00085563728022972248 0.0028125735742131333 0.0023374874778788251 -0.00015114977896334963 -4.8940329804325989e-05 0.0043294157213423726 0.00062459246930704677 -0.00032189597440262022 0.00091696745045664559 0.00017749869287605045 1.9760584496894065e-05 0.0007733920883333243 -0.00013762461355716377 0.00038426798766997324 0.0019101522158017582 0.0011316937150167472 -0.00018315925441434811 -0.00011558278322315909 0.0036905968856532339 0.00059334891691192068 3.4870907798622356e-05 -0.00022496953729686598 0.00026038939717946231 -0.00010623056926923526 0.00055718948776049848 0.00010087315870685363 0.00031033671369396816 -0.00011823009632215119 -0.00030096521430391163 0.00093973116941895821 5.0825101718556289e-05 0.0017115089608547866 0.0016728552427064684 0.0012350569543827837 0.0002524802632170904 -0.00013560371032216153 -7.8717833433686493e-07 -0.00022195612046466004 -0.0001038942775433968
leaf_weight=283 614 1912 248 457 424 270 145 8468 97 336 1252 217 117 408 339 195 336 110 932 886 482 601 344 214 319 797 145 238 2185 123 15016 191 234 159 441 328 89 641 281 111 136 634 103 591 400 96 102 217 82 83 196 114 176 447 113 80 461 215 124 226 250 339
leaf_count=283 614 1912 248 457 424 270 145 8468 97 336 1252 217 117 408 339 195 336 110 932 886 482 601 344 214 319 797 145 238 2185 123 15016 191 234 159 441 328 89 641 281 111 136 634 103 591 400 96 102 217 82 83 196 114 176 447 113 80 461 215 124 226 250 339
internal_value=-0.00163869 -0.0224493 0.0229755 0.0142021 -0.00785533 -0.0286872 -0.00491662 0.0272547 0.00673177 -0.0164006 0.0179132 -0.00144687 -0.0115881 -0.000521286 0.0196262 0.0159729 0.0105243 -0.0139375 0.0236716 0.00174959 -0.00607784 -0.0189753 -0.0158265 0.0251997 0.0189326 0.022639 -0.000986842 -0.0118396 0.0261992 0.0226977 -0.0292539 0.00784119 0.00568009 0.0121368 0.0102945 -0.012621 0.0189762 0.0199317 0.0180715 -0.00176768 0.00168717 0.0292651 -0.000759013 -0.00148173 -0.0172091 -0.00232836 0.00241206 0.0106854 0.013835 0.0207969 -0.000789474 -0.0163568 0.0153462 0.00629587 0.0146392 0.0102809 0.0229224 0.0142725 -0.00621795 -0.00375 -0.0147 -0.0122
internal_weight=46170 25018 21152 6936 7492 17526 5576 14216 2303 1916 4633 3669 1907 3452 3744 1695 1544 1566 5114 2451 1001 1580 979 3855 533 2049 759 635 3322 1137 16928 1208 918 350 780 598 1259 1170 922 593 568 9102 1580 1477 1099 334 198 889 205 915 341 397 259 871 290 177 656 432 467 343 699 449
internal_count=46170 25018 21152 6936 7492 17526 5576 14216 2303 1916 4633 3669 1907 3452 3744 1695 1544 1566 5114 2451 1001 1580 979 3855 533 2049 759 635 3322 1137 16928 1208 918 350 780 598 1259 1170 922 593 568 9102 1580 1477 1099 334 198 889 205 915 341 397 259 871 290 177 656 432 467 343 699 449
is_linear=0
shrinkage=0.03


Tree=18
num_leaves=63
num_cat=0
split_feature=7 9 8 9 1 11 6 1 11 6 8 1 9 9 11 1 9 5 9 11 8 6 2 8 3 4 11 8 6 11 5 9 6 8 5 9 11 11 2 8 1 7 7 6 1 11 8 11 8 5 6 5 3 7 4 3 11 3 8 4 5 8
split_gain=20954.3 4335.73 2311.85 777.891 662.043 286.058 248.195 127.559 119.235 87.821 78.8034 73.1992 59.3307 59.1065 120.602 56.4082 49.3551 48.8909 46.916 82.529 42.3325 41.9098 38.5112 37.0749 35.2159 33.917 29.2867 28.6567 28.3453 26.4456 24.4506 23.4389 23.3227 22.9856 21.8528 21.4835 20.4631 18.8931 20.7337 17.3857 15.9981 22.8559 14.471 16.1358 12.765 13.0176 12.5824 11.659 11.6483 11.5775 10.99 10.5342 10.2898 10.1364 10.0083 9.91371 9.87621 9.83576 9.69623 9.4954 9.39222 9.14571
threshold=1.0000000180025095e-35 -0.5 -0.37940952255126059 -0.37940952255126015 0.6150000000000001 1.0000000180025095e-35 0.96010100249940655 0.072500000000000023 0.6830127018922193 0.9919160630702849 -0.60355339059327362 1.0000000180025095e-35 -0.37940952255126015 1.0000000180025095e-35 -0.5 1.3350000000000002 0.1294095225512602 0.22500000000000003 -0.70710678118654757 0.25000000000000017 -0.60355339059327362 0.75185124348285037 0.8500000000000002 0.60355339059327384 0.95000000000000007 0.083333333333333315 0.6830127018922193 -1.0000000180025095e-35 0.55160846378518025 0.6830127018922193 1.0000000180025095e-35 -0.78656609248549325 0.9919160630702849 -0.98296291314453399 0.15000000000000005 -0.12940952255126037 1.0000000180025095e-35 -0.24999999999999994 0.25000000000000006 -0.98296291314453399 0.23500000000000001 0.33236032509254937 0.41911919983105844 0.96010100249940655 0.36500000000000005 0.25000000000000017 -0.60355339059327362 1.0000000180025095e-35 -0.60355339059327362 0.71666666666666667 0.94457821059868363 0.15000000000000005 0.75000000000000011 0.73220579702614474 1.0000000180025095e-35 0.95000000000000007 0.6830127018922193 0.95000000000000007 -0.91597561503675329 0.58333333333333337 1.0000000180025095e-35 0.91597561503675362
decision_type=10 2 2 2 10 2 2 10 2 2 2 8 2 2 2 10 2 10 2 2 2 2 10 2 10 10 2 2 2 2 8 2 2 2 10 2 2 2 10 2 10 10 10 2 10 2 2 2 2 10 2 10 10 10 8 8 2 10 2 10 10 2
left_child=1 9 6 5 7 21 20 23 10 29 11 24 28 14 30 32 51 26 -11 -20 22 -4 36 35 37 48 -7 -15 44 -1 -5 -31 -6 -34 -21 49 59 38 -8 -39 41 50 -42 -44 45 -9 -27 -16 58 -2 -14 -10 -30 -45 -12 -32 57 -19 -18 -3 -41 -55
right_child=4 2 3 13 15 17 8 12 16 18 54 -13 40 27 47 -17 25 56 19 34 -22 -23 -24 -25 -26 46 -28 -29 52 31 55 -33 33 -35 -36 -37 -38 39 -40 60 42 -43 43 53 -46 -47 -48 -49 -50 -51 -52 -53 -54 61 -56 -57 -58 -59 -60 -61 -62 -63
leaf_value=0.00062800874815144856 0.00076282322405023869 2.7248225403685328e-06 -8.3406823314889904e-05 8.6581796635439259e-05 0.0019164372777547511 -2.1186818230384611e-05 3.2408696256744329e-05 0.00049552196415703813 0.00023871648038289214 0.0059976211538618953 -8.8486078027179464e-05 -0.00010823013954917041 0.0002348963834924752 -0.0003122390951705416 -0.00028618247213781718 0.011567323526766609 -6.4741480131672019e-05 -0.00020103319090134571 0.002291618174652232 0.00079532178636735034 -0.00031418467920815224 0.00047421495484417778 -0.00023616622453419872 -7.8887691753428687e-05 -4.4516174174735885e-05 -0.00011379802856991387 -0.0002278561135274021 -0.0003122390951705416 0.002644284440615827 0.0004077595915635418 -0.00012403653277590632 -0.00021439907085314864 0.0018913987340686124 0.0040716971519237193 4.7906263272541739e-05 5.3045037292988316e-06 -0.00016631346821985643 0.0014097284650844879 0.00015871879282141908 2.5058573354249362e-05 0.0010313255377039003 0.00011694527720709949 0.00014422224395676281 0.0014870695583101634 0.0011591715831275825 0.00016454185807162226 -0.00033118290034725136 -0.0003122390951705416 -0.0001454329800403387 0.0002202378900862785 0.00077764735757503785 -0.0001166648824837943 0.0013466531137120146 0.00088447413190219869 -0.00015428612665098764 -0.00022643154199346977 -0.0003122390951705416 -0.00031600371481904708 4.4401596491894058e-06 -0.00010518558103059991 -2.2959667236286637e-05 0.00034016092112993307
leaf_weight=447 152 223 133 96 1093 189 412 491 141 1066 479 87 219 1931 212 8243 109 111 498 187 489 453 772 201 429 844 160 13514 503 137 160 80 452 2204 240 198 230 93 596 670 370 356 128 371 331 136 269 946 119 146 247 252 1247 413 568 141 267 81 220 109 529 98
leaf_count=447 152 223 133 96 1093 189 412 491 141 1066 479 87 219 1931 212 8243 109 111 498 187 489 453 772 201 429 844 160 13514 503 137 160 80 452 2204 240 198 230 93 596 670 370 356 128 371 331 136 269 946 119 146 247 252 1247 413 568 141 267 81 220 109 529 98
internal_value=-0.0016734 -0.0174824 -0.0212068 -0.0269682 0.0240972 -0.00541935 -0.00733412 0.0155831 -0.0043056 0.0190324 -0.00125 0.00136315 0.0172877 -0.0287348 -0.023117 0.0280764 -0.0103427 -0.0169839 0.0221837 0.017203 -0.0169901 0.0105281 -0.0142022 0.00356734 0.00223077 -0.0127337 -0.00848571 -0.0292988 0.0202658 0.00956391 -0.0088191 0.000963303 0.025 0.0265337 0.0075 0.00796781 -0.00820604 0.00370274 0.00677899 0.0012993 0.0136178 0.0102795 0.0155974 0.0137092 0.0160792 0.0135191 -0.0155386 -0.0280069 -0.0057461 0.0130435 0.0146467 -0.000837563 0.0225471 0.0151529 -0.0082729 -0.0130132 -0.023413 -0.0180311 -0.00281818 -0.00342342 0.000325 0.0123633
internal_weight=46288 28689 26034 18394 17599 1394 7640 5607 5817 2655 3863 2816 4910 17000 1555 11992 1954 808 1991 925 1823 586 1334 697 2729 1561 349 15445 2708 664 397 217 3749 2656 427 496 562 2300 1008 1292 2202 822 1380 1010 958 627 1113 1158 448 298 466 393 1750 882 1047 301 459 192 329 332 1199 511
internal_count=46288 28689 26034 18394 17599 1394 7640 5607 5817 2655 3863 2816 4910 17000 1555 11992 1954 808 1991 925 1823 586 1334 697 2729 1561 349 15445 2708 664 397 217 3749 2656 427 496 562 2300 1008 1292 2202 822 1380 1010 958 627 1113 1158 448 298 466 393 1750 882 1047 301 459 192 329 332 1199 511
is_linear=0
shrinkage=0.03


Tree=19
num_leaves=63
num_cat=0
split_feature=0 0 1 9 9 9 6 0 10 1 0 9 1 0 1 0 6 4 6 6 1 9 9 1 11 1 9 11 10 11 11 0 2 10 9 11 9 9 9 11 10 3 10 2 1 9 11 4 5 4 0 11 10 2 4 4 5 1 1 2 6 9
split_gain=25367.4 817.144 726.391 184.326 209.645 166.166 96.4134 78.0487 76.586 73.3364 71.1049 65.7195 74.3064 46.7887 46.3032 43.8798 37.9598 35.8842 32.0586 31.449 33.8005 29.2234 176.101 27.5783 25.6795 23.6365 23.3813 20.5269 19.258 19.2179 18.1273 17.524 15.8393 15.1339 14.5026 14.3926 13.5344 13.3156 16.5475 19.3349 13.3686 13.2415 13.1183 13.1133 13.9813 13.4593 12.4693 12.3353 12.1402 14.1117 11.5669 10.7589 10.5792 10.3644 10.1463 10.0774 9.78632 9.6457 9.49762 9.2542 9.21114 11.5275
threshold=0.10500000000000002 0.015000000000000001 0.64500000000000013 0.91597561503675351 0.37940952255126048 -0.5 0.96010100249940655 0.31500000000000006 1.0000000180025095e-35 0.025000000000000005 1.425 0.1294095225512602 0.065000000000000016 1.0000000180025095e-35 0.20500000000000004 0.03500000000000001 0.9919160630702849 0.11666666666666667 0.9919160630702849 0.7767654897855063 1.0000000180025095e-35 0.25881904510252057 0.1294095225512602 0.39500000000000007 0.6830127018922193 1.0000000180025095e-35 -0.12940952255126037 0.6830127018922193 -0.5 0.6830127018922193 0.6830127018922193 1.405 0.8500000000000002 0.93301270189221952 -0.37940952255126015 0.25000000000000017 -0.37940952255126015 0.78656609248549303 0.60355339059327384 0.25000000000000017 1.0000000180025095e-35 0.8500000000000002 -0.5 0.25000000000000006 0.10500000000000002 -0.37940952255126015 0.6830127018922193 0.083333333333333315 0.63333333333333341 0.78333333333333355 0.42500000000000004 0.6830127018922193 -0.5 0.75000000000000011 0.8583333333333335 0.8583333333333335 0.55000000000000016 1.9750000000000003 0.51500000000000012 0.45000000000000007 0.69300588406246244 0.1294095225512602
decision_type=10 10 10 2 2 2 2 10 2 8 10 2 10 10 10 10 2 8 2 2 10 2 2 10 2 10 2 2 2 2 2 10 10 2 2 2 2 2 2 2 2 10 2 10 10 2 2 10 10 10 10 2 2 10 10 10 10 10 10 10 2 2
left_child=1 3 5 4 9 7 32 25 23 21 18 12 15 17 33 27 46 37 57 -13 -21 22 -1 43 -19 42 -20 -3 -28 54 -14 -18 51 34 -10 -24 -29 38 39 -8 -39 52 -2 45 -45 -7 -9 -37 -48 -50 -46 -6 58 -26 -17 -44 -27 -4 -25 -40 -16 -62
right_child=2 11 10 -5 6 8 13 16 14 -11 -12 19 30 -15 60 29 31 24 26 20 -22 -23 35 41 53 56 28 36 -30 -31 -32 -33 -34 -35 -36 47 -38 40 59 -41 -42 -43 55 44 50 -47 48 -49 49 -51 -52 -53 -54 -55 -56 -57 -58 -59 -60 -61 61 -63
leaf_value=-0.00030287192231542534 0.00056285003586770046 -0.00030364181256382997 0.0017273319454128382 -0.00030287192231542534 -0.00030287192231542534 0.00017823013280777525 -0.00030523664019691758 0.0012099927384752204 0.00050679085817504634 2.6535201412348513e-05 0.011609046208258379 -9.1679682312338913e-05 0.00023504854073382221 0.0001107039026065354 0.00060523962271606527 -0.00019069369580845932 0.0024349779861856939 -0.00030287192231542534 0.0043542242865207059 0.00021410241822237367 -7.10307959597015e-05 -0.00030287192231542534 -2.239190914315757e-05 0.0020837694117099188 -0.00030287192231542534 0.00098348456804521305 0.00094964247927114827 -0.0002401530821536012 0.0020454662727059981 -6.6052920034134839e-05 -0.00012293889417103049 0.0076232642607542318 -0.00030287192231542534 8.5159307825554884e-05 0.00028569190137821916 -6.2168455604547719e-05 -0.00020795817078709823 -0.00027841128961641451 -0.00018742981019745575 -0.00015536900793214711 -0.00030287192231542534 0.0011365372133359407 7.8146279777389916e-07 6.9699278466876441e-05 0.00041607844187608429 -7.4441811677270766e-05 0.001513896543820805 -0.00010922979156646535 -7.1928446986748226e-05 0.00081944199999813916 0.00021556235643933121 -0.00030287192231542534 9.927368581179804e-05 -0.00030287192231542534 -8.3722006500858414e-05 0.0003101800565954967 0.00055568474673255326 0.0054990925825434186 0.00069998895067422643 -0.00018896189064901019 0.001153824492150534 0.00090014967842438399
leaf_weight=3351 90 316 1064 5771 983 113 651 1164 310 84 7608 174 190 89 117 400 1758 2889 2516 479 112 1951 83 90 580 138 95 92 360 309 91 659 1616 176 643 194 135 663 1070 488 725 111 185 510 390 215 116 550 92 81 128 169 101 948 174 168 554 127 106 326 605 223
leaf_count=3351 90 316 1064 5771 983 113 651 1164 310 84 7608 174 190 89 117 400 1758 2889 2516 479 112 1951 83 90 580 138 95 92 360 309 91 659 1616 176 643 194 135 663 1070 488 725 111 185 510 390 215 116 550 92 81 128 169 101 948 174 168 554 127 106 326 605 223
internal_value=-0.00187261 -0.0217849 0.0229082 -0.0235333 -0.0219895 0.0164077 -0.019533 0.02001 0.0117062 -0.0264129 0.0277903 -0.00538617 -0.00865925 -0.0179324 0.0156145 -0.0114366 0.0220408 -0.0181633 0.0246169 0.00191906 0.00521959 -0.0267945 -0.0253553 0.00710482 -0.0200249 0.0130722 0.0262954 -0.0181434 0.0199342 -0.00729638 0.00542553 0.0243548 -0.0243987 0.0114956 0.0129874 -0.0129348 -0.0111842 -0.0160627 -0.0147516 -0.0174474 -0.0184449 0.0139364 0.00763514 0.00504053 0.00670554 -0.000182371 0.0181774 -0.014255 0.0125172 0.00741379 0.0101734 -0.0216479 0.0105705 -0.0231916 -0.0105391 0.005 0.0165368 0.0204111 0.0146193 -0.0125412 0.020518 0.0216405
internal_weight=46266 25653 20613 23181 17410 8843 11197 5005 3838 6213 11770 2472 1707 8429 2074 1426 3870 8340 4162 765 591 6129 4178 1764 4417 1135 2971 543 455 883 281 2417 2768 1129 953 827 227 3923 2535 1139 1388 408 443 1356 1028 328 1453 744 289 173 518 1152 297 1528 574 353 692 1191 196 1396 945 828
internal_count=46266 25653 20613 23181 17410 8843 11197 5005 3838 6213 11770 2472 1707 8429 2074 1426 3870 8340 4162 765 591 6129 4178 1764 4417 1135 2971 543 455 883 281 2417 2768 1129 953 827 227 3923 2535 1139 1388 408 443 1356 1028 328 1453 744 289 173 518 1152 297 1528 574 353 692 1191 196 1396 945 828
is_linear=0
shrinkage=0.03


Tree=20
num_leaves=63
num_cat=0
split_feature=7 9 8 9 1 6 1 5 8 1 1 9 10 2 9 5 8 8 2 7 8 9 10 1 9 10 6 10 10 6 9 1 6 3 8 6 2 7 8 10 9 10 8 4 1 5 10 3 5 2 10 10 7 6 10 4 4 10 10 10 10 5
split_gain=20004.5 4019.75 2433.98 761.926 716.143 246.41 117.846 92.9882 91.4644 76.2602 75.2871 61.6118 63.1584 58.2633 56.3382 50.1685 48.1943 43.2716 40.4521 38.3159 36.4902 34.1105 33.1101 29.9809 29.2156 28.042 27.4368 26.3087 24.4546 23.8088 22.4787 21.5026 20.1607 19.9184 20.5595 19.4232 19.0119 18.8762 18.8074 17.8412 17.7294 17.3641 15.4582 14.7845 14.5522 14.3017 14.639 13.2032 13.1178 12.6344 12.1824 11.9594 11.7667 10.4567 10.0203 10.201 9.79274 10.22 16.8327 9.49838 18.3241 21.134
threshold=1.0000000180025095e-35 -0.5 -0.37940952255126059 -0.37940952255126015 0.64500000000000013 0.96010100249940655 0.072500000000000023 0.45000000000000007 -0.60355339059327362 1.3750000000000002 1.0000000180025095e-35 -0.37940952255126015 1.0000000180025095e-35 0.8500000000000002 1.0000000180025095e-35 0.15000000000000005 0.37940952255126054 -0.60355339059327362 0.75000000000000011 0.77187910965282791 -1.0000000180025095e-35 -0.78656609248549325 -0.24999999999999994 0.38200000000000006 -0.70710678118654757 0.68301270189221941 0.89949949310841004 1.0000000180025095e-35 1.0000000180025095e-35 0.9919160630702849 0.1294095225512602 0.39500000000000007 0.9919160630702849 0.8500000000000002 -0.91597561503675329 0.54269012772290737 0.8500000000000002 0.19422113660256016 -0.98296291314453399 -0.24999999999999994 0.1294095225512602 0.25000000000000011 -0.91597561503675329 0.51666666666666683 0.20500000000000004 0.15000000000000005 0.25000000000000011 0.62500000000000011 0.45000000000000007 0.75000000000000011 0.25000000000000011 -0.5 0.41911919983105844 0.97587888928342192 -0.6830127018922193 0.083333333333333315 0.17499999999999996 -0.6830127018922193 1.0000000180025095e-35 0.68301270189221941 1.0000000180025095e-35 0.083333333333333315
decision_type=10 2 2 2 10 2 10 8 2 10 8 2 2 10 2 10 2 2 10 10 2 2 2 10 2 2 2 2 2 2 2 10 2 10 2 2 10 10 2 2 2 2 2 8 10 10 2 10 10 10 2 2 10 2 2 10 10 2 2 2 2 10
left_child=1 7 5 15 6 17 16 24 10 29 13 23 19 27 59 54 33 18 47 31 50 26 -17 35 -1 43 -9 39 -24 -6 32 52 -14 -2 -35 -8 -27 -37 51 42 -29 -23 -7 -10 -32 -26 -47 -3 -39 -42 -16 -31 -13 -52 -4 -56 -15 -58 -59 60 -5 -62
right_child=4 2 3 14 9 8 11 21 25 -11 -12 12 30 56 20 22 -18 -19 -20 -21 -22 41 28 -25 45 36 -28 40 -30 38 44 -33 -34 34 -36 37 -38 48 -40 -41 49 -43 -44 -45 -46 46 -48 -49 -50 -51 53 -53 -54 -55 55 -57 57 58 -60 -61 61 -63
leaf_value=0.0067684680518902817 0.0012795535298901321 -2.2932267209458887e-06 0.00024724315371343967 -0.00029378576464596262 0.0019193668198832928 -5.5290255498706692e-05 0.00037275732312081074 0.00043502780648103657 -0.00011851541149034791 0.011050676495804421 -0.0001257914513366377 0.00033065636351001969 0.00046274833464541622 2.301275575489715e-05 -0.00029378576464596262 -5.6451987076110429e-05 -9.3374725647213803e-05 -0.00029567298116244494 -0.00021332738778260556 -2.9905924239274766e-05 -0.00029378576464596262 0.00055026776339409827 -0.00029378576464596262 0.0018712590103563223 0.0021182470823088743 4.607447435974855e-05 0.0020959805356648127 0.00084099753246253816 -0.00029378576464596262 0.00098292695800240143 0.00014918310872869301 0.0014428628512163093 0.00097812426226194017 6.5296693138014104e-06 0.00045256431255441976 0.0015246751559273117 -0.00017256803974633925 0.00083477358924323041 0.0039460980997600668 -8.052686441601672e-05 4.2956304968811035e-05 2.2056817851532073e-05 2.4478463971652485e-05 -0.00020555174429136912 0.00093932370380840472 0.0014637332172425977 0.00022173664666346319 -0.00012019148307169648 0.00033739256142518943 -3.606957863974757e-05 -0.00029378576464596262 0.0021193535918272409 0.00014617148118595345 -0.00029378576464596262 0.00011872094955969494 -0.00010591873790145005 1.0483125845139086e-05 -0.00015979116875740372 -5.1137777308023335e-05 -0.00029378576464596262 -5.8746447632721102e-05 -0.00029378576464596262
leaf_weight=787 86 207 103 753 1058 425 641 188 770 8071 123 341 301 103 1057 334 210 477 903 287 13404 332 110 1239 407 274 389 128 509 85 114 195 568 269 128 635 105 148 2214 317 1169 255 899 302 239 170 111 224 190 183 217 333 267 619 218 137 120 291 555 431 87 279
leaf_count=787 86 207 103 753 1058 425 641 188 770 8071 123 341 301 103 1057 334 210 477 903 287 13404 332 110 1239 407 274 389 128 509 85 114 195 568 269 128 635 105 148 2214 317 1169 255 899 302 239 170 111 224 190 183 217 333 267 619 218 137 120 291 555 431 87 279
internal_value=-0.00177232 -0.0173196 -0.0209224 -0.0268536 0.0233513 -0.00662487 0.0147773 0.0179432 -0.00359063 0.0276203 -0.00139777 0.0163357 0.0126848 -0.00071582 -0.0286271 -0.0056728 0.00315562 -0.0162748 -0.0134831 0.00742438 -0.0291822 0.011588 -0.00959119 0.0192887 0.0229472 -0.0101033 0.0167647 0.0013549 -0.0136935 0.024026 0.0173671 0.0107836 0.0199655 0.00836777 0.00550251 0.0165697 -0.00307895 0.0192505 0.0255678 -0.00126066 0.00425388 0.00647959 0.000271698 -0.0125815 0.0109322 0.0183745 0.0130851 -0.00590278 0.0134513 0.00323725 -0.0252323 0.0196181 0.0079803 -0.0224373 0.00248366 8.42697e-05 -0.00675701 -0.0076939 -0.00885478 -0.0231335 -0.0216161 -0.0160218
internal_weight=46091 28472 25833 18258 17619 7575 5858 2639 5764 11761 4313 5165 2312 4190 16847 1411 693 1811 1334 1090 15297 1164 953 2853 1475 1451 577 3121 619 3690 1222 803 869 483 397 1614 379 973 2632 1641 1480 587 1324 1072 353 688 281 431 338 1352 1893 418 608 836 458 355 1069 966 846 1550 1119 366
internal_count=46091 28472 25833 18258 17619 7575 5858 2639 5764 11761 4313 5165 2312 4190 16847 1411 693 1811 1334 1090 15297 1164 953 2853 1475 1451 577 3121 619 3690 1222 803 869 483 397 1614 379 973 2632 1641 1480 587 1324 1072 353 688 281 431 338 1352 1893 418 608 836 458 355 1069 966 846 1550 1119 366
is_linear=0
shrinkage=0.03


Tree=21
num_leaves=63
num_cat=0
split_feature=7 9 8 9 9 11 3 6 11 6 10 5 8 9 11 10 9 8 9 11 9 8 4 5 6 5 11 6 4 8 9 11 2 10 4 11 8 11 2 7 6 11 6 9 11 5 2 8 2 5 7 10 2 6 11 6 6 11 6 11 2 4
split_gain=19547.2 3866.75 2459.88 808.509 440.335 301.13 283.555 214.78 116.007 90.3274 85.0857 84.7879 77.5857 56.3119 119.917 53.7196 50.4612 47.0504 44.6312 64.1137 43.5961 40.2773 38.9771 32.8485 31.0009 29.8572 29.4534 28.6936 28.3403 28.1934 32.4243 45.1017 29.056 27.6952 27.4689 26.8214 55.6834 25.45 25.9503 24.3879 20.8376 20.1415 40.6845 19.8325 18.2452 20.9323 19.3965 18.168 17.841 17.5624 18.2197 17.0542 16.5023 15.6379 22.6356 14.447 13.266 13.0521 19.6684 12.6699 12.4054 12.0822
threshold=1.0000000180025095e-35 -0.5 -0.37940952255126059 -0.37940952255126015 -0.5 1.0000000180025095e-35 0.95000000000000007 0.96010100249940655 0.6830127018922193 0.9919160630702849 1.0000000180025095e-35 0.35000000000000003 -0.60355339059327362 1.0000000180025095e-35 -0.5 -0.6830127018922193 0.1294095225512602 -1.0000000180025095e-35 -0.78656609248549325 1.0000000180025095e-35 0.1294095225512602 -0.78656609248549303 0.9125000000000002 1.0000000180025095e-35 0.46106475055297069 0.55000000000000016 -0.5 0.7767654897855063 0.17499999999999996 0.91597561503675362 -0.12940952255126037 0.6830127018922193 0.25000000000000006 1.0000000180025095e-35 0.68285714285714294 0.6830127018922193 0.60355339059327384 -0.5 0.55000000000000016 0.12404516910103099 0.67077817246640559 0.25000000000000017 0.94457821059868363 0.1294095225512602 -0.24999999999999994 0.35000000000000003 1.0000000180025095e-35 0.37940952255126054 0.8500000000000002 0.35000000000000003 0.81875345989775006 1.0000000180025095e-35 0.95000000000000007 0.56988722470830055 0.6830127018922193 0.9919160630702849 0.21090423132313618 0.6830127018922193 0.35816297423289001 1.0000000180025095e-35 0.65000000000000002 0.48333333333333339
decision_type=10 2 2 2 2 2 10 2 2 2 2 8 2 2 2 2 2 2 2 2 2 2 8 8 2 10 2 2 10 2 2 2 10 2 10 2 2 2 10 10 2 2 2 2 2 10 10 2 10 10 10 2 10 2 2 2 2 2 2 2 8 10
left_child=1 11 7 5 6 27 25 21 12 37 29 35 22 14 23 -7 -10 55 40 56 -12 26 44 -5 -8 -2 52 -4 -17 30 31 -11 -32 -14 -18 -1 -37 39 -39 -6 -13 -27 -43 -28 46 -46 -9 -44 -35 50 -33 -26 -3 -23 -55 -15 -20 58 -45 -16 -25 -58
right_child=4 2 3 13 9 15 24 8 16 10 20 18 33 17 59 28 34 -19 19 -21 -22 53 -24 60 51 41 43 -29 -30 -31 32 49 -34 48 -36 36 -38 38 -40 -41 -42 42 47 57 45 -47 -48 -49 -50 -51 -52 -53 -54 54 -56 -57 61 -59 -60 -61 -62 -63
leaf_value=0.0042765101971059321 0.01091362171892803 6.2618439132361688e-05 -7.3662281574876117e-06 0.00012724532037468507 3.2512997078273478e-05 6.6632611336948995e-05 0.00064334207677803042 -2.2806410840952791e-06 2.2707139527829849e-06 0.0019461838519793191 0.0023268721572919497 0.00022673588524383962 -0.00011499247444957307 -0.00028497219170658375 -0.00028884728427503397 -0.00014949188127243976 -7.7070889738048556e-05 -0.00028497219170658375 0.0003227337598220259 -4.0636866588685951e-05 0.00073684039320239035 -0.00028682261399271566 -0.0001000929887290711 -0.00011892932078641036 0.0014630524824163339 0.006579960520312002 -8.7312020363752046e-05 0.00046903143487601862 -0.00028497219170658375 -8.8154603129326694e-06 -5.5085131587343932e-05 0.0024847117752743605 0.0011540056648754956 -5.466235329601495e-06 -0.00020235098387913226 0.0055630494211548606 0.00011488133395884371 0.00083732953854702224 5.7549162065299238e-05 0.00067137752301279011 0.0020506015920816511 0.0010110722184725487 0.0045438929418980031 -0.0002076890404717446 2.3804089069910174e-05 -2.7189480143728281e-05 0.00012049181048953579 0.00094102792972728549 -0.00016666116683103474 -2.2959505818856332e-05 2.9212248222899027e-05 0.0018851028866293316 -0.00013253596468347173 -0.00013280115545392324 -0.00029464502268238582 -0.00028497219170658375 0.0010633021673296563 -0.00022437082765953685 -7.6094061991011019e-05 -0.00028497219170658375 -0.00018664668263689151 0.0016836461458490022
leaf_weight=857 7309 125 142 95 205 105 1267 302 399 562 1571 138 448 531 218 210 1041 13416 88 333 279 500 125 114 817 1248 137 467 501 116 190 95 393 458 513 295 147 113 492 614 510 198 742 163 965 441 887 82 164 100 82 1100 91 330 100 1388 109 158 198 970 187 128
leaf_count=857 7309 125 142 95 205 105 1267 302 399 562 1571 138 448 531 218 210 1041 13416 88 333 279 500 125 114 817 1248 137 467 501 116 190 95 393 458 513 295 147 113 492 614 510 198 742 163 965 441 887 82 164 100 82 1100 91 330 100 1388 109 158 198 970 187 128
internal_value=-0.00190862 -0.0172557 -0.0207613 -0.0266917 0.0229728 -0.00498597 0.0258892 -0.00634111 -0.00350453 0.0152337 0.0178991 0.0175787 -0.000443155 -0.0285195 -0.0230915 -0.0168911 -0.00944217 -0.0290786 0.0121653 0.00664643 0.0222366 -0.0153744 0.00224917 -0.00876574 0.0181224 0.0284687 -0.0107216 0.0109672 -0.0198455 0.0126706 0.0138299 0.0176071 0.00837329 -0.00728291 -0.0118842 0.0230077 0.01693 0.00888421 0.00420792 0.0123293 0.0177504 0.0254161 0.0222287 -0.0138813 0.00303929 0.000724947 0.00577311 0.0251636 -0.00317817 0.00766187 0.0133146 0.020537 -0.00110599 -0.0197207 -0.0154524 -0.0246406 0.0161043 -0.0165577 -0.0133425 -0.0278553 -0.0136093 0.0197899
internal_weight=46069 28494 25889 18344 17575 1425 12763 7545 5743 4812 3388 2605 3790 16919 1584 816 1953 15335 1306 658 1850 1802 2720 396 3184 9579 872 609 711 1538 1422 839 583 1070 1554 1299 442 1424 605 819 648 2270 1022 656 2595 1406 1189 824 622 277 177 1917 216 930 430 1919 325 519 361 1188 301 237
internal_count=46069 28494 25889 18344 17575 1425 12763 7545 5743 4812 3388 2605 3790 16919 1584 816 1953 15335 1306 658 1850 1802 2720 396 3184 9579 872 609 711 1538 1422 839 583 1070 1554 1299 442 1424 605 819 648 2270 1022 656 2595 1406 1189 824 622 277 177 1917 216 930 430 1919 325 519 361 1188 301 237
is_linear=0
shrinkage=0.03


Tree=22
num_leaves=63
num_cat=0
split_feature=0 8 0 0 1 6 11 0 3 0 8 9 9 8 1 9 11 8 10 7 1 10 5 9 10 8 5 1 7 0 11 0 6 1 5 10 8 5 1 7 6 0 1 5 8 11 0 10 0 11 8 11 6 10 8 10 5 10 8 10 0 10
split_gain=23715.7 2884.44 892.732 305.512 201.953 179.65 92.9039 84.6351 84.4717 61.256 56.7936 53.5396 53.0121 50.5205 39.2917 35.6028 32.0608 37.2611 30.029 29.6037 29.4173 28.606 26.2114 26.1765 30.6029 26.122 24.3467 24.3062 49.0904 26.1852 20.0478 19.7801 19.1809 18.6166 18.9151 18.4791 17.9549 21.8078 17.9521 31.0003 16.3714 15.5243 13.9 13.1131 13.0287 21.198 12.0772 11.9246 11.8739 11.5325 10.9924 25.5462 24.1728 22.5526 19.5695 10.8271 10.8237 10.7961 10.6032 14.0313 10.4534 9.90872
threshold=0.10500000000000002 -0.37940952255126059 0.93500000000000016 0.025000000000000005 0.30300000000000005 0.9919160630702849 0.6830127018922193 1.0000000180025095e-35 0.95000000000000007 0.21500000000000002 -1.0000000180025095e-35 0.1294095225512602 0.78656609248549303 -0.98296291314453399 0.025000000000000005 -0.37940952255126015 1.0000000180025095e-35 -0.60355339059327362 0.25000000000000011 1.0000000180025095e-35 0.015000000000000001 1.0000000180025095e-35 0.55000000000000016 -0.5 -0.24999999999999994 -0.60355339059327362 0.22500000000000003 1.0000000180025095e-35 1.0000000180025095e-35 0.015000000000000001 1.0000000180025095e-35 2.0050000000000003 0.72773610537564315 1.5350000000000004 0.35000000000000003 0.68301270189221941 -0.91597561503675329 0.083333333333333315 0.79500000000000015 0.78222407475228606 0.21090423132313618 0.065000000000000016 0.46100000000000008 0.083333333333333315 0.91597561503675362 -0.24999999999999994 0.42500000000000004 1.0000000180025095e-35 0.03500000000000001 0.25000000000000017 0.37940952255126054 0.25000000000000017 0.69300588406246244 -0.24999999999999994 0.60355339059327384 0.93301270189221952 0.35000000000000003 0.25000000000000011 0.60355339059327384 0.68301270189221941 0.055000000000000007 0.25000000000000011
decision_type=10 2 10 10 10 2 2 10 10 10 2 2 2 2 8 2 2 2 2 10 10 2 10 2 2 2 10 8 10 10 2 10 2 10 10 2 2 10 10 10 2 10 10 10 2 2 10 2 10 2 2 2 2 2 2 2 10 2 2 2 10 2
left_child=1 5 4 10 9 7 12 16 13 19 47 61 27 26 -12 22 17 40 -14 44 41 38 -6 50 -25 36 -4 29 -29 30 -7 42 -18 34 -15 -34 -13 -38 39 -17 -1 -5 -10 -32 45 -2 -41 -3 -9 -20 52 -52 57 -53 -55 -26 -42 -11 59 -47 -22 -8
right_child=2 3 8 20 15 6 11 48 31 23 14 25 18 33 -16 21 32 -19 49 -21 60 -23 -24 24 55 -27 -28 28 -30 -31 43 -33 35 -35 -36 -37 37 -39 -40 46 56 -43 -44 -45 -46 58 -48 -49 -50 -51 51 53 -54 54 -56 -57 -58 -59 -60 -61 -62 -63
leaf_value=-0.00020829650338248851 0.00045381934023770465 -0.0002764230259553862 0.0012238111232975835 -0.00024830397895859058 0.0023893460885133369 4.3434922816706044e-05 -6.6763707016202986e-05 -0.00011569189251771592 0.0009787253119498138 0.00030282509617864177 -0.0002764230259553862 -7.8761199147450768e-05 -0.00010992264829663031 0.0058353350814608525 -9.1829670677435427e-05 0.0012270904908908995 -0.00028344483069614592 -0.00027570059657285923 5.23195813814158e-05 0.00026084489074601513 -7.7008953572313795e-05 0.0013326568235246319 0.0014879464770877497 0.00014581240031112072 0.00053259581052505145 -0.00020571201672408423 9.1693162263263567e-05 -0.00011374152683453069 0.00034959394359652078 0.0003024578248123759 8.279402181531476e-06 0.0046148685344840693 -0.00027796344104710004 0.011362666085548666 0.0036169431761316436 -0.00010027137454862922 -1.2755384495060501e-07 -0.00010290567593739969 0.0020211528141261584 0.00053813529980757115 4.0931416545669002e-05 -0.00012211176605852797 0.0023784503678098458 -3.4667828614279918e-05 -0.00011132961520306849 -3.9016629171167437e-05 -0.00015036606360197704 -0.0002764230259553862 1.6336652451383327e-07 -0.0001587377010895366 0.0010405118110769452 0.001183931080458544 0.001898633376216283 0.0009953551680326714 -3.5752366445339079e-05 9.7894739544597892e-05 -8.1911702668732182e-05 0.00063201299953144594 -5.4504718370975138e-05 0.00032713730961853542 2.273758172693086e-05 0.00044094607192899743
leaf_weight=217 161 904 186 330 1146 1048 256 269 188 143 15004 376 534 1929 82 344 384 326 366 855 120 887 1608 625 654 376 98 83 80 454 490 229 267 6681 1299 162 308 433 147 102 83 263 758 478 124 155 126 1035 341 103 438 195 463 203 193 118 223 193 238 93 177 112
leaf_count=217 161 904 186 330 1146 1048 256 269 188 143 15004 376 534 1929 82 344 384 326 366 855 120 887 1608 625 654 376 98 83 80 454 490 229 267 6681 1299 162 308 433 147 102 83 263 758 478 124 155 126 1035 341 103 438 195 463 203 193 118 223 193 238 93 177 112
internal_value=-0.00214573 -0.021372 0.0218499 -0.0279923 0.0149056 -0.00610425 -0.00317024 -0.0131984 0.0274747 0.0106904 -0.0288882 -0.00861976 -0.000379434 0.0283549 -0.0295128 0.0195918 -0.0167048 -0.0126 -0.00624502 0.00593731 -0.0108418 0.0160174 0.0216697 0.0130843 0.00997854 -0.0111446 0.0157895 0.00185649 -0.00932927 0.00259814 0.00113039 0.0198214 -0.0209705 0.0287134 0.0267947 -0.0165349 -0.00882826 -0.00610512 0.0115417 0.00910995 -0.0076145 -0.014697 0.0178669 -0.00198142 0.00167098 0.00337963 0.000524017 -0.0240155 -0.00363339 -0.000702128 0.0154511 0.0133689 0.0181125 0.00927365 0.00513854 0.0139715 -0.00312704 0.0119288 0.000246407 0.00457831 -0.00312081 0.00162602
internal_weight=46263 25684 20579 17915 9211 7769 5497 2272 11368 4851 17025 1861 3636 10193 15086 4360 1662 849 1003 1626 890 1606 2754 3225 1397 1493 284 2633 163 2470 2016 1175 813 9909 3228 429 1117 741 719 572 523 593 946 968 771 647 228 1939 610 469 1828 1029 799 591 396 772 306 336 486 248 297 368
internal_count=46263 25684 20579 17915 9211 7769 5497 2272 11368 4851 17025 1861 3636 10193 15086 4360 1662 849 1003 1626 890 1606 2754 3225 1397 1493 284 2633 163 2470 2016 1175 813 9909 3228 429 1117 741 719 572 523 593 946 968 771 647 228 1939 610 469 1828 1029 799 591 396 772 306 336 486 248 297 368
is_linear=0
shrinkage=0.03


Tree=23
num_leaves=63
num_cat=0
split_feature=0 8 0 0 1 2 1 9 0 4 8 5 11 0 11 5 9 9 1 2 0 8 2 4 5 1 1 11 9 8 8 11 0 3 0 11 9 11 8 0 11 9 8 11 9 7 0 0 4 3 0 0 3 9 1 3 9 4 8 7 3 5
split_gain=23410.1 2819.88 879.266 308.296 179.051 138.473 94.5837 84.9962 68.3926 67.6275 62.9732 60.4538 47.5127 47.2548 42.3221 34.911 34.6003 33.1167 31.5609 29.3945 27.5247 27.5331 27.3699 26.2868 25.6008 25.0124 22.0795 22.0768 21.0439 20.4958 19.8566 19.3936 24.5905 17.7921 17.2695 16.253 15.0368 21.5114 20.1203 13.7794 13.2815 13.134 13.1308 19.6001 12.985 12.8034 14.2871 13.0587 12.1119 11.8139 11.7016 11.3563 11.337 11.287 11.1524 10.6532 10.1396 9.61878 9.86541 9.35316 8.91019 8.27277
threshold=0.10500000000000002 -0.37940952255126059 0.93500000000000016 0.03500000000000001 0.30300000000000005 0.8500000000000002 1.4750000000000003 0.78656609248549303 0.025000000000000005 0.51666666666666683 -1.0000000180025095e-35 0.45000000000000007 -0.5 0.21500000000000002 0.25000000000000017 0.35000000000000003 -0.37940952255126015 -0.5 0.025000000000000005 0.25000000000000006 0.64500000000000013 0.60355339059327384 0.25000000000000006 0.96250000000000002 0.55000000000000016 0.10500000000000002 0.025000000000000005 -0.5 0.78656609248549303 0.91597561503675362 -0.98296291314453399 1.0000000180025095e-35 0.42500000000000004 0.95000000000000007 0.26500000000000007 0.6830127018922193 0.1294095225512602 0.6830127018922193 -0.91597561503675329 1.9450000000000001 -0.5 0.1294095225512602 0.37940952255126054 0.25000000000000017 -0.12940952255126037 0.33846812998483961 0.31500000000000006 0.20500000000000004 0.58333333333333337 0.8500000000000002 0.015000000000000001 0.19500000000000003 0.95000000000000007 0.1294095225512602 0.18500000000000003 0.25000000000000006 -0.12940952255126037 0.58333333333333337 -0.78656609248549303 0.068578436683185987 0.95000000000000007 0.63333333333333341
decision_type=10 2 10 10 10 8 10 2 10 10 2 10 2 10 2 10 2 2 10 10 10 2 10 8 10 10 10 2 2 2 2 2 10 10 10 2 2 2 2 10 2 2 2 2 2 10 10 10 10 10 10 10 10 2 10 10 2 10 2 10 10 10
left_child=1 5 4 10 9 7 11 12 14 20 -3 30 22 42 23 36 24 39 50 31 21 45 -1 28 -6 27 48 29 33 -23 -4 32 -18 -7 -21 -9 -14 -38 -39 49 -27 -16 59 -44 -15 47 54 -2 -5 -13 -12 -29 -8 -17 -47 -22 -10 58 -24 -11 -61 -49
right_child=2 3 6 26 16 8 52 35 56 13 18 17 15 44 41 53 19 -19 -20 34 55 25 57 -25 -26 40 -28 51 -30 -31 -32 -33 -34 -35 -36 -37 37 38 -40 -41 -42 -43 43 -45 -46 46 -48 61 -50 -51 -52 -53 -54 -55 -56 -57 -58 -59 -60 60 -62 -63
leaf_value=-1.17641559995494e-05 0.00016514236024914815 -0.00026813033517672459 0.00086516689650913494 -0.00020659851790950578 0.0022643439277755654 2.7335465432691223e-05 0.010943853420348806 -0.00010895622354680041 0.0002094752684861859 0.00039240399321103142 -0.00026813033517672459 0.0040432168792436151 0.00038207339986338077 0.0010043540550578177 -0.00013594870730749851 -4.7024649282035625e-06 0.00054528755234812263 0.00093670846276646899 -8.1925103475346305e-05 0.00076548540974146764 0.00071162762683475288 0.00056066087985937507 0.00025847405712667889 -0.00017290245727636508 0.0014288883547299751 5.0649926651224194e-05 -1.4375817603207927e-05 -0.00012080972761872067 -0.00017394393763474868 3.4313637206922347e-06 0.0050459663241309918 0.0016457020120009748 -0.00010230417576036633 -0.00010180179219183977 0.001510527382644103 -0.00018136614467569986 5.8862649092832236e-06 -7.7410802165127257e-05 -2.4229021004175797e-05 0.0044140675913045433 0.00035597990385742654 -0.00022954298883128192 0.00018962968434570502 -6.2801445316884629e-05 0.00024673118888599195 -3.9293255773068142e-05 -0.00011446383741992724 0.00089322719757106456 -0.00012821620594143668 0.0018819766395562273 -0.00027477007579397556 -1.4756562827985888e-05 0.0038625112523849379 -7.2034649685459763e-05 0.0010994678669520991 0.00072086677950046528 -5.5173274161634274e-05 2.206552927974472e-05 0.00010916464550455608 0.0010075737918112256 0.00012836665310315048 0.00036089918065820473
leaf_weight=364 320 1911 233 235 1099 198 6930 997 114 210 14788 417 203 1395 150 129 87 214 93 123 147 136 213 286 1572 87 239 128 262 193 2218 187 174 398 1012 294 1082 218 428 286 117 1065 236 144 93 81 86 194 259 799 308 409 348 644 124 279 340 188 191 88 147 261
leaf_count=364 320 1911 233 235 1099 198 6930 997 114 210 14788 417 203 1395 150 129 87 214 93 123 147 136 213 286 1572 87 239 128 262 193 2218 187 174 398 1012 294 1082 218 428 286 117 1065 236 144 93 81 86 194 259 799 308 409 348 644 124 279 340 188 191 88 147 261
internal_value=-0.00221498 -0.0213661 0.0216117 -0.027936 0.0146648 -0.00627431 0.027151 -0.00325323 -0.0115885 0.0107363 -0.0287527 0.0235293 -0.000917782 0.0144555 -0.0136398 -0.00295009 0.0191633 0.0191846 -0.0294016 0.015625 0.00737417 0.00598035 0.00482759 -0.00948472 0.0212537 0.00257703 -0.00886921 0.000346021 -0.00684517 0.00645455 0.026562 0.00908686 0.00377863 -0.00371859 0.0181954 -0.00986842 -0.000791925 -0.0017004 -0.00602782 0.0207585 0.012 -0.0175411 0.00868039 0.00456693 0.0176494 0.00939082 0.00400685 0.0114046 -0.0124848 0.0193262 -0.0295092 -0.00340149 0.029221 -0.00833333 0.00830097 0.0143326 -0.000923077 0.0088027 0.0114074 0.0121749 0.00800847 0.0146711
internal_weight=46171 25597 20574 17833 9129 7764 11445 4951 2813 4875 17100 4167 3660 2313 2359 2704 4254 1716 15189 1583 2562 2136 956 1144 2671 1070 733 866 858 329 2451 448 261 596 1135 1291 1931 1728 646 1502 204 1215 825 380 1488 1066 291 775 494 1216 15096 537 7278 773 205 426 454 592 404 445 235 455
internal_count=46171 25597 20574 17833 9129 7764 11445 4951 2813 4875 17100 4167 3660 2313 2359 2704 4254 1716 15189 1583 2562 2136 956 1144 2671 1070 733 866 858 329 2451 448 261 596 1135 1291 1931 1728 646 1502 204 1215 825 380 1488 1066 291 775 494 1216 15096 537 7278 773 205 426 454 592 404 445 235 455
is_linear=0
shrinkage=0.03


Tree=24
num_leaves=63
num_cat=0
split_feature=0 0 0 9 9 0 1 7 2 5 4 9 1 1 9 1 9 9 7 11 9 0 5 1 9 7 4 0 4 3 3 0 5 9 1 3 1 9 10 7 0 0 10 3 3 9 9 10 4 9 9 11 10 5 3 10 9 5 2 7 10 3
split_gain=22912.9 1011.23 667.85 170.802 224.113 170.687 127.15 80.5031 78.3593 73.645 70.5214 66.9979 42.8511 39.0264 38.0912 35.1874 34.865 200.418 34.8439 31.6114 30.6855 30.541 22.488 22.1958 20.5731 19.9548 19.8621 18.9918 18.3231 17.7459 17.5377 17.2082 16.0909 14.8894 14.742 14.038 13.5028 26.9842 14.5158 17.5743 13.4559 13.4215 13.3826 14.3141 12.353 11.4787 11.2253 10.6887 10.3607 10.1898 114.498 9.7047 9.57786 9.44496 9.37235 9.33676 12.1884 10.9771 8.98282 8.84434 8.80225 8.79693
threshold=0.095000000000000015 0.8650000000000001 0.015000000000000001 0.91597561503675351 0.37940952255126048 0.21500000000000002 1.4750000000000003 0.019447123111539701 0.55000000000000016 0.45000000000000007 1.0000000180025095e-35 0.1294095225512602 0.47500000000000003 0.045000000000000005 -0.5 0.65500000000000014 0.25881904510252057 0.1294095225512602 1.0000000180025095e-35 0.6830127018922193 -0.12940952255126037 1.0000000180025095e-35 0.55000000000000016 1.0000000180025095e-35 0.78656609248549303 0.084135282687147248 0.37222222222222229 1.9450000000000001 0.78333333333333355 0.8500000000000002 0.75000000000000011 0.03500000000000001 0.55000000000000016 -0.70710678118654757 0.92500000000000016 0.62500000000000011 0.24500000000000002 -0.37940952255126015 0.68301270189221941 0.77187910965282791 0.67500000000000016 0.38500000000000006 0.68301270189221941 0.8500000000000002 0.95000000000000007 -0.12940952255126037 -0.37940952255126015 -0.24999999999999994 0.29285714285714293 1.0000000180025095e-35 -0.12940952255126037 0.93301270189221952 0.25000000000000011 0.15000000000000005 0.083333333333333315 0.68301270189221941 -0.12940952255126037 0.45000000000000007 0.35000000000000003 0.40682120305749425 -0.24999999999999994 0.11666666666666667
decision_type=10 10 10 2 2 10 10 8 10 10 8 2 10 10 2 10 2 2 10 2 2 8 10 10 2 10 10 10 10 10 8 10 10 2 10 10 10 2 2 10 10 10 2 10 10 2 2 2 10 2 2 2 2 10 10 2 2 10 10 10 2 8
left_child=2 5 3 4 7 18 9 16 15 20 -6 13 28 19 27 36 17 49 55 26 53 22 24 30 -12 -25 -4 29 -10 -11 -13 -28 -14 -20 -16 -30 40 -38 39 -39 48 -41 -19 -44 -8 -17 -21 -37 -7 50 -1 -24 58 -3 -43 61 57 -57 -48 -15 -31 -2
right_child=1 6 11 -5 10 8 44 -9 12 14 21 23 32 59 34 45 -18 42 33 46 -22 -23 51 25 -26 -27 31 -29 35 60 -32 -33 -34 -35 -36 47 37 38 -40 41 -42 54 43 -45 -46 -47 52 -49 -50 -51 -52 -53 -54 -55 -56 56 -58 -59 -60 -61 -62 -63
leaf_value=-0.00026008642512142285 -8.5218965041536899e-05 0.0053809151625714407 -0.00020553858634485574 -0.00026008642512142285 -0.0002600154835849781 1.4152913945708386e-05 0.010566569827459144 6.2719558841516635e-05 0.00062435424888514679 0.0038174528328944876 -0.00026008642512142285 0.00020465149219007131 0.0023886899562141819 9.5076588105974139e-05 0.00018771832678854237 0.0026995262082981099 -0.00026008642512142285 -7.8833282411301005e-05 0.00048746707759688692 -0.00017629063819530396 0.0010843595486175249 -2.3819152549416685e-05 -0.00026008642512142285 -0.00010142255351112163 -0.00026008642512142285 0.0001010579284460059 -0.00026597557208934183 0.0039548045370208368 0.0034477394323741313 0.0014033134044958847 -3.3675528873036618e-05 -0.00011460192689852902 0.0015666522696866942 0.00023070390146769323 0.0015517227507945946 0.00058447511293756901 0.0014704025188126859 0.0018133169331905695 0.0024321171998203449 0.00051034935194071442 0.00046921737609892096 -0.00014088545396897704 4.0946664275098907e-05 -0.00010359683965491569 0.0039540944905993199 0.00089406358234634276 0.00019475293287127339 0.00089509927605802746 0.00032192075221328911 -0.00026008642512142285 -8.5547469824048809e-06 -0.00026008642512142285 0.00032757397614672308 0.00378005018425784 7.1470500303758008e-05 -0.00010577243557673216 0.0010233711531269759 6.2282291904937746e-05 -0.00022518792698768373 -5.4734815695052127e-05 0.0019279204756565366 1.4187269730390941e-05
leaf_weight=1374 82 1381 346 5749 3655 434 6996 83 1778 471 2245 303 881 211 160 172 1929 651 227 203 270 83 3536 83 1322 83 153 287 189 408 236 279 1136 905 106 320 130 196 95 104 145 100 80 83 375 90 84 852 145 1816 152 314 102 1103 120 83 122 91 114 105 522 509
leaf_count=1374 82 1381 346 5749 3655 434 6996 83 1778 471 2245 303 881 211 160 172 1929 651 227 203 270 83 3536 83 1322 83 153 287 189 408 236 279 1136 905 106 320 130 196 95 104 145 100 80 83 375 90 84 852 145 1816 152 314 102 1103 120 83 122 91 114 105 522 509
internal_value=-0.00227588 0.0209154 -0.0214558 -0.0229931 -0.0215025 0.0132435 0.0265704 -0.026095 0.0154922 0.0227055 -0.0189611 -0.00604429 0.0173473 -0.00944305 0.0182302 0.00995958 -0.0264952 -0.0249266 0.00556931 -0.0117707 0.025873 -0.0206292 -0.0208318 0.00165722 -0.0190947 -0.00790419 -0.0155584 0.0198934 0.0151433 0.0184237 0.00461111 -0.011224 0.0207681 0.0090556 0.00764045 0.0177753 0.00814286 0.0109786 0.00832792 0.00633397 0.00521379 0.00203077 -0.0115583 -0.00384146 0.0290355 0.020076 -0.00589286 0.0165217 0.00315517 -0.0281783 -0.0262868 -0.0224357 -0.00219269 0.0269215 -0.00217195 0.00111486 0.00545455 0.000342857 -0.00603015 0 0.0159828 -0.00106419
internal_weight=46359 20985 25374 23072 17323 8906 12079 6168 6887 4708 11155 2302 5156 1597 1954 1731 6085 4156 2019 1281 2754 7500 7417 705 3567 166 778 1688 3139 1401 539 432 2017 1132 266 1361 1469 745 615 520 724 324 814 163 7371 262 503 1172 579 3342 1526 3850 300 2484 220 887 296 174 198 316 930 591
internal_count=46359 20985 25374 23072 17323 8906 12079 6168 6887 4708 11155 2302 5156 1597 1954 1731 6085 4156 2019 1281 2754 7500 7417 705 3567 166 778 1688 3139 1401 539 432 2017 1132 266 1361 1469 745 615 520 724 324 814 163 7371 262 503 1172 579 3342 1526 3850 300 2484 220 887 296 174 198 316 930 591
is_linear=0
shrinkage=0.03


Tree=25
num_leaves=63
num_cat=0
split_feature=0 8 0 0 1 6 0 9 8 0 0 11 4 5 11 9 6 1 8 2 11 8 1 9 4 10 1 4 8 10 2 6 11 2 10 6 1 8 9 11 2 8 11 1 11 8 5 0 6 0 6 2 0 5 11 2 6 9 5 10 5 9
split_gain=22115 2941.93 1002.92 258.526 216.497 197.237 96.3513 86.6035 84.8211 77.7774 73.4435 62.5846 49.4793 49.1123 42.425 41.3258 43.9737 39.1602 32.9104 31.2252 30.7882 32.4882 25.0361 24.9249 23.52 21.062 22.3731 20.25 20.8062 18.5639 18.5456 18.3531 19.1511 18.1312 17.9222 17.5159 17.4772 17.6484 15.8792 15.5806 15.5406 15.4491 25.2467 15.3372 14.9342 14.3805 13.8059 13.056 12.5064 12.444 12.3951 11.8029 13.85 19.2334 16.5119 11.3659 11.2517 11.0579 10.3237 9.84799 9.3698 9.19972
threshold=0.095000000000000015 -0.37940952255126059 1.0150000000000003 0.03500000000000001 0.32500000000000007 0.96010100249940655 1.6450000000000002 0.78656609248549303 -1.0000000180025095e-35 0.21500000000000002 0.025000000000000005 0.6830127018922193 0.37222222222222229 0.45000000000000007 0.6830127018922193 -0.37940952255126015 0.9919160630702849 0.025000000000000005 -0.98296291314453399 1.0000000180025095e-35 1.0000000180025095e-35 -0.60355339059327362 0.95500000000000007 0.1294095225512602 0.96250000000000002 1.0000000180025095e-35 0.79500000000000015 0.29285714285714293 -0.91597561503675329 1.0000000180025095e-35 0.8500000000000002 0.70439444458987499 0.6830127018922193 0.55000000000000016 0.68301270189221941 0.68180145234509759 0.032500000000000008 0.37940952255126054 0.1294095225512602 -0.24999999999999994 1.0000000180025095e-35 0.60355339059327384 0.25000000000000017 0.025000000000000005 0.93301270189221952 0.78656609248549325 0.45000000000000007 2.0050000000000003 0.85657209643812438 0.015000000000000001 0.23251122184542691 0.95000000000000007 0.64500000000000013 0.63333333333333341 -0.5 0.45000000000000007 0.94457821059868363 -0.5 0.22500000000000003 0.25000000000000011 0.63333333333333341 -0.12940952255126037
decision_type=10 2 10 10 10 2 10 2 2 10 10 2 10 10 2 2 2 10 2 10 2 2 10 2 8 2 10 10 2 2 10 2 2 10 2 2 10 2 2 2 10 2 2 10 2 2 10 10 2 10 2 10 10 10 2 10 2 2 10 2 10 2
left_child=1 5 4 8 9 10 13 11 34 36 20 24 51 18 29 16 60 49 -4 38 21 33 57 -13 39 26 -21 28 -25 -9 -31 -22 -33 -1 -3 59 37 -2 -17 40 -7 61 -43 45 -29 -5 -8 -48 -27 -10 -35 52 -11 54 -54 -39 -24 -15 -18 -14 -6 -37
right_child=2 3 6 43 15 7 46 14 17 12 -12 23 35 22 -16 19 58 -19 -20 25 31 -23 56 27 -26 48 -28 44 -30 30 -32 32 -34 50 -36 41 -38 55 -40 -41 -42 42 -44 -45 -46 -47 47 -49 -50 -51 -52 -53 53 -55 -56 -57 -58 -59 -60 -61 -62 -63
leaf_value=2.2044028057958817e-05 0.00024929608647952453 -0.00025228383236778018 0.0006242971986433419 -6.3102113190180746e-05 0.0014233817584098506 -3.1876347868091748e-06 0.011345483367488821 -9.6538649119652238e-05 -0.00025228383236778018 0.00013369376686844667 -1.68091349924393e-05 3.9500646323110569e-05 0.00020923022937903229 0.0016977532998625256 -0.00019476234931557163 0.00048863808740283096 0.0028022290525695414 -6.4484542896987715e-05 0.0049451407279696219 0.00085148773673291854 -0.00026251354041793574 -0.00025690618452791925 0.0023720820963627474 -6.9518165512337106e-05 -7.7123527790632704e-05 0.00070342102834767802 0.0019426208127206216 -5.663970470732211e-05 1.5196378331117573e-05 9.0452393761787916e-06 -0.00013438979083172281 -7.7710676901473878e-05 -0.00025493565539710591 -0.00019926432842986416 -0.00025228383236778018 0.0016225232345277892 0.00019225400543601844 -0.00010649464115676639 -0.0002296228520271938 7.3891986035874449e-06 0.00010675457925378772 0.00082991179553810373 6.9262557388758062e-05 -2.1673982856015258e-05 -0.00016835287762342126 -0.00018569783730538168 0.0043106051257043665 0.0072152940746029537 0.0017405883336885136 -0.00025854770635747607 -9.3931933656065783e-05 0.00055966426811822323 0.00026321471154256353 -0.00018393217327670059 0.0011256365130713506 2.2967559295930873e-06 0.0036999726774769137 0.0005273205819051024 0.0022916271323211229 0.00058480644786270428 0.00090692458514945876 0.00041696431313388246
leaf_weight=116 335 1430 176 110 397 283 5457 440 14758 904 324 383 258 558 385 214 546 104 2049 456 424 290 219 158 167 84 171 440 313 462 167 161 170 247 503 832 852 101 81 1362 887 375 161 218 244 342 478 1166 615 323 243 252 122 80 187 455 590 89 1116 292 880 127
leaf_count=116 335 1430 176 110 397 283 5457 440 14758 904 324 383 258 558 385 214 546 104 2049 456 424 290 219 158 167 84 171 440 313 462 167 161 170 247 503 832 852 101 81 1362 887 375 161 218 244 342 478 1166 615 323 243 252 122 80 187 455 590 89 1116 292 880 127
internal_value=-0.00245112 -0.0211715 0.0205963 -0.0278667 0.0136962 -0.00563454 0.0269257 -0.00279866 -0.0285823 0.00958943 -0.0138006 -0.000630014 0.0121136 0.0229685 -0.0091134 0.0184959 0.0206224 -0.0293382 0.0257817 0.0146301 -0.016362 -0.0125753 0.0186548 -0.00545809 0.00212222 0.0165938 0.0125637 -0.00765571 -0.00286017 -0.00602804 -0.00271429 -0.0208333 -0.0154518 -0.00859967 -0.0226319 0.015176 0.00438647 0.00144619 0.00577703 0.00284248 0.00538002 0.016865 0.0127374 -0.00956781 -0.0109489 -0.0127152 0.0289735 0.0264802 0.0201857 -0.0294649 -0.0111202 0.00805304 0.00688563 0.0116154 0.015 -0.00183124 0.0221852 0.014213 0.0238485 0.0105626 0.0164085 0.0191562
internal_weight=46129 25454 20675 17788 9893 7666 10782 5691 17118 5333 1975 4237 3590 3681 1454 4560 2939 15185 2225 1621 1651 896 1456 1538 2699 1326 627 1155 471 1069 629 755 331 606 1933 2045 1743 891 295 2532 1170 1495 536 670 684 452 7101 1644 699 15081 490 1545 1293 389 309 556 809 647 1662 550 1277 959
internal_count=46129 25454 20675 17788 9893 7666 10782 5691 17118 5333 1975 4237 3590 3681 1454 4560 2939 15185 2225 1621 1651 896 1456 1538 2699 1326 627 1155 471 1069 629 755 331 606 1933 2045 1743 891 295 2532 1170 1495 536 670 684 452 7101 1644 699 15081 490 1545 1293 389 309 556 809 647 1662 550 1277 959
is_linear=0
shrinkage=0.03


Tree=26
num_leaves=63
num_cat=0
split_feature=0 8 0 0 1 2 3 8 9 9 9 8 11 9 8 1 1 3 0 11 1 7 2 10 1 3 0 8 11 11 10 8 10 0 5 11 5 7 3 9 8 8 0 5 7 3 0 8 10 3 11 7 5 2 2 0 10 3 10 5 10 5
split_gain=21855 2923.72 1003.08 297.966 163.508 144.766 103.573 95.9889 68.9503 68.7973 60.9711 57.1574 49.2988 38.0621 37.6013 37.1586 36.826 32.213 31.9612 27.7011 27.2742 28.1099 26.7228 26.1794 23.1094 19.9066 19.6729 17.8366 17.638 16.7013 15.2859 14.637 14.469 14.4682 16.869 14.314 14.2984 14.2026 13.5247 13.1354 12.6254 12.578 12.5145 11.7876 11.6354 18.7505 13.1203 11.5748 11.4661 11.353 13.4937 11.3249 20.5133 11.313 11.2921 11.2562 11.0227 10.9038 10.8446 10.4875 10.2603 10.0686
threshold=0.10500000000000002 -0.37940952255126059 1.0150000000000003 0.025000000000000005 0.33500000000000008 0.65000000000000002 0.8500000000000002 -1.0000000180025095e-35 -0.70710678118654757 0.78656609248549303 0.78656609248549303 -0.98296291314453399 0.25000000000000017 0.1294095225512602 -0.91597561503675329 1.7550000000000001 0.025000000000000005 0.95000000000000007 0.21500000000000002 0.6830127018922193 0.79500000000000015 0.83778422232501881 0.55000000000000016 1.0000000180025095e-35 0.025000000000000005 0.95000000000000007 1.5850000000000002 0.78656609248549325 -0.24999999999999994 0.6830127018922193 1.0000000180025095e-35 -0.98296291314453399 0.68301270189221941 2.0150000000000001 0.71666666666666667 0.25000000000000017 0.71666666666666667 0.047700308792458977 0.45000000000000007 0.1294095225512602 0.60355339059327384 -0.91597561503675329 0.64500000000000013 0.083333333333333315 0.027226537766589971 0.95000000000000007 0.03500000000000001 0.78656609248549325 0.68301270189221941 0.35000000000000003 -0.5 0.48564560439560439 0.083333333333333315 0.45000000000000007 1.0000000180025095e-35 0.055000000000000007 0.25000000000000011 0.083333333333333315 1.0000000180025095e-35 0.55000000000000016 0.25000000000000011 0.22500000000000003
decision_type=10 2 10 10 10 8 10 2 2 2 2 2 2 2 2 10 8 10 10 2 10 10 10 2 10 10 10 2 2 2 2 2 2 10 10 2 10 10 10 2 2 2 10 10 10 8 10 2 2 10 2 10 10 10 10 10 2 10 2 10 2 10
left_child=1 5 4 7 8 10 11 29 25 12 19 43 44 31 20 33 -9 61 37 36 21 51 42 -12 27 -2 38 -5 58 56 -23 59 -27 34 -8 60 49 40 -13 -21 48 -41 -20 -4 45 -7 -47 -44 -10 -1 -51 -6 -53 -42 -32 -26 -3 -25 -24 -14 -11 -16
right_child=2 3 6 24 14 9 15 16 18 35 23 26 13 -15 17 -17 -18 -19 22 39 -22 30 28 57 55 32 -28 -29 -30 -31 54 -33 -34 -35 -36 -37 -38 -39 -40 41 53 -43 47 -45 -46 46 -48 -49 -50 50 -52 52 -54 -55 -56 -57 -58 -59 -60 -61 -62 -63
leaf_value=1.3568221882298767e-05 0.0019462898302988613 -0.0002447153173967468 0.0013270848681146213 -6.1209049794475309e-05 0.0011463709122610988 -7.2622215838163625e-06 0.0021704446494090535 -0.0002447153173967468 1.9376416915394544e-05 -0.00017615422463538173 -9.7748513709283662e-05 0.0054119461470517336 1.3580101301550289e-05 -0.00013146645610895391 0.0026378044380395882 0.0059083459085610248 -9.6767167832306894e-05 0.0010767542117273714 0.00015140648216003253 0.00017317302049864132 0.0022852121717441159 -9.9517481787514753e-05 0.00051985195991408105 -0.00012112312129689681 -6.6759485213790685e-05 0.00032961210920287777 0.010447707358540616 -0.00018528288568067761 0.00048548261429785854 -0.0002447153173967468 8.4795194021488536e-05 0.00012102840702860252 0.00074688842783473923 0.0038569307180412048 0.0015608868269666122 -0.00024728758573519272 -6.4034834637517049e-05 0.00021578281551962368 0.0037665868617821727 -6.2951577651433469e-05 -0.00012049921756903123 -1.8084026392855002e-05 0.00097873350403026639 0.00019573492354085648 5.2687872005720106e-05 -0.00010623205161987448 1.410422344258571e-05 0.00013878580185757702 0.00055569645609546939 0.00017495614934887429 4.696400948563637e-05 0.0021443514138555849 0.00068431692739950758 5.4458613018280687e-06 0.0016377665063618434 2.3771416531799954e-05 -0.0002447153173967468 5.344475841322202e-05 0.0006478169161552896 -0.00020410273079685806 -0.00014348492931707594 0.0024305059024115616
leaf_weight=1006 574 795 120 126 287 641 575 14919 153 314 521 1150 129 1203 596 674 86 1275 722 182 432 164 305 230 107 530 6504 485 699 477 100 101 303 232 566 405 163 638 951 206 88 429 124 100 184 653 80 121 132 270 396 186 284 352 100 163 664 229 502 183 255 1049
leaf_count=1006 574 795 120 126 287 641 575 14919 153 314 521 1150 129 1203 596 674 86 1275 722 182 432 164 305 230 107 530 6504 485 699 477 100 101 303 232 566 405 163 638 951 206 88 429 124 100 184 653 80 121 132 270 396 186 284 352 100 163 664 229 502 183 255 1049
internal_value=-0.00246931 -0.0209741 0.020542 -0.0276721 0.013535 -0.0056291 0.0268022 -0.0285568 0.00993707 -0.0094577 -0.00125516 0.0282155 -0.00731339 -0.0109833 0.0177492 0.0206982 -0.0293703 0.0197604 0.00784988 0.00110818 0.0139575 0.0114706 0.00988278 -0.00764526 -0.0106463 0.0156179 0.0286021 -0.0138725 0.0123822 -0.0222406 0.00460274 -0.00311594 0.0126259 0.0178384 0.0164186 -0.0164308 0.00315359 0.00415689 0.0260181 -0.00348411 0.00128099 -0.00551887 0.0059814 0.0130317 -0.00350225 -0.00445091 -0.0077248 0.0118293 0.00618881 0.00398087 0.00701649 0.0147625 0.0118471 -0.00190476 0.0101493 -0.00332103 -0.0206096 -0.00241304 0.0154084 -0.00632588 -0.0133158 0.0225456
internal_weight=46190 25602 20588 17822 9716 7780 10872 16941 5243 4148 3632 8825 3174 1616 4473 2047 15005 2920 3836 2652 1553 1121 2473 980 881 1407 8605 611 1506 1936 364 413 833 1373 1141 974 1835 1363 2101 817 725 635 967 220 1558 1374 733 245 285 1672 666 757 470 440 200 270 1459 459 807 312 569 1645
internal_count=46190 25602 20588 17822 9716 7780 10872 16941 5243 4148 3632 8825 3174 1616 4473 2047 15005 2920 3836 2652 1553 1121 2473 980 881 1407 8605 611 1506 1936 364 413 833 1373 1141 974 1835 1363 2101 817 725 635 967 220 1558 1374 733 245 285 1672 666 757 470 440 200 270 1459 459 807 312 569 1645
is_linear=0
shrinkage=0.03


Tree=27
num_leaves=63
num_cat=0
split_feature=0 0 0 1 9 9 1 6 9 7 5 9 0 0 6 0 9 9 1 10 1 7 2 9 7 5 3 9 9 2 9 1 11 3 6 1 11 9 0 6 10 0 9 1 9 5 9 2 9 6 3 11 10 0 10 9 11 11 10 10 9 9
split_gain=21319.1 1001.34 723.282 158.938 155.883 252.176 120.546 92.2355 70.8445 62.6616 61.1107 45.9092 41.6874 40.2507 35.7812 35.0297 34.8065 222.088 34.5908 27.2613 31.6505 24.9 24.6401 23.9867 23.9255 23.4934 22.6338 21.9399 35.3818 21.9048 20.7614 18.4506 18.2508 17.9886 17.8777 16.45 15.7747 15.4425 14.9245 14.5754 17.2422 14.2633 20.494 16.8867 19.8279 13.9419 13.8839 15.6013 13.0657 14.1929 12.8942 12.6556 12.1842 12.0133 11.6634 11.5909 11.5867 11.4519 10.4524 10.4155 10.3186 10.203
threshold=0.10500000000000002 1.0350000000000004 0.015000000000000001 0.47500000000000003 0.91597561503675351 0.37940952255126048 1.635 0.9919160630702849 -0.70710678118654757 0.019447123111539701 0.22500000000000003 0.1294095225512602 0.055000000000000007 1.0000000180025095e-35 0.22141493827114764 0.21500000000000002 0.25881904510252057 0.1294095225512602 1.0000000180025095e-35 -0.24999999999999994 1.1250000000000002 0.04259855736514994 0.55000000000000016 -0.12940952255126037 0.036704507984361021 0.15000000000000005 0.95000000000000007 1.0000000180025095e-35 -0.12940952255126037 0.75000000000000011 -0.12940952255126037 0.025000000000000005 -0.24999999999999994 0.8500000000000002 0.9919160630702849 1.0000000180025095e-35 0.93301270189221952 0.78656609248549303 1.9450000000000001 0.70439444458987499 0.68301270189221941 0.64500000000000013 -0.5 0.23500000000000001 -0.37940952255126015 0.55000000000000016 -0.12940952255126037 0.35000000000000003 0.98296291314453421 0.9919160630702849 0.62500000000000011 -0.24999999999999994 1.0000000180025095e-35 0.30500000000000005 1.0000000180025095e-35 -0.70710678118654757 1.0000000180025095e-35 -0.24999999999999994 1.0000000180025095e-35 1.0000000180025095e-35 -0.9159756150367534 0.78656609248549303
decision_type=10 10 10 10 2 2 10 2 2 8 10 2 10 10 2 10 2 2 10 2 10 10 10 2 10 8 10 2 2 10 2 10 2 10 2 10 2 2 10 2 2 10 2 10 2 10 2 10 2 2 10 2 2 10 2 2 2 2 2 2 2 2
left_child=2 3 4 8 5 9 10 22 14 16 30 12 27 25 -2 24 17 -1 26 20 46 -20 -7 33 -10 37 58 28 31 41 -3 -4 59 55 56 57 -27 -9 -35 -19 -41 43 -43 -17 -45 -8 -5 -48 49 -6 -16 -52 -39 -36 -51 -12 -21 -14 -13 -31 -53 -24
right_child=1 6 11 19 48 7 45 13 15 -11 23 18 35 -15 50 29 -18 39 21 34 -22 -23 61 -25 -26 36 -28 -29 -30 32 -32 -33 -34 38 53 -37 -38 52 -40 40 -42 42 -44 44 -46 -47 47 -49 -50 54 51 60 -54 -55 -56 -57 -58 -59 -60 -61 -62 -63
leaf_value=-0.00023737385787484438 0.00026785030743006007 0.0055885407651935729 -0.00024300641865192312 0.0010473092456234393 -0.00023737385787484438 -0.00023737385787484438 0.010679875826772458 -0.00023737385787484438 1.2057880615350541e-05 -4.2862300750305843e-06 0.0052184352283029135 3.9643962770993659e-05 -0.00011339471533545123 0.00011739992048739166 0.003007691301607615 0.00013466203014004868 -0.00023737385787484438 -0.00015402727923704245 -9.4143078767387859e-05 0.0014804936054382018 0.0033404128218323284 -2.6028796280995607e-05 -0.00023737385787484438 0.00026635770164157746 0.00023794007721282098 -0.00023737385787484438 -6.5692963027414846e-05 -0.00012523029381685362 -0.00010177450764017519 0.00052242576004523028 0.00069880894784975114 -4.4098405666275816e-05 0.00053570596985568083 0.0015518319850588008 0.0011257230932491373 3.5321267238045714e-05 -0.00023737385787484438 -0.00023737385787484438 0.0033068743957305451 -7.0825099114473641e-05 9.7095707075710992e-06 0.0014187811956261217 0.00023618324190089835 0.00091420284256997248 0.00061572446035954335 0.0063924863734509934 -0.00022843049965162675 0.00085366683720803965 -0.00023737385787484438 -0.00023737385787484438 0.0012616221408935906 0.0011445969033304739 -0.00023737385787484438 0.0026003261311620218 -0.00023737385787484438 0.0021768324836132706 0.00099039806880864278 -8.590618692345477e-05 0.0004168569649250156 0.00063828551153534798 0.00067137676901341925 -0.00023737385787484438
leaf_weight=3349 463 1624 409 799 1065 558 5444 2602 682 82 681 189 167 83 292 796 1950 96 81 414 325 118 1630 93 716 3483 140 97 284 261 140 159 601 877 92 322 441 669 223 589 124 182 216 107 493 1178 83 133 1952 1310 197 332 822 1376 1463 417 248 267 255 467 489 867
leaf_count=3349 463 1624 409 799 1065 558 5444 2602 682 82 681 189 167 83 292 796 1950 96 81 414 325 118 1630 93 716 3483 140 97 284 261 140 159 601 877 92 322 441 669 223 589 124 182 216 107 493 1178 83 133 1952 1310 197 332 822 1376 1463 417 248 267 255 467 489 867
internal_value=-0.00273657 0.020113 -0.0209651 0.0131674 -0.022618 -0.0211916 0.0264628 -0.0184932 0.0103225 -0.0260507 0.0223743 -0.00559261 -0.00835287 -0.0168127 0.0154059 0.00832596 -0.0264004 -0.0248281 0.000420918 0.0183232 0.0149441 -0.01035 -0.0229418 0.019123 0.00437455 -0.0170279 0.00410256 -0.0125368 -0.010973 0.0100928 0.0265836 -0.01529 0.013015 0.0197544 0.0204411 -0.00309115 -0.0186955 -0.015425 0.0170027 -0.0107037 -0.00920168 0.00792201 0.0129323 0.00648533 0.0102829 0.0289627 0.012313 0.00552995 -0.0268865 -0.0258349 0.0179405 0.0163101 -0.0178753 0.0223009 -0.0246683 0.0224932 0.0162896 -0.00689655 0.00741573 0.016214 0.014635 -0.0242234
internal_weight=46064 20441 25623 9764 23135 17345 10677 11155 6294 6190 4055 2488 1705 8100 1773 4521 6108 4158 783 3470 1340 199 3055 2291 1398 8017 584 949 852 3123 1764 568 1329 2198 2130 756 3924 4093 1100 809 713 1794 398 1396 600 6622 1015 216 5790 3838 1310 1018 1491 1468 2773 1098 662 434 444 728 821 2497
internal_count=46064 20441 25623 9764 23135 17345 10677 11155 6294 6190 4055 2488 1705 8100 1773 4521 6108 4158 783 3470 1340 199 3055 2291 1398 8017 584 949 852 3123 1764 568 1329 2198 2130 756 3924 4093 1100 809 713 1794 398 1396 600 6622 1015 216 5790 3838 1310 1018 1491 1468 2773 1098 662 434 444 728 821 2497
is_linear=0
shrinkage=0.03


Tree=28
num_leaves=63
num_cat=0
split_feature=0 8 0 0 6 0 8 0 9 9 0 5 11 7 7 6 8 11 9 11 4 8 4 10 9 4 3 9 3 7 0 8 11 8 0 0 10 10 11 3 6 10 10 9 6 11 10 6 4 9 8 4 8 4 11 8 5 11 7 0 6 11
split_gain=20874.8 3030.83 1068.74 300.692 177.463 142.414 118.947 110.114 83.6454 73.8181 67.1636 60.5782 56.5168 38.9836 36.7673 40.8264 34.9053 37.9838 34.3294 30.1868 30.1673 27.3849 27.3285 26.0134 24.5926 23.3704 23.0188 21.424 21.3345 20.2656 19.4446 16.8105 35.1474 20.5773 16.6517 16.6296 16.5616 15.4647 16.1936 15.1315 15.0983 15.0085 14.2297 13.8287 16.1262 13.6974 13.6331 13.6265 13.5684 12.9726 12.9342 12.4589 11.7977 13.7631 12.7589 11.1822 10.9938 14.6879 13.2553 10.9529 10.8733 13.7932
threshold=0.10500000000000002 -0.37940952255126059 1.0350000000000004 0.025000000000000005 0.9919160630702849 0.30500000000000005 -1.0000000180025095e-35 1.7050000000000003 0.1294095225512602 0.78656609248549303 0.015000000000000001 0.45000000000000007 0.25000000000000017 1.0000000180025095e-35 0.012233807188218654 0.9919160630702849 -0.70710678118654735 1.0000000180025095e-35 -0.37940952255126015 0.6830127018922193 0.083333333333333315 -0.98296291314453399 0.29285714285714293 1.0000000180025095e-35 0.1294095225512602 0.9125000000000002 0.95000000000000007 -0.5 0.8500000000000002 0.53906154375849213 0.042500000000000003 0.91597561503675362 -0.24999999999999994 0.60355339059327384 0.6150000000000001 0.64500000000000013 0.68301270189221941 0.25000000000000011 1.0000000180025095e-35 0.35000000000000003 0.70439444458987499 1.0000000180025095e-35 1.0000000180025095e-35 -0.70710678118654757 0.4354827905513497 0.25000000000000017 -0.24999999999999994 0.56067335994511591 0.75833333333333341 -0.37940952255126015 -0.91597561503675329 0.96250000000000002 -0.91597561503675329 0.78333333333333355 0.93301270189221952 -0.98296291314453399 0.55000000000000016 1.0000000180025095e-35 0.27395054917498379 0.21500000000000002 0.25225449781670933 0.25000000000000017
decision_type=10 2 10 10 2 10 2 10 2 2 10 10 2 10 10 2 2 2 2 2 10 2 10 2 2 8 10 2 10 10 10 2 2 2 10 10 2 2 2 10 2 2 2 2 2 2 2 2 10 2 2 10 2 10 2 2 10 2 10 10 2 2
left_child=1 4 5 6 10 13 42 11 14 12 16 21 25 31 22 23 17 47 26 37 50 -4 35 -16 -22 -6 -17 29 -9 -13 -5 32 -2 59 48 -7 52 -11 -39 -10 -19 -20 -3 44 -15 -44 -35 -1 -24 -8 55 -32 -26 54 -54 -14 -25 -58 -59 -34 -45 -62
right_child=2 3 7 30 9 8 49 28 39 19 -12 27 20 43 15 18 -18 40 41 -21 24 -23 34 56 36 -27 -28 -29 -30 -31 51 -33 33 46 -36 -37 -38 38 -40 -41 -42 -43 45 60 -46 -47 -48 -49 -50 -51 -52 -53 53 -55 -56 -57 57 58 -60 -61 61 -63
leaf_value=-0.00014432137776842021 0.00057079939859685548 -0.00023025264213859907 0.00081592946298533579 -0.00019520972126363482 4.2261349606007027e-05 0.00010076079377509491 -0.00023025264213859907 0.010204421048818343 -0.00018785529154606169 -8.3561674226240995e-05 -4.4620704541599442e-05 0.0018098784304358016 0.00029260971079456729 0.00025981479820715844 0.00060038412489748746 0.002714525111395168 -0.00023536615302398228 -0.00025229652388644583 0.0011436270352800709 -0.00015449192354937785 6.3031450737097494e-05 0.004565104623691447 0.00045444501809030686 0.0015578794505653776 -7.8119090427934091e-05 -7.9195006134903596e-05 0.0013068927503696692 0.0009424609988281981 0.0046141835404437184 0.0039538169297828095 -0.00010957745305957592 -9.3742207473303563e-05 4.5493721519004882e-05 6.3657509505140664e-05 0.0018645971903436009 0.00051994044839361487 -5.3373853314839584e-06 9.1847583722958333e-05 -0.00012290894961866934 0.00042028499384029082 -0.00012948621471242631 0.0017436303329768296 -0.00023025264213859907 6.3740820062364582e-05 0.0013439583054024643 -0.00023025264213859907 -0.00010347479572493719 -8.3632308989698738e-06 0.0010247537038359943 -0.00023025264213859907 3.3733174507437611e-05 3.2096437498276063e-05 -5.7719362490853651e-06 -0.00015221969037409878 -0.00014832383956058396 -6.3592869379205355e-05 0.00093457174186318084 0.00077446138099563418 6.724035386530033e-05 0.00056241388430199415 0.00035744774447318139 0.00029539144316500441
leaf_weight=329 272 934 172 281 1733 353 479 6020 153 537 509 809 109 251 814 1324 530 294 503 376 342 2251 278 208 334 103 425 181 828 512 532 179 251 143 357 357 227 232 247 160 351 681 670 241 215 337 218 223 254 14638 428 102 329 204 120 196 524 202 121 101 753 496
leaf_count=329 272 934 172 281 1733 353 479 6020 153 537 509 809 109 251 814 1324 530 294 503 376 342 2251 278 208 334 103 425 181 828 512 532 179 251 143 357 357 227 232 247 160 351 681 670 241 215 337 218 223 254 14638 428 102 329 204 120 196 524 202 121 101 753 496
internal_value=-0.00276018 -0.0207821 0.0197385 -0.0275448 -0.00510317 0.0125857 -0.0284436 0.026266 0.0150469 -0.00221276 -0.0122307 0.022244 -0.000196316 0.00728613 0.0157873 0.0171018 -0.0150521 -0.0121953 0.0193149 -0.00818378 -0.00334061 0.0251856 0.0118312 0.0136203 -0.00570328 0.00372346 0.0219943 0.017485 0.0285677 0.0188124 -0.0107751 0.00293562 0.00447262 0.000966387 0.0153371 0.00742616 -0.0077037 -0.00548673 -0.0015625 -9.55414e-05 -0.0171362 0.0153418 -0.0214264 0.00987225 0.0143897 -0.0188988 -0.00406077 -0.00640145 0.0119325 -0.0293432 0.00167575 -0.00784252 -0.00938259 -0.00701835 -0.00406667 -0.00303922 0.016733 0.0151769 0.0100926 0.00611898 0.0084507 0.009576
internal_weight=46333 25726 20607 17973 7753 9834 17058 10773 6714 5517 2236 3925 4125 3120 6401 4802 1727 1197 2933 1392 2289 2423 1599 1869 1556 1836 1749 1502 6848 1321 915 1164 985 713 889 710 1214 1016 479 313 645 1184 1941 1956 466 1007 361 552 532 15117 733 634 987 653 449 305 1055 847 323 352 1490 1249
internal_count=46333 25726 20607 17973 7753 9834 17058 10773 6714 5517 2236 3925 4125 3120 6401 4802 1727 1197 2933 1392 2289 2423 1599 1869 1556 1836 1749 1502 6848 1321 915 1164 985 713 889 710 1214 1016 479 313 645 1184 1941 1956 466 1007 361 552 532 15117 733 634 987 653 449 305 1055 847 323 352 1490 1249
is_linear=0
shrinkage=0.03


Tree=29
num_leaves=63
num_cat=0
split_feature=0 8 1 0 0 6 8 0 11 9 1 0 2 9 6 6 2 8 6 1 9 9 11 11 2 2 1 8 4 10 6 1 9 1 7 10 10 11 9 11 6 6 0 11 2 9 0 4 8 11 1 10 10 6 4 8 8 8 10 1 0 10
split_gain=20093 3125.08 1049.62 304.672 191.377 155.062 142.439 92.9948 78.759 74.0687 72.8592 71.4677 58.7143 52.7757 51.538 50.0566 38.8481 38.8445 37.8888 37.8228 33.9864 32.7403 29.0943 26.3596 25.2984 24.9329 22.7306 22.5384 21.0463 20.9238 20.9032 20.3771 20.1373 20.0249 66.1007 19.3227 19.1876 18.9831 16.7275 15.9406 15.8658 15.6035 14.1824 14.1153 25.2743 13.847 12.8602 16.8312 13.4947 12.8383 12.6435 11.067 10.7923 10.7159 10.4369 10.4118 10.3763 9.86178 19.7542 9.73607 9.59566 9.48764
threshold=0.10500000000000002 -0.37940952255126059 0.9850000000000001 0.025000000000000005 0.64500000000000013 0.96010100249940655 -1.0000000180025095e-35 1.6950000000000001 0.6830127018922193 -0.5 0.26500000000000007 0.03500000000000001 0.45000000000000007 0.78656609248549303 0.9919160630702849 0.9919160630702849 0.55000000000000016 -0.60355339059327362 0.9919160630702849 0.015000000000000001 -0.37940952255126015 -0.9159756150367534 0.6830127018922193 1.0000000180025095e-35 0.35000000000000003 0.25000000000000006 0.40500000000000008 -0.60355339059327362 0.17499999999999996 1.0000000180025095e-35 0.75185124348285037 0.025000000000000005 0.1294095225512602 1.0000000180025095e-35 1.0000000180025095e-35 0.25000000000000011 -0.24999999999999994 -0.5 -0.12940952255126037 0.6830127018922193 0.31691654995395618 0.96010100249940655 0.8650000000000001 0.25000000000000017 0.8500000000000002 0.37940952255126048 0.15500000000000003 0.75833333333333341 -0.91597561503675329 1.0000000180025095e-35 1.8350000000000002 1.0000000180025095e-35 0.25000000000000011 0.94457821059868363 0.78333333333333355 0.78656609248549325 -0.60355339059327362 0.37940952255126054 -0.6830127018922193 0.32500000000000007 0.055000000000000007 0.68301270189221941
decision_type=10 2 10 10 10 2 2 10 2 2 10 10 10 2 2 2 10 2 2 10 2 2 2 2 10 10 10 2 10 2 2 10 2 8 10 2 2 2 2 2 2 2 10 2 10 2 10 10 2 2 10 2 2 2 10 2 2 2 2 10 10 2
left_child=1 5 4 6 10 11 18 15 13 14 12 16 57 33 59 50 56 28 -3 -8 41 40 29 27 -16 -22 42 -18 -10 -20 -27 55 52 43 -35 -15 -34 -17 61 -32 -14 -12 -11 -7 -45 -25 48 -48 -23 -37 -4 -40 -30 -9 -19 -5 -1 58 -2 -6 -33 -28
right_child=2 3 7 31 9 8 19 53 17 26 20 -13 21 35 24 37 23 54 22 -21 25 46 -24 45 -26 30 38 -29 32 -31 39 60 36 34 -36 49 -38 -39 51 -41 -42 -43 -44 44 -46 -47 47 -49 -50 -51 -52 -53 -54 -55 -56 -57 -58 -59 -60 -61 -62 -63
leaf_value=-8.112333972000799e-06 -0.00011896518344659489 -0.00022334506287444107 0.0015282285780516089 -7.8975910498657029e-05 0.0009957083345114642 4.0364805395199793e-05 -0.00022334506287444107 0.005678730727011359 1.0690206917673105e-06 0.00027014606338395577 0.00064315028109562225 1.5427151696495263e-05 0.00023828194100417854 -7.454928681778245e-05 0.0044605416463573645 0.0025968068244401786 -0.00012264364129298936 -0.0001153109439362619 -0.00022334506287444107 -8.0255089334291941e-05 0.00013733552968921926 0.0003010582986424609 -0.00022334506287444107 -0.00013983744865341137 0.0027190685379021853 0.00013146216481164943 0.00091999738278101368 -0.00022977181645634367 -9.9092067598148534e-05 -0.00014497142885084921 0.0011142011762221877 -7.2036458724153456e-05 -2.744957431203062e-06 -0.00010349799725112748 0.0003842902699935262 8.9511705215225765e-05 -0.00010202713745576239 0.0050234417120799055 9.9499056628126739e-05 0.00029708697286775831 0.0011283098152846877 0.0013662552764208311 -0.00028662123446063394 2.186495585846498e-05 -7.5846716373412758e-05 -0.00023365196185100431 0.00023926964472569976 0.00050727422446049386 -9.121209491469439e-07 -9.5737088408283158e-05 0.003538780255273816 0.0015505094448330979 0.0003086044160294163 0.0099244328026916236 -0.00028173709186938737 -0.00016331291701151372 -0.00012840321241668366 -4.1278940617113726e-05 0.00094811173459374929 0.0012342731422438618 1.0008482291716871e-05 0.0024360677417135383
leaf_weight=211 114 503 587 137 305 1747 14784 543 536 158 693 302 132 546 710 993 490 288 426 146 347 228 373 228 1606 151 305 225 195 602 579 112 154 81 96 261 593 1768 129 132 232 642 125 584 185 439 1291 876 338 270 236 185 103 5758 104 475 108 488 187 648 163 83
leaf_count=211 114 503 587 137 305 1747 14784 543 536 158 693 302 132 546 710 993 490 288 426 146 347 228 373 228 1606 151 305 225 195 602 579 112 154 81 96 261 593 1768 129 132 232 642 125 584 185 439 1291 876 338 270 236 185 103 5758 104 475 108 488 187 648 163 83
internal_value=-0.00256098 -0.0203726 0.019492 -0.0273203 0.0129715 -0.00447657 -0.0282233 0.0265375 -0.00196901 0.0179083 0.009703 -0.0116617 0.00711603 0.000572792 0.0200826 0.0226611 -0.0140482 -0.00682371 -0.0204724 -0.0292104 0.0136503 0.00897676 -0.0179101 -0.0162256 0.0225032 0.00999174 0.0106795 -0.0121927 -0.00472187 -0.015277 0.0127231 -0.0101689 -0.00719885 0.00281737 -0.00691011 -0.00503711 -0.0098262 0.0246017 0.0135704 0.0148736 0.0174247 0.0169536 0.00348592 0.00350417 0.000116883 -0.020524 0.00784565 0.0088976 0.00380952 -0.000958647 0.0161286 0.00838095 -0.000602007 0.0287385 -0.0152672 -0.0132137 -0.00459375 -0.000189873 0.00407285 0.0141824 -0.00336957 0.0177378
internal_weight=46036 25467 20569 17721 10684 7746 16834 9885 5743 4254 6430 2003 3886 3770 3269 3584 1701 1973 1904 14930 2544 3097 1401 1382 2316 1209 985 715 1581 1028 862 887 1045 2693 177 1077 747 2761 702 711 364 1335 283 2516 769 667 2733 2167 566 531 823 314 298 6301 392 612 319 789 301 953 275 388
internal_count=46036 25467 20569 17721 10684 7746 16834 9885 5743 4254 6430 2003 3886 3770 3269 3584 1701 1973 1904 14930 2544 3097 1401 1382 2316 1209 985 715 1581 1028 862 887 1045 2693 177 1077 747 2761 702 711 364 1335 283 2516 769 667 2733 2167 566 531 823 314 298 6301 392 612 319 789 301 953 275 388
is_linear=0
shrinkage=0.03


Tree=30
num_leaves=63
num_cat=0
split_feature=1 9 8 1 9 11 6 8 3 3 9 9 11 11 8 1 3 8 2 10 8 6 1 11 10 10 1 8 6 8 1 6 4 2 11 8 9 11 9 8 2 11 11 5 10 11 1 1 6 10 6 10 10 6 4 10 8 2 2 5 10 8
split_gain=16056.9 3050.44 2876.9 948.765 540.754 222.079 198.043 150.091 119.752 100.103 96.748 93.8997 136.168 88.7643 66.3205 63.1495 56.8011 49.6662 48.7801 46.6875 46.0748 44.3798 43.8084 42.2023 56.105 40.3044 34.7243 33.0724 29.8067 26.7363 26.6606 25.8272 25.0361 23.8444 23.6607 46.2241 22.9061 22.8203 24.2198 21.6824 28.4167 30.4695 21.2078 21.0189 20.4449 21.5424 19.3418 18.772 18.6996 17.9033 16.665 16.0506 14.3839 14.3796 14.3218 17.5263 15.2328 13.9107 13.847 13.7724 13.561 13.5118
threshold=0.045000000000000005 -0.5 -0.37940952255126059 0.95500000000000007 -0.37940952255126015 1.0000000180025095e-35 0.9919160630702849 -1.0000000180025095e-35 0.95000000000000007 0.75000000000000011 -0.37940952255126015 1.0000000180025095e-35 -0.5 0.6830127018922193 0.60355339059327384 1.635 0.95000000000000007 -0.60355339059327362 0.75000000000000011 -0.6830127018922193 -0.60355339059327362 0.9919160630702849 1.0000000180025095e-35 0.25000000000000017 -0.24999999999999994 1.0000000180025095e-35 0.20500000000000004 -0.60355339059327362 0.6284387002523627 -0.98296291314453399 0.32500000000000007 0.94457821059868363 0.17499999999999996 1.0000000180025095e-35 0.6830127018922193 0.37940952255126054 0.1294095225512602 -0.5 0.1294095225512602 0.37940952255126054 0.65000000000000002 0.25000000000000017 1.0000000180025095e-35 1.0000000180025095e-35 1.0000000180025095e-35 0.6830127018922193 2.0750000000000006 0.41500000000000004 0.70439444458987499 0.93301270189221952 0.43196237513855623 1.0000000180025095e-35 0.25000000000000011 0.59844731329174716 0.96250000000000002 -0.5 -0.91597561503675329 0.55000000000000016 0.25000000000000006 0.45000000000000007 0.25000000000000011 -0.91597561503675329
decision_type=10 2 2 10 2 2 2 2 10 8 2 2 2 2 2 10 10 2 10 2 2 2 8 2 2 2 10 2 2 2 10 2 10 10 2 2 2 2 2 2 10 2 2 8 2 2 10 10 2 2 2 2 2 2 10 2 2 10 10 10 2 2
left_child=1 9 6 10 5 28 18 21 15 14 16 12 43 17 57 29 39 22 53 -7 32 -6 54 -16 -25 58 -27 37 -4 -5 -18 -31 -15 -28 50 -36 60 -20 -39 48 -41 -42 -14 -9 -23 -46 -10 -43 -2 -21 -11 -19 -37 -3 55 56 -8 -1 -12 -17 -34 -57
right_child=3 2 4 8 7 19 13 11 46 34 25 -13 42 20 23 59 30 51 27 49 -22 44 -24 24 -26 26 33 -29 -30 31 -32 -33 36 -35 35 52 -38 38 -40 40 41 47 -44 -45 45 -47 -48 -49 -50 -51 -52 -53 -54 -55 -56 61 -58 -59 -60 -61 -62 -63
leaf_value=0.0065616390887701416 0.001379405757247998 -0.00010532279705136465 -8.8626532043430269e-05 0.00085127182556450512 -0.00021664471098820786 1.5097034445811473e-05 -6.5355210727991304e-05 9.4698812270442334e-05 0.0015701231817326919 7.4361165720756442e-05 -2.5469220019647581e-05 -0.00021664471098820786 -0.00021390766628008899 4.5102844231149735e-06 0.0015760683238525786 0.0097822572126385846 0.00030804300133410853 -7.1216573024885467e-05 -8.5395948818178368e-05 -0.00021664471098820786 -0.00016466124242355831 -0.00021664471098820786 -0.00010540645285464229 0.0013782074801191101 -0.00012312846222423791 0.00013842271719584083 0.00038122569494017822 -0.00022135159784824146 0.00031032136555602134 0.0020758403953115043 0.00088490737912520995 0.0040159391197736594 -9.9978658518533076e-05 0.00093633626449920169 0.00082849583066434997 1.578798730339781e-06 -8.395193430336289e-05 -0.00011285110147779831 -0.00023380698088364138 0.00081259748033702035 0.0011620444239596065 -9.792321767281245e-05 -0.00021664471098820786 -0.00014111812338522641 -0.00014001076328468614 -0.00021664471098820786 0.0042131665320453123 0.00060322608747193974 0.0029992218656767688 -0.00011968675607946194 0.00081118953826882115 -3.495386682925308e-05 -0.00020957949516315941 -2.4293559559804598e-05 -4.3838813061551594e-05 0.00040518099642773621 3.0675653086690427e-05 0.0031577427633328659 0.00028439593355547896 0.0060782540696060258 0.00047748041121749752 4.6313955117926151e-05
leaf_weight=445 121 309 137 250 536 100 263 105 751 242 328 13378 247 548 335 5331 983 434 326 567 374 661 89 146 188 499 241 331 469 270 1316 1940 152 908 182 141 719 202 622 359 150 105 953 334 604 142 189 82 1004 127 564 604 117 406 105 306 624 363 1043 1341 103 1270
leaf_count=445 121 309 137 250 536 100 263 105 751 242 328 13378 247 548 335 5331 983 434 326 567 374 661 89 146 188 499 241 331 469 270 1316 1940 152 908 182 141 719 202 622 359 150 105 953 334 604 142 189 82 1004 127 564 604 117 406 105 306 624 363 1043 1341 103 1270
internal_value=-0.00276355 -0.0164366 -0.0195835 0.0201714 -0.0260639 -0.00813704 -0.00430277 -0.0275432 0.0261015 0.0137775 0.0118025 -0.0285597 -0.02175 -0.00130365 0.0190595 0.0271521 0.0147925 0.00140422 -0.0119345 -0.018566 -0.00657881 -0.0196759 0.00357788 0.0120448 0.00447761 0.00771854 0.0108793 -0.0150405 0.00553542 0.023015 0.0116478 0.0240706 -0.00425476 0.0137478 0.00750601 0.00190476 -0.00713846 -0.0126151 -0.0152727 0.0187541 0.0145481 0.00825444 -0.0269775 -0.00743182 -0.0168537 -0.0134137 0.0158767 0.000159574 0.021341 -0.0213237 0.0105576 -0.00415784 -0.00625483 -0.00548883 0.00429739 0.00476055 0.00138514 0.0248455 0.00391399 0.0286738 0.000585937 0.00665821
internal_weight=46081 28870 26147 17211 18360 1400 7787 16960 10072 2723 7139 15017 1639 5591 1477 9132 4120 3695 2196 794 1896 1943 2657 669 334 3019 1648 1481 606 2460 2299 2210 1522 1149 1246 440 974 1150 824 1821 696 337 1200 439 1407 746 940 187 1125 694 806 1038 258 715 2568 2463 887 808 1371 6672 255 1576
internal_count=46081 28870 26147 17211 18360 1400 7787 16960 10072 2723 7139 15017 1639 5591 1477 9132 4120 3695 2196 794 1896 1943 2657 669 334 3019 1648 1481 606 2460 2299 2210 1522 1149 1246 440 974 1150 824 1821 696 337 1200 439 1407 746 940 187 1125 694 806 1038 258 715 2568 2463 887 808 1371 6672 255 1576
is_linear=0
shrinkage=0.03


Tree=31
num_leaves=63
num_cat=0
split_feature=0 8 0 0 0 8 6 3 11 7 0 9 7 8 6 0 9 9 3 11 8 6 8 11 8 8 11 6 0 0 7 0 4 2 11 6 11 6 9 3 8 5 2 6 3 11 0 2 5 4 4 6 11 6 8 9 9 11 7 11 2 3
split_gain=19308.6 3022.15 1067.66 385.294 181.25 178.919 138.854 97.8947 81.8041 61.0847 56.4427 51.3095 56.5919 51.6091 50.4523 48.4982 48.4044 40.8367 36.7383 33.9294 32.2265 31.987 27.4133 24.1064 41.9795 38.695 23.44 23.4358 22.6127 21.2625 21.1245 20.0697 19.6128 19.4224 18.3967 17.8143 17.1797 16.3493 16.2829 16.1831 15.683 18.1127 15.3976 14.994 14.9127 15.5645 14.5213 14.2095 12.7786 12.5707 12.0002 11.4344 11.2933 11.0874 10.5101 17.6248 10.2635 11.8856 10.1149 9.79906 9.71367 9.22894
threshold=0.115 -0.37940952255126059 1.2850000000000004 0.025000000000000005 0.51500000000000012 -1.0000000180025095e-35 0.9919160630702849 0.75000000000000011 0.6830127018922193 1.0000000180025095e-35 1.0000000180025095e-35 -0.12940952255126037 0.57767099613725714 0.78656609248549325 0.9919160630702849 1.9450000000000001 -0.37940952255126015 0.78656609248549303 0.75000000000000011 1.0000000180025095e-35 -0.60355339059327362 0.9919160630702849 -0.60355339059327362 -0.24999999999999994 0.91597561503675362 0.60355339059327384 0.6830127018922193 0.72773610537564315 1.0000000180025095e-35 0.042500000000000003 0.45369903320722993 1.8050000000000004 0.68285714285714294 1.0000000180025095e-35 1.0000000180025095e-35 0.75185124348285037 0.6830127018922193 0.5339159821931253 0.1294095225512602 0.25000000000000006 -0.98296291314453399 0.083333333333333315 0.65000000000000002 0.94457821059868363 0.95000000000000007 -0.24999999999999994 0.21500000000000002 0.25000000000000006 0.083333333333333315 0.17499999999999996 0.78333333333333355 0.9919160630702849 0.93301270189221952 0.40469693966315429 -0.91597561503675329 0.1294095225512602 -0.70710678118654757 0.25000000000000017 1.0000000180025095e-35 0.6830127018922193 0.65000000000000002 0.62500000000000011
decision_type=10 2 10 10 10 2 2 10 2 10 10 2 10 2 2 10 2 2 10 2 2 2 2 2 2 2 2 2 10 10 10 10 10 10 2 2 2 2 2 10 2 10 10 2 8 2 10 10 10 10 10 2 2 2 2 2 2 2 10 2 10 10
left_child=1 6 4 5 9 14 10 31 17 23 19 12 13 18 -3 30 21 44 -6 22 32 -11 37 24 -2 46 -16 -21 -7 -5 -9 34 54 -18 48 -35 -29 -1 -34 -14 41 -13 -12 -32 45 47 -25 -8 -4 -22 -31 59 -37 -24 55 -10 -23 -58 -44 -20 -43 -48
right_child=2 3 7 29 11 28 8 15 20 16 42 40 39 -15 26 -17 33 -19 51 27 49 56 53 25 -26 -27 -28 36 -30 50 43 -33 38 35 -36 52 -38 -39 -40 -41 -42 60 58 -45 -46 -47 61 -49 -50 -51 -52 -53 -54 -55 -56 -57 57 -59 -60 -61 -62 -63
leaf_value=-0.00012787740872658129 0.00062648666004511643 -0.00021014536965856162 0.0034789427239374586 -0.00018015833013978604 0.0026368939634945749 -0.00021014536965856162 1.9950645197116586e-05 0.0015207137229277029 -5.2283583628438474e-06 0.00042126556566020139 0.00017604362545820833 0.002537977717661784 0.003301500521938176 0.00016876068117938672 -0.00021014536965856162 0.0056474051467060764 -5.4615106315618677e-06 -6.1431884206494808e-05 0.00093125524745899218 -0.00022679277145713214 -6.3100005240605519e-05 0.0022099266055895031 -0.00021623811402720611 3.9598638472566181e-05 -2.1734736288855524e-05 -6.9442653907650972e-05 -0.00021014536965856162 -6.8230866640171548e-05 -0.00021014536965856162 -9.9279079403169718e-05 0.0019474636771726127 0.010060746578665826 -1.7236052049100085e-05 0.00010586012626645144 0.0066361681869633957 0.00061469408563795348 -0.00021410653995131864 1.5722225441953222e-05 -0.0001277449388552725 0.0023682982152506775 -0.00014334381872467159 0.00018600323728807045 -0.00010301201151100367 0.0036232678546320651 -1.7806330652223001e-05 1.22006903708715e-05 0.0023136298437280087 0.0001614734645363531 0.0025621976841084071 -0.00026834514184059897 -1.5457506434135518e-05 0.0014727608458961464 4.0779858033654358e-05 -0.00012613306545813371 2.6432293671423569e-06 -5.8686676142063481e-05 0.0012029564083692573 0.00061062779501797244 -1.6300162191457394e-05 0.00032818167900818901 0.0007170649848493568 0.00025595165760073458
leaf_weight=309 397 534 358 278 969 14355 364 487 250 1181 110 285 536 304 1039 1187 238 1046 1005 395 156 345 155 196 236 590 373 197 599 430 153 4926 145 357 1036 1149 216 230 348 1096 83 212 280 577 428 1197 84 581 433 233 280 1053 93 174 502 253 125 287 256 129 153 190
leaf_count=309 397 534 358 278 969 14355 364 487 250 1181 110 285 536 304 1039 1187 238 1046 1005 395 156 345 155 196 236 590 373 197 599 430 153 4926 145 357 1036 1149 216 230 348 1096 83 212 280 577 428 1197 84 581 433 233 280 1053 93 174 502 253 125 287 256 129 153 190
internal_value=-0.00279114 -0.0200937 0.0189644 -0.0268959 0.01279 -0.0279605 -0.00454255 0.0265768 -0.00194586 0.00886451 -0.0106931 0.0164727 0.0175417 0.0153597 -0.0193837 0.0213555 0.0109878 0.00069671 0.0164967 -0.0135957 -0.00700742 0.014296 -0.00945915 0.00412633 0.00875394 0.00135721 -0.0163907 -0.0180222 -0.0290752 -0.00867543 0.0171182 0.028432 -0.00500334 0.00749184 0.0256838 0.00868125 -0.012971 -0.00527778 -0.00989879 0.0221555 0.0090327 0.0105991 -0.00315301 0.0203557 0.00273046 0.00375175 0.0077707 0.00662791 0.0221591 -0.0146923 -0.00590717 0.0143282 0.0103781 -0.0162727 -0.00259443 -0.00565476 0.0191161 0.0158354 -0.0052514 0.0122115 0.00614754 0.0122182
internal_weight=46163 25713 20450 17888 11293 16900 7825 9157 5503 5468 2322 5825 5092 3460 1946 2404 3775 3616 3156 1676 1887 1938 868 1693 633 1060 1412 808 14954 988 1217 6753 1498 1837 1827 1599 413 539 493 1632 733 650 646 730 2570 2142 470 945 791 389 710 2187 1242 329 1005 503 757 412 536 1134 365 274
internal_count=46163 25713 20450 17888 11293 16900 7825 9157 5503 5468 2322 5825 5092 3460 1946 2404 3775 3616 3156 1676 1887 1938 868 1693 633 1060 1412 808 14954 988 1217 6753 1498 1837 1827 1599 413 539 493 1632 733 650 646 730 2570 2142 470 945 791 389 710 2187 1242 329 1005 503 757 412 536 1134 365 274
is_linear=0
shrinkage=0.03


Tree=32
num_leaves=63
num_cat=0
split_feature=7 9 8 9 9 3 11 8 6 2 9 10 11 9 11 11 10 3 6 6 9 8 8 8 10 8 2 5 8 9 11 6 6 10 4 6 11 8 5 5 11 2 6 5 3 5 3 5 11 2 5 11 2 6 7 9 8 4 9 7 10 11
split_gain=15445.1 2934.08 2742.72 614.141 612.563 473.695 188.983 183.989 167.173 102.536 99.7227 88.6051 80.4764 76.258 117.789 75.8444 72.4747 66.9772 59.9337 59.2683 55.2705 63.9185 49.3143 44.8772 39.6976 39.467 36.5744 31.4102 30.2638 36.6065 37.1985 30.1245 28.1776 25.8862 25.8332 25.4549 27.4931 24.3835 23.5655 22.0472 20.9864 20.1506 19.2982 18.6264 18.3743 17.5839 17.4087 17.2145 16.5936 16.5111 16.4748 15.7167 14.9841 16.6388 14.493 14.0474 13.9873 13.903 13.1371 13.0552 12.7477 15.7667
threshold=1.0000000180025095e-35 -0.5 -0.37940952255126059 -0.5 -0.37940952255126015 0.95000000000000007 1.0000000180025095e-35 -1.0000000180025095e-35 0.96010100249940655 0.75000000000000011 -0.78656609248549325 1.0000000180025095e-35 0.6830127018922193 1.0000000180025095e-35 -0.5 0.25000000000000017 -0.24999999999999994 0.45000000000000007 0.9919160630702849 0.9919160630702849 -0.12940952255126037 0.91597561503675362 0.60355339059327384 -0.60355339059327362 -0.6830127018922193 -0.60355339059327362 0.75000000000000011 0.45000000000000007 0.91597561503675362 -0.12940952255126037 0.6830127018922193 0.2422058823782218 0.9919160630702849 1.0000000180025095e-35 0.083333333333333315 0.94457821059868363 -0.24999999999999994 -0.60355339059327362 1.0000000180025095e-35 0.35000000000000003 0.6830127018922193 0.55000000000000016 0.40469693966315429 0.22500000000000003 0.95000000000000007 0.35000000000000003 0.95000000000000007 0.22500000000000003 1.0000000180025095e-35 1.0000000180025095e-35 0.22500000000000003 1.0000000180025095e-35 0.25000000000000006 0.96010100249940655 0.12020544346364019 -0.70710678118654757 -0.60355339059327362 0.37222222222222229 0.1294095225512602 0.74230230553759979 1.0000000180025095e-35 0.25000000000000017
decision_type=10 2 2 2 2 10 2 2 2 10 2 2 2 2 2 2 2 8 2 2 2 2 2 2 2 2 10 10 2 2 2 2 2 2 10 2 2 2 8 10 2 10 2 10 8 10 8 10 2 10 10 2 10 2 10 2 2 10 2 10 2 2
left_child=1 10 8 5 6 9 42 19 26 39 17 28 23 14 38 44 -17 -1 41 -6 21 47 27 46 -8 34 56 -11 29 30 50 54 -19 55 -14 36 -29 48 -9 -2 -21 -13 -4 -26 -12 59 -10 -20 -28 -22 -5 -16 -31 -54 -7 -33 -3 -44 -36 -32 -25 -62
right_child=3 2 4 11 7 31 24 13 12 22 15 18 25 -15 51 16 -18 32 20 40 49 -23 -24 60 43 -27 37 35 -30 52 45 33 -34 -35 58 -37 -38 -39 -40 -41 -42 -43 57 -45 -46 -47 -48 -49 -50 -51 -52 -53 53 -55 -56 -57 -58 -59 -60 -61 61 -63
leaf_value=0.0058106747231040194 0.0094447595717388061 -3.1232396053085478e-05 -9.5338152798233458e-05 0.0012411746065493065 -0.00020384100856880478 0.00019116286486307277 2.2395204240703327e-05 0.00011020750931395213 3.3986872103205206e-05 0.0046207972523868148 0.001333505195309369 0.0010633676047364766 8.354101596514933e-06 -0.00020384100856880478 -0.00020768195970144506 0.00086515015342690017 -0.00015988367975633278 0.00030977044860444847 0.0027833426581752641 -0.00020384100856880478 0.00033627915377200943 4.8847612683452497e-05 0.0003111614660711841 -7.3874045744235498e-05 -0.00013585715266371221 -0.00014354859411371869 -0.00011691658206321074 0.0036319618932128565 -0.00010348648586504759 -0.00016802648165478926 0.0023126656016862809 0.0010576025848337133 0.0023134868099598683 0.0012746995675702087 -5.5347902275456637e-05 0.0030571102957466772 0.00077311661939851177 -0.00020822390649197805 -0.00014877523589541789 0.0053400845635902918 -0.00020384100856880478 0.00011944562634675161 0.00017483516566156208 -0.00020384100856880478 0.00029224161105641629 -0.00015045903334118857 -1.8095325029461576e-05 0.0012410043795797636 -0.00021998898831341817 0.0010200914332330932 0.00053982270318456626 -0.00020384100856880478 -3.2508634687027843e-05 0.00075803339162923259 0.00061382492319088172 0.00021509496059216528 -0.00021781465840113872 0.00050416040463341729 -7.4981626171016072e-05 -1.7971506731059157e-05 9.9827894539293054e-06 -0.00013185840059991392
leaf_weight=576 4898 408 91 291 530 480 94 95 2335 1351 462 107 433 13444 206 191 332 297 543 1015 229 139 140 448 299 392 432 120 171 215 91 742 511 1246 292 980 226 289 313 1825 381 640 310 402 240 135 463 356 481 612 550 953 240 406 544 180 180 205 858 83 494 121
leaf_count=576 4898 408 91 291 530 480 94 95 2335 1351 462 107 433 13444 206 191 332 297 543 1015 229 139 140 448 299 392 432 120 171 215 91 742 511 1246 292 980 226 289 313 1825 381 640 310 402 240 135 463 356 481 612 550 953 240 406 544 180 180 205 858 83 494 121
internal_value=-0.00291517 -0.0165182 -0.0195656 0.0192441 -0.0258531 0.0226938 -0.00678317 -0.02743 -0.00444474 0.0260413 0.0138046 0.0101061 -0.0019839 -0.0285512 -0.0222513 0.00756117 -0.00108779 0.0193213 0.013818 -0.0186819 0.0166755 0.021309 0.0212172 0.000535992 -0.0163945 -0.00690789 -0.0124623 0.0221247 0.00563445 0.00666501 0.0101651 0.012684 0.0137206 0.0146888 -0.00479167 0.0188093 0.0117579 -0.0154613 -0.00836186 0.0280592 -0.0154188 0.00661765 0.00583196 -0.0188462 0.0139972 0.00125806 0.00252947 0.0242333 -0.0130306 0.0109382 0.0134323 -0.0271293 0.00198376 0.00426584 0.00842927 0.0108559 -0.00631579 0.0080814 -0.00714162 0.00754286 -0.00470865 -0.00189935
internal_weight=46113 28573 25964 17540 18338 12732 1401 16937 7626 9540 2609 4808 5836 15011 1567 1225 523 1384 2626 1926 1879 1038 2817 3861 795 1975 1790 2677 2182 2011 1150 3192 808 2168 1583 1326 346 1202 408 6723 1396 747 606 701 702 309 2798 899 913 841 841 1159 861 646 1024 922 588 515 1150 174 1063 615
internal_count=46113 28573 25964 17540 18338 12732 1401 16937 7626 9540 2609 4808 5836 15011 1567 1225 523 1384 2626 1926 1879 1038 2817 3861 795 1975 1790 2677 2182 2011 1150 3192 808 2168 1583 1326 346 1202 408 6723 1396 747 606 701 702 309 2798 899 913 841 841 1159 861 646 1024 922 588 515 1150 174 1063 615
is_linear=0
shrinkage=0.03


Tree=33
num_leaves=63
num_cat=0
split_feature=7 9 1 9 9 11 1 5 1 3 9 5 10 6 7 3 11 9 9 9 9 9 9 9 11 9 9 9 9 9 11 10 9 9 9 11 6 9 9 6 5 10 11 5 11 6 1 10 3 2 11 5 3 3 6 10 10 10 10 7 5 3
split_gain=15082.8 2846.92 1130.82 273.691 198.901 200.206 152.064 111.283 97.958 96.5238 55.2166 54.9963 52.512 51.3479 43.423 38.4097 38.1912 65.104 38.0671 37.8152 67.0501 111.952 83.5653 85.9535 70.3032 34.6627 127.412 111.17 107.453 121.605 73.1965 46.8274 35.029 34.4459 31.3929 27.2287 26.9242 32.0045 25.1545 24.8583 24.3527 23.5215 23.0818 22.7195 21.3696 21.1696 20.6622 20.2578 19.5624 19.0498 18.5367 18.1397 17.8667 17.7893 17.732 19.7121 17.3797 16.7978 16.7715 16.2639 16.3934 15.875
threshold=1.0000000180025095e-35 -0.5 0.93500000000000016 0.91597561503675351 -0.37940952255126015 -0.24999999999999994 1.8550000000000002 0.15000000000000005 0.28500000000000009 0.45000000000000007 -0.70710678118654757 0.45000000000000007 -0.24999999999999994 0.9919160630702849 0.72666367926354991 0.62500000000000011 0.6830127018922193 -0.9159756150367534 -0.12940952255126037 0.37940952255126048 0.25881904510252057 0.1294095225512602 1.0000000180025095e-35 -0.12940952255126037 -0.68301270189221952 0.37940952255126048 0.25881904510252057 0.1294095225512602 1.0000000180025095e-35 -0.12940952255126037 -0.5 0.68301270189221941 0.78656609248549303 -0.70710678118654757 -0.37940952255126015 1.0000000180025095e-35 0.9919160630702849 0.98296291314453421 -0.12940952255126037 0.54269012772290737 0.45000000000000007 0.68301270189221941 0.25000000000000017 0.45000000000000007 0.25000000000000017 0.96010100249940655 0.082500000000000018 -0.24999999999999994 0.95000000000000007 1.0000000180025095e-35 0.6830127018922193 0.15000000000000005 0.8500000000000002 0.25000000000000006 0.69300588406246244 -0.5 0.25000000000000011 0.25000000000000011 0.25000000000000011 0.33236032509254937 0.63333333333333341 0.95000000000000007
decision_type=10 2 10 2 2 2 10 8 10 8 2 10 2 2 10 10 2 2 2 2 2 2 2 2 2 2 2 2 2 2 2 2 2 2 2 2 2 2 2 2 10 2 2 10 2 2 10 2 8 10 2 10 10 10 2 2 2 2 2 10 10 10
left_child=1 9 8 4 5 -3 11 25 33 10 -1 18 43 -9 15 38 48 -18 53 20 21 22 23 24 -15 26 27 28 29 30 -6 -29 -27 39 51 -12 -5 50 -10 57 -8 -14 -21 -7 -23 -13 -35 -37 -11 -36 -38 -16 -43 -4 -17 -56 -19 -2 -25 60 -48 -47
right_child=2 3 6 36 7 12 40 13 14 16 35 45 41 19 34 54 17 56 -20 42 -22 44 -24 58 -26 32 -28 31 -30 -31 -32 -33 -34 46 49 47 37 -39 -40 -41 -42 52 -44 -45 -46 61 59 -49 -50 -51 -52 -53 -54 -55 55 -57 -58 -59 -60 -61 -62 -63
leaf_value=0.0055815692898987784 -1.5515859163783841e-06 0.00025180081642693153 0.0051235871968916824 -0.00019772577831174063 6.8251845529029991e-05 3.6386803186172451e-05 0.0095826916850230443 -0.00019772577831174063 0.0037252839163286395 0.0015938113588519212 0.0019950863625559315 0.0014071357776359811 -0.00019772577831174063 -7.0128866956175454e-06 0.00094543761617719697 0.00047512697474103748 0.0020903457529273407 3.8722699556904598e-05 0.00095531873004827566 -0.00019772577831174063 -0.00019772577831174063 0.00013537272846757845 -0.00019772577831174063 -0.00018431865727591766 -0.00019772577831174063 -0.00018989792377731177 -0.00019772577831174063 -6.5364683606933396e-05 -0.00019772577831174063 0.00039467378636225809 -0.00019772577831174063 0.00024619031390346249 -0.00019772577831174063 -7.0066520642848851e-06 -5.8222472971291499e-05 0.0011135856209826219 -0.00019772577831174063 -0.00019772577831174063 0.00088866272334819224 0.001045864798676064 0.0055962232702737426 -8.8109756436714949e-05 -0.00019772577831174063 -0.00020484579163883613 -5.3613232316881034e-05 0.0027731651347723042 0.00057755247339664724 -1.5578332277357831e-06 0.00030047733514631511 0.00083589874631038812 -0.00019772577831174063 0.00031877850869557869 -0.00020137745937079092 0.0032214312643194503 0.00077800549617995228 0.0011862788836290161 -0.00020299817697011415 0.00042555204258081533 0.00033894882167375946 6.8814402769003312e-05 0.00017230511381231728 0.0015081595746406051
leaf_weight=574 197 499 907 1606 105 185 4769 4442 514 580 165 519 315 111 170 911 183 237 214 2163 732 127 776 151 548 3147 710 368 656 215 408 214 1732 688 288 95 2026 1436 113 338 1343 176 1889 101 288 765 296 163 461 498 738 145 108 1322 434 1481 166 208 127 637 512 259
leaf_count=574 197 499 907 1606 105 185 4769 4442 514 580 165 519 315 111 170 911 183 237 214 2163 732 127 776 151 548 3147 710 368 656 215 408 214 1732 688 288 95 2026 1436 113 338 1343 176 1889 101 288 765 296 163 461 498 738 145 108 1322 434 1481 166 208 127 637 512 259
internal_value=-0.00309716 -0.0164799 0.0188328 -0.0194747 -0.0178294 -0.00684477 0.0253688 -0.018633 0.00994752 0.0133029 0.0206513 0.0207976 -0.0154063 -0.0205125 0.012685 0.0143399 0.00878993 0.00265758 0.0236047 -0.0188862 -0.0215379 -0.0188257 -0.0222112 -0.0161514 -0.0220455 -0.015806 -0.0185581 -0.0146111 -0.0192347 -0.0112757 -0.0192023 -0.00360206 -0.014293 0.00561001 0.00748639 0.0123821 -0.0252213 -0.0239372 0.0210669 0.0111694 0.0283461 -0.02045 -0.0170096 -0.00480836 -0.00483173 0.0163407 0.00366917 0.00625483 0.0122361 0.00426938 -0.0220253 0.0154747 -0.0141053 0.0247668 0.0128405 0.0144833 -0.00408416 0.006133 -0.00215054 0.00570539 0.00852905 0.0188488
internal_weight=46251 28723 17528 26099 20293 1384 10098 18909 7430 2624 997 3986 885 11354 4554 3453 1627 586 2443 6912 2860 2128 1713 937 659 7555 2676 1966 1384 728 513 582 4879 2876 1101 423 5806 4200 627 743 6112 599 4052 286 415 1543 2133 258 1041 786 2764 315 284 2229 2826 1915 403 405 278 1445 808 1024
internal_count=46251 28723 17528 26099 20293 1384 10098 18909 7430 2624 997 3986 885 11354 4554 3453 1627 586 2443 6912 2860 2128 1713 937 659 7555 2676 1966 1384 728 513 582 4879 2876 1101 423 5806 4200 627 743 6112 599 4052 286 415 1543 2133 258 1041 786 2764 315 284 2229 2826 1915 403 405 278 1445 808 1024
is_linear=0
shrinkage=0.03


Tree=34
num_leaves=63
num_cat=0
split_feature=0 8 0 0 8 1 6 5 0 11 6 1 4 0 6 8 11 8 1 1 2 8 8 1 3 6 0 11 4 0 1 1 3 11 0 11 3 0 11 6 1 11 11 2 5 10 4 8 1 6 2 10 11 6 8 11 8 8 11 1 8 5
split_gain=18006.8 3140.55 1155.85 332.527 230.161 228.98 147.964 107.564 77.6548 73.6516 67.9013 63.7982 57.222 55.0268 43.236 41.2861 36.2589 33.8976 32.2447 31.9598 30.8021 27.6428 26.3627 25.4211 25.0957 23.9214 22.679 28.1987 21.723 20.7696 20.6447 19.3989 19.1148 18.5724 24.5549 18.0086 16.6689 16.6519 19.6723 15.9723 15.8971 15.8253 15.0061 20.5307 14.9762 14.1574 13.7465 13.4423 13.9228 13.0367 12.8218 14.4554 13.4899 11.8968 11.6551 14.194 11.5712 16.7179 14.3766 17.1406 11.355 12.0868
threshold=0.10500000000000002 -0.37940952255126059 1.3650000000000004 0.015000000000000001 -1.0000000180025095e-35 0.56500000000000006 0.96010100249940655 0.35000000000000003 0.27500000000000008 0.6830127018922193 0.9919160630702849 2.1750000000000003 0.58333333333333337 0.025000000000000005 0.9919160630702849 -0.60355339059327362 0.6830127018922193 -0.60355339059327362 0.025000000000000005 1.0000000180025095e-35 0.75000000000000011 -0.98296291314453399 0.60355339059327384 0.015000000000000001 0.57500000000000007 0.9919160630702849 0.88500000000000012 -0.68301270189221952 0.17499999999999996 0.042500000000000003 0.045000000000000005 0.83500000000000008 0.95000000000000007 1.0000000180025095e-35 2.0850000000000004 1.0000000180025095e-35 0.11666666666666667 1.8650000000000004 1.0000000180025095e-35 0.46864169028679781 1.9450000000000001 -0.68301270189221952 0.25000000000000017 0.8500000000000002 0.083333333333333315 -0.5 1.0000000180025095e-35 0.91597561503675362 0.015000000000000001 0.34382695391616697 0.8500000000000002 1.0000000180025095e-35 -0.24999999999999994 0.59844731329174716 0.91597561503675362 -0.9330127018922193 -0.70710678118654735 0.37940952255126054 0.25000000000000017 0.23500000000000001 -0.70710678118654735 0.55000000000000016
decision_type=10 2 10 10 2 10 2 10 10 2 2 10 10 10 2 2 2 2 10 8 10 2 2 10 10 2 10 2 10 10 10 10 10 2 10 2 10 10 2 2 10 2 2 10 10 2 8 2 10 2 8 2 2 2 2 2 2 2 2 10 2 10
left_child=1 6 5 4 10 8 13 37 22 15 -3 25 26 20 40 19 50 28 29 42 53 45 39 -6 -14 -9 54 -28 -11 -5 -21 -23 -33 34 -27 49 -29 38 44 -2 60 47 -8 -44 -4 -16 -17 -24 -49 -22 51 52 -12 -1 55 -10 58 -58 59 -41 -7 -62
right_child=2 3 7 18 23 14 9 11 12 17 16 -13 24 -15 21 46 -18 -19 -20 30 35 31 41 -25 -26 33 27 36 -30 -31 -32 32 -34 -35 -36 -37 -38 -39 -40 56 -42 -43 43 -45 -46 -47 -48 48 -50 -51 -52 -53 -54 -55 -56 -57 57 -59 -60 -61 61 -63
leaf_value=-0.00011061500306133815 3.7499162175917418e-05 -0.0001917940049623884 0.0033013310057321507 -0.00019917020194248135 -0.0001917940049623884 0.00050190505739289466 5.1347461099971663e-05 0.001677435191711653 0.00070161163264701896 4.6641815573845827e-06 -0.0001917940049623884 0.0067472447270065412 0.0030758924957963872 -1.143643451814412e-05 0.00039373843432694564 -4.1980730537969666e-06 -0.0001917940049623884 -0.0001376454808083443 -1.3611681856615689e-05 -0.00010730181653428036 -0.00019601417153711497 0.0014583169629747859 0.00042754588079581404 -8.5305723264937562e-05 0.00073717532621019163 0.0016040394452139584 0.00017183445582823821 0.0020171549046487849 -7.3488172442334458e-05 -0.0001183323228874038 0.00016092441364841354 0.0030518880115871171 0.0014646961702924279 0.0052612962557008792 0.0037736974496692453 -0.00019707072305481753 0.0011111497373656543 0.0097836322553875744 0.006578748293023998 0.00020739145523134862 0.0037256472010532057 -4.0466131884688075e-05 2.2370685769095062e-05 -7.0835521544200224e-05 0.0022837275297060075 0.0018808238590279239 -8.1440275121734754e-05 -7.5937418843658651e-05 0.00018861269910108285 -0.00012594726274387647 -0.0001917940049623884 -7.3377868092344101e-05 -4.3524745591524961e-05 -3.7977488288296562e-05 -3.0884252351678078e-05 0.00036761928507514526 0.0011202449205908449 0.00018324676963723001 0.00020811088365320265 0.0010792610054673215 0.0014685310575775583 0.00096323338987779408
leaf_weight=259 452 528 384 393 14774 326 1773 600 192 544 165 1115 298 369 103 495 379 389 302 91 315 729 140 81 1709 417 158 147 1047 405 82 1605 262 528 275 570 350 4252 872 335 135 650 584 186 345 381 582 112 93 254 266 402 169 258 144 1907 124 95 402 121 208 610
leaf_count=259 452 528 384 393 14774 326 1773 600 192 544 165 1115 298 369 103 495 379 389 302 91 315 729 140 81 1709 417 158 147 1047 405 82 1605 262 528 275 570 350 4252 872 335 135 650 584 186 345 381 582 112 93 254 266 402 169 258 144 1907 124 95 402 121 208 610
internal_value=-0.00302991 -0.0197935 0.0178772 -0.0267271 -0.0277757 0.0117364 -0.00390819 0.0261122 0.00853163 -0.00145999 -0.0179529 0.0214067 0.0107318 -0.0108835 0.017195 0.000988403 -0.0144356 -0.00614841 -0.0107357 0.00295915 -0.0132167 0.0191237 0.00425347 -0.0290368 0.0146265 0.0179242 0.00803036 0.0129421 -0.00420226 -0.0138924 -0.00948276 0.0203543 0.0219861 0.020344 0.0170563 -0.0159737 0.0164458 0.0284677 0.0257865 0.00672549 0.0125391 0.000451807 0.00380896 0.000311284 0.0220685 0.0124948 -0.00397959 0.00563584 0.000728155 -0.0121579 -0.0114257 -0.00936228 -0.0139701 -0.00712355 0.00659091 0.00715714 0.00871058 0.0148636 0.00712456 0.0107659 0.0113712 0.0132601
internal_weight=46238 25662 20576 17864 16764 11788 7798 8788 7429 5773 1909 2935 4905 2025 4359 3793 1381 1980 1100 2716 1656 3080 2524 14855 2007 1820 2898 655 1591 798 173 2596 1867 1220 692 1139 497 5853 1601 1529 1279 995 2543 770 729 484 1077 345 205 569 1002 736 334 517 2243 2099 1077 219 858 456 1144 818
internal_count=46238 25662 20576 17864 16764 11788 7798 8788 7429 5773 1909 2935 4905 2025 4359 3793 1381 1980 1100 2716 1656 3080 2524 14855 2007 1820 2898 655 1591 798 173 2596 1867 1220 692 1139 497 5853 1601 1529 1279 995 2543 770 729 484 1077 345 205 569 1002 736 334 517 2243 2099 1077 219 858 456 1144 818
is_linear=0
shrinkage=0.03


Tree=35
num_leaves=63
num_cat=0
split_feature=0 8 0 0 8 0 6 3 1 6 9 4 11 0 3 9 11 1 1 11 4 8 3 6 1 1 7 1 4 11 9 10 6 3 11 11 1 10 8 6 0 11 11 10 11 6 8 1 3 0 6 9 11 6 11 8 7 9 10 10 11 7
split_gain=17595.1 3051.82 1315.5 251.291 204.824 224.569 151.26 108.614 102.091 77.5009 67.4662 54.8891 48.8328 46.4495 41.5663 36.825 36.0198 32.5017 32.4411 31.4749 29.2598 28.7136 27.7787 27.7709 27.5701 25.8395 25.7319 25.3853 24.9612 23.3418 21.3026 19.5383 18.7464 18.2209 18.0116 17.428 17.1153 17.0017 15.6081 15.3495 17.6154 21.2085 14.3765 13.6574 13.4094 13.1937 12.7306 12.3018 12.0426 11.7738 11.7599 13.7038 13.2016 11.4956 16.9042 11.1935 12.6574 11.0693 10.9493 10.3349 11.8839 10.2409
threshold=0.075000000000000025 -0.37940952255126059 1.3650000000000004 0.33500000000000008 -1.0000000180025095e-35 0.015000000000000001 0.96010100249940655 0.8500000000000002 0.79500000000000015 0.9919160630702849 0.78656609248549303 0.68285714285714294 0.25000000000000017 0.14500000000000005 0.95000000000000007 0.78656609248549303 0.6830127018922193 1.0000000180025095e-35 2.1750000000000003 0.6830127018922193 0.083333333333333315 -0.98296291314453399 0.25000000000000006 0.55160846378518025 0.015000000000000001 2.1750000000000003 1.0000000180025095e-35 0.015000000000000001 0.78333333333333355 0.6830127018922193 0.1294095225512602 1.0000000180025095e-35 0.94457821059868363 0.57500000000000007 0.25000000000000017 1.0000000180025095e-35 0.10500000000000002 -0.93301270189221908 0.37940952255126054 0.9919160630702849 0.89500000000000013 -0.68301270189221952 0.93301270189221952 0.68301270189221941 0.25000000000000017 0.9919160630702849 -0.91597561503675329 0.56500000000000006 0.52500000000000013 0.042500000000000003 0.24817607891553481 -0.9159756150367534 -0.24999999999999994 0.40469693966315429 0.25000000000000017 0.60355339059327384 0.41270372492836677 0.37940952255126048 -0.24999999999999994 0.25000000000000011 0.25000000000000017 0.99959078452094785
decision_type=10 2 10 10 2 10 2 10 10 2 2 10 2 10 10 2 2 8 10 2 10 2 10 2 10 10 10 10 10 2 2 2 2 10 2 2 10 2 2 2 10 2 2 2 2 2 2 10 8 10 2 2 2 2 2 2 10 2 2 2 2 10
left_child=1 6 3 13 9 24 15 18 11 -3 12 30 17 38 21 19 59 -8 22 23 46 61 -4 26 -6 45 43 49 36 -11 37 -32 34 -13 -23 -24 -15 -5 -2 44 47 -42 -22 -1 -39 -9 -14 -41 -25 -7 -30 -52 -53 -17 -55 56 -54 -21 -18 -12 -61 -10
right_child=2 4 7 8 5 27 10 25 14 29 16 33 20 28 -16 53 58 -19 -20 57 42 32 35 48 -26 -27 -28 -29 50 -31 31 -33 -34 -35 -36 -37 -38 39 -40 40 41 -43 -44 -45 -46 -47 -48 -49 -50 -51 51 52 55 54 -56 -57 -58 -59 -60 60 -62 -63
leaf_value=-9.2608291559662838e-05 0.00010034127785735584 -0.00018604018481351673 0.0063277214986018739 0.00029282259327719011 -0.00018604018481351673 -0.00019525916359585868 4.6178282201867517e-05 0.0014099231411432505 0.001875287016046502 -0.00018604018481351673 -5.8574536582856048e-05 0.0037950587771213981 -3.0531926407687382e-05 2.8650862841903786e-05 0.0011292620145284535 -0.00019169205491616494 -6.2169200669355868e-05 -7.9500550896908028e-05 0.0094601325511811506 -0.00012861729576939916 -2.2019522234305656e-05 0.0027978202112756731 0.0026892633485547583 6.3007991706261939e-05 -9.3189690456957835e-05 0.0058963033299996642 4.9939357192415752e-05 -3.548335498480779e-05 0.00017785455265308849 -0.00018604018481351673 -0.00022958238310170581 0.0005406639153386427 0.0029938525665431969 0.00098047744736263088 0.00049533479426219383 0.0059037062572355999 0.0003120525850731291 0.00053026458527233788 -5.4939844225666381e-05 0.00038948168603674196 0.00028066700668942095 0.0018566329064938129 -0.00011723824471046467 -0.00021134310353744949 9.9490582576902272e-05 0.002744346198357857 3.6945935194487368e-05 0.0010728998484145543 -3.7748326565990672e-05 -0.00014179533810073464 0.0013174073092772787 0.00052196049865083701 0.00073213195382629617 -0.00012757379337438268 -0.00019160579344248231 -3.1802508225201444e-05 -6.922517024160635e-05 -0.00021441683377313012 -0.00019365610793288141 6.6860960729467857e-05 -0.00012028523461849159 0.0002643992282308316
leaf_weight=380 680 530 1356 318 14713 356 1689 413 255 1017 570 268 305 794 723 227 120 102 4060 174 1134 133 1046 98 87 354 100 261 285 371 126 148 1659 1609 99 887 910 572 560 1209 131 446 415 186 265 551 433 342 345 217 129 272 281 152 89 96 82 147 287 393 117 91
leaf_count=380 680 530 1356 318 14713 356 1689 413 255 1017 570 268 305 794 723 227 120 102 4060 174 1134 133 1046 98 87 354 100 261 285 371 126 148 1659 1609 99 887 910 572 560 1209 131 446 415 186 265 551 433 342 345 217 129 272 281 152 89 96 82 147 287 393 117 91
internal_value=-0.00310423 -0.0201339 0.0170375 0.0108018 -0.0269663 -0.0281023 -0.0040635 0.0260164 0.0137725 -0.0176967 -0.00156845 0.0113266 0.000426575 0.00470171 0.0182573 -0.0113744 -0.00703629 0.00413504 0.0274408 -0.00897275 -0.00247815 0.0202815 0.0251945 -0.00656757 -0.0289562 0.0180591 -0.0104348 -0.0129341 0.00681053 -0.0139525 0.00913153 0.00109091 0.0217389 0.0154792 0.0136481 0.022849 0.0045044 0.00980207 -0.000145044 0.0105091 0.0118647 0.0163495 -0.00481935 -0.0129101 0.00705251 0.0154819 0.00243572 0.0101869 -0.000743243 -0.0164634 0.0102356 0.0119861 0.0103689 -0.018678 -0.0140083 0.00723913 0.00964286 -0.017236 -0.0146324 -0.00416281 -0.00105675 0.0122767
internal_weight=46165 25015 21150 12483 17552 15634 7463 8667 8394 1918 5565 5434 4078 4089 2960 1898 1487 1791 7349 1430 2287 2237 3289 1109 14800 1318 666 834 2849 1388 3557 274 1891 1877 232 1933 1704 3283 1240 2965 2128 577 1549 566 837 964 738 1551 443 573 1145 860 731 468 241 459 363 321 407 1080 510 346
internal_count=46165 25015 21150 12483 17552 15634 7463 8667 8394 1918 5565 5434 4078 4089 2960 1898 1487 1791 7349 1430 2287 2237 3289 1109 14800 1318 666 834 2849 1388 3557 274 1891 1877 232 1933 1704 3283 1240 2965 2128 577 1549 566 837 964 738 1551 443 573 1145 860 731 468 241 459 363 321 407 1080 510 346
is_linear=0
shrinkage=0.03


Tree=36
num_leaves=63
num_cat=0
split_feature=0 8 0 0 8 1 6 1 6 9 3 1 9 11 9 6 11 6 6 9 8 11 11 6 11 1 3 8 1 7 11 7 0 3 3 7 8 4 4 10 10 9 11 1 7 3 4 1 10 0 6 7 3 3 11 6 3 4 8 10 9 0
split_gain=17182.7 3142.1 1159.5 376.083 258.993 168.23 142.566 141.872 71.8878 70.4592 66.629 57.4499 56.1402 55.7055 38.1464 43.9411 34.4349 33.4187 32.4935 32.3252 31.3591 30.4388 28.5125 27.1248 25.7657 23.1385 21.8706 20.9862 20.3236 52.6549 20.2143 29.8843 27.5963 25.2097 20.7374 22.541 21.3143 18.7034 18.0237 16.8885 16.7012 18.1157 15.1057 14.9494 14.6115 14.4613 14.2759 14.2102 14.0851 13.936 13.4675 12.9475 12.4986 12.4855 12.4134 11.6541 11.5697 14.8465 11.4487 13.4932 11.2553 11.158
threshold=0.115 -0.37940952255126059 1.1950000000000001 0.025000000000000005 -1.0000000180025095e-35 0.47500000000000003 0.9919160630702849 1.8550000000000002 0.9919160630702849 -0.70710678118654757 0.57500000000000007 0.015000000000000001 0.60355339059327384 0.6830127018922193 -0.12940952255126037 0.9919160630702849 0.6830127018922193 0.39171654935837491 0.67077817246640559 0.78656609248549303 -0.60355339059327362 0.6830127018922193 -0.5 0.80250532449306278 -0.5 0.025000000000000005 0.75000000000000011 0.91597561503675362 1.0000000180025095e-35 1.0000000180025095e-35 -0.24999999999999994 1.0000000180025095e-35 0.53500000000000014 0.35000000000000003 0.8500000000000002 0.43509458843448817 0.78656609248549325 0.083333333333333315 0.78333333333333355 1.0000000180025095e-35 0.68301270189221941 -0.70710678118654757 0.25000000000000017 0.95500000000000007 0.85190357955721085 0.45000000000000007 0.48333333333333339 1.9450000000000001 1.0000000180025095e-35 0.6150000000000001 0.9919160630702849 0.33236032509254937 0.95000000000000007 0.75000000000000011 -0.24999999999999994 0.32212462018004401 0.25000000000000006 0.78333333333333355 -0.98296291314453399 -0.24999999999999994 0.1294095225512602 0.03500000000000001
decision_type=10 2 10 10 2 10 2 10 2 2 10 10 2 2 2 2 2 2 2 2 2 2 2 2 2 10 10 2 8 10 2 10 10 10 10 10 2 10 10 2 2 2 2 10 10 10 10 10 2 10 2 10 10 10 2 2 10 10 2 2 2 10
left_child=1 6 5 4 8 9 12 10 -3 18 24 -6 22 19 15 47 17 -14 -2 28 37 -10 -1 54 -4 38 -9 30 42 -30 33 32 58 39 35 -33 46 -15 -5 -11 41 52 -8 44 53 -24 -37 -7 -16 -46 -28 -27 -25 -17 -12 -35 -20 -58 -32 -60 -47 -39
right_child=2 3 7 25 11 14 13 26 21 27 23 -13 16 20 48 43 -18 -19 56 -21 -22 -23 45 40 -26 51 50 -29 29 -31 31 34 -34 55 -36 36 -38 61 -40 -41 -42 -43 -44 -45 49 60 -48 -49 -50 -51 -52 -53 -54 -55 -56 -57 57 -59 59 -61 -62 -63
leaf_value=3.3361272170650209e-05 0.00024986324201704704 -0.00018045897926911123 0.0018152312791707157 -0.00014863694911623827 -0.00018045897926911123 0.00081654930533380486 4.5061836185144653e-05 0.0088219213507968741 -0.00018045897926911123 -0.0001675952817508225 0.0014300713770144895 -5.2538527043447456e-05 -0.00018594129326868 1.6865490083432765e-05 0.00032089189378033491 0.0031280698495717951 -0.00019901022770659445 -0.00010821354043067985 0.0022689548421884814 -4.684689491352251e-05 -0.000118376444642237 -0.00018045897926911123 4.9480155037250669e-06 0.00363258360893179 0.0056984771805185224 7.6564194731095297e-05 0.0039814199145265829 -7.4760117938409487e-06 -9.75085869271147e-05 0.00034634362655255706 0.00060815210200909858 0.0018895440501970567 0.00045689038660486357 0.00017005896567992148 0.00013581105280525036 0.0009871317616343175 0.00055492301482503565 -5.3287745450693835e-05 -7.0106518795561546e-05 0.00026957478081577501 0.0035668652463596612 0.0012574330950101201 1.0154621614825304e-06 0.0026659420593517585 0.00014042417502825184 -7.314290123819029e-05 -0.00026345153386532288 0.003363628540423296 0.0012231558546127945 0.00089341236784043932 0.0056725614030275302 -5.4587267837243355e-05 0.0012453780390716403 0.0013000280168885949 0.00031478839540842918 0.00052577291472096063 0.00084345736665458716 0.0012680230360010429 3.2745133937535968e-05 -0.0001060030237717511 -0.00012257952810859431 0.00033164558786384591
leaf_weight=350 694 529 382 433 14832 1119 1738 4686 999 101 285 147 389 424 276 372 181 481 121 1025 379 377 128 664 1347 150 256 453 84 95 109 278 283 352 510 250 82 971 237 215 390 452 747 1159 107 269 89 102 436 152 847 139 202 541 148 1183 462 630 270 399 492 127
leaf_count=350 694 529 382 433 14832 1119 1738 4686 999 101 285 147 389 424 276 372 181 481 121 1025 379 377 128 664 1347 150 256 453 84 95 109 278 283 352 510 250 82 971 237 215 390 452 747 1159 107 269 89 102 436 152 847 139 202 541 148 1183 462 630 270 399 492 127
internal_value=-0.00304175 -0.0193489 0.0175163 -0.0263164 -0.0273545 0.0107342 -0.00357061 0.025059 -0.0169203 0.00768744 0.0205993 -0.0286802 -0.00987342 -0.000987301 0.0153623 0.0166338 -0.0149715 -0.0124684 0.0125314 0.0011626 -0.00515773 -0.0132898 -0.00554032 0.0170448 0.0249884 -0.00803125 0.0280363 0.00566557 0.00290432 -0.00683333 0.00633916 0.00443857 0.000762712 0.00866631 0.00766116 0.0110143 0.00661137 -0.00323047 -0.0110879 0.000946372 0.0187478 0.0171039 0.00360821 0.0190523 0.016624 -0.00839326 0.00326471 0.0120049 0.00900421 0.0102692 0.0241576 -0.000931034 0.019654 0.0184136 0.0102995 0.0102539 0.0154942 0.0144922 -0.00215661 -0.00362687 -0.00996063 -0.00529572
internal_weight=46127 25723 20404 17843 16884 10745 7880 9659 1905 6481 3870 14979 2290 5590 4264 3552 1051 870 1907 3689 1901 1376 1239 2141 1729 959 5789 4574 2664 179 4121 2270 1061 1851 1209 699 421 1522 670 316 1708 1318 2485 2331 1172 889 339 1221 712 259 1103 289 866 913 433 1535 1213 1092 778 669 761 1098
internal_count=46127 25723 20404 17843 16884 10745 7880 9659 1905 6481 3870 14979 2290 5590 4264 3552 1051 870 1907 3689 1901 1376 1239 2141 1729 959 5789 4574 2664 179 4121 2270 1061 1851 1209 699 421 1522 670 316 1708 1318 2485 2331 1172 889 339 1221 712 259 1103 289 866 913 433 1535 1213 1092 778 669 761 1098
is_linear=0
shrinkage=0.03


Tree=37
num_leaves=63
num_cat=0
split_feature=0 8 1 0 8 0 6 1 6 5 4 9 1 9 11 0 9 6 1 5 11 11 0 6 2 11 11 1 1 11 2 2 9 1 11 2 8 9 0 6 11 6 1 6 7 9 0 4 6 11 9 0 6 8 0 6 2 5 2 5 6 8
split_gain=16797.4 3052.65 1187.66 383.639 274.656 169.373 146.096 124.297 72.841 71.4372 56.0902 51.4251 51.021 49.6212 49.5086 48.7709 45.1024 43.9379 41.0382 40.6271 33.4439 31.1018 30.886 29.8736 29.1262 28.5818 26.7187 22.224 19.3777 19.0632 19.4681 18.1107 18.0267 17.1874 16.8618 16.2309 16.4048 18.6961 15.837 15.6475 14.2632 14.0297 14.4547 14.0249 13.8927 25.3338 13.6334 12.9638 12.8355 12.5406 12.4824 13.8602 12.2953 12.1322 11.1475 11.0126 10.8435 10.8108 10.7937 10.7079 10.3917 16.6998
threshold=0.115 -0.37940952255126059 1.1050000000000002 0.025000000000000005 -1.0000000180025095e-35 0.65500000000000014 0.9919160630702849 1.8550000000000002 0.9919160630702849 0.15000000000000005 0.64166666666666683 0.78656609248549303 0.015000000000000001 0.78656609248549303 -0.5 1.1533333333333335 -0.70710678118654757 0.97587888928342192 0.23500000000000001 0.22500000000000003 0.25000000000000017 0.6830127018922193 0.31500000000000006 0.97587888928342192 0.55000000000000016 0.6830127018922193 1.0000000180025095e-35 1.0000000180025095e-35 0.025000000000000005 0.25000000000000017 0.15000000000000005 0.45000000000000007 0.37940952255126048 2.2816666665000001 -0.24999999999999994 0.65000000000000002 -0.91597561503675329 0.1294095225512602 0.03500000000000001 0.9919160630702849 0.25000000000000017 0.38229330116778887 0.032500000000000008 0.72773610537564315 0.74230230553759979 -0.37940952255126015 2.1350000000000002 0.29285714285714293 0.9919160630702849 -0.24999999999999994 -0.12940952255126037 0.37500000000000006 0.91428148076137306 0.78656609248549325 1.0000000180025095e-35 0.40469693966315429 0.55000000000000016 0.63333333333333341 0.95000000000000007 0.15000000000000005 0.25225449781670933 0.37940952255126054
decision_type=10 2 10 10 2 10 2 10 2 10 10 2 10 2 2 10 2 2 10 10 2 2 10 2 10 2 2 8 10 2 10 8 2 10 2 10 2 2 10 2 2 2 10 2 10 2 10 10 2 2 2 10 2 2 10 2 10 10 10 10 2 2
left_child=1 6 5 4 8 10 13 14 -3 15 18 20 54 24 46 29 23 47 31 -9 27 -10 60 49 -1 -13 41 -8 53 30 -7 -2 -28 48 55 36 37 -22 -37 -24 -18 42 -26 -34 52 -46 -4 -16 -21 -11 -47 -52 -20 -5 -6 -15 -23 -33 -25 -19 -12 -62
right_child=2 3 7 28 12 9 11 19 21 16 22 25 -14 34 17 -17 40 59 44 33 35 56 39 58 26 -27 32 -29 -30 -31 -32 57 43 -35 -36 38 -38 -39 -40 -41 -42 -43 -44 -45 45 50 -48 -49 -50 -51 51 -53 -54 -55 -56 -57 -58 -59 -60 -61 61 -63
leaf_value=2.1310983508599466e-05 -4.3236948564387557e-05 -0.00017504520989103787 0.0014909625712903607 -3.8228336256384276e-05 -0.00017504520989103787 0.00025095135491258664 4.3364876930871038e-05 0.0092170583753403718 -0.00017504520989103787 0.001306911030979757 0.00010297627105354038 -4.1614206961444081e-05 -5.4223296935145782e-05 -0.00018036305447061959 0.0024539622900360456 0.0046714364577696288 0.00050959699075323018 0.0054933877522247232 0.00026734919451383511 0.0019535155673529045 0.00022302868725904151 -0.00017504520989103787 0.00047585223456571952 0.0031497896293236735 -0.00011271927584305839 -0.0001168477045382623 -9.971073432375456e-05 -5.6518468921195951e-05 -8.5162013512811525e-06 0.0024765088207449946 0.0012257397821705763 0.0002333985101270007 -0.00019810677432285318 0.0063381895644811998 -0.00017960530773730078 -6.0680341311691822e-05 2.2786858374049952e-05 -5.0074773207521381e-05 0.00041183801314886897 0.0013431856774704467 0.0014296656323980765 -1.8263967559944347e-05 4.6968703162973738e-05 -0.00014328853515916109 0.00061806196185277336 -9.0805670343070829e-05 0.003587924140237243 0.0012437724432977611 0.0042349911549043173 0.0004557529805461101 0.0011601425034109927 0.00030520290063211757 0.00091145699527422571 -0.00013711025614308132 -0.00017504520989103787 -9.5290774973097011e-05 -0.00017504520989103787 2.202253765671576e-05 0.001087297050855366 0.0038276435703285695 0.00053257388218875504 0.00012618441381411429
leaf_weight=278 695 542 1027 161 14347 207 1684 3712 1047 398 353 1005 144 126 98 597 1057 673 353 198 204 180 704 961 324 385 396 147 300 385 277 721 174 1486 257 930 677 334 125 666 274 341 96 172 148 215 183 192 665 320 101 229 633 522 522 151 205 621 231 953 597 432
leaf_count=278 695 542 1027 161 14347 207 1684 3712 1047 398 353 1005 144 126 98 597 1057 673 353 198 204 180 704 961 324 385 396 147 300 385 277 721 174 1486 257 930 677 334 125 666 274 341 96 172 148 215 183 192 665 320 101 229 633 522 522 151 205 621 231 953 597 432
internal_value=-0.00329656 -0.0193847 0.0170692 -0.0261889 -0.0272433 0.0104984 -0.00371974 0.0250599 -0.0167089 0.014828 0.0073458 -0.00105426 -0.0286273 -0.0100389 0.0201855 0.0203272 0.012335 0.0231925 0.00493947 0.0275701 0.000636275 -0.0131472 0.0105921 0.0152904 -0.00762626 -0.00603882 -0.00927527 0.00365175 -0.00795732 0.0157586 0.0117526 0.00207556 -0.0133244 0.0244468 -0.0180561 -0.00179657 0.000567434 -0.00333952 -0.00451705 0.0137856 0.00808559 -0.00531496 -0.00897862 -0.0183285 0.00841071 0.00514409 0.0154088 0.0123711 0.0210069 0.0104312 0.00214286 0.0058006 0.0106991 -0.0107456 -0.0287996 -0.0128417 -0.0204404 0.0041102 0.0182062 0.0251137 0.00741866 0.00894175
internal_weight=46138 25776 20362 17970 16987 11175 7806 9187 1974 4707 6468 5491 15013 2315 3126 1466 3241 1916 3716 6061 4101 1432 2752 1910 1781 1390 1503 1831 983 869 484 2037 742 2349 534 2270 1215 538 1055 1370 1331 761 420 346 1679 693 1210 290 863 718 545 330 986 683 14869 277 385 1342 1192 1626 1382 1029
internal_count=46138 25776 20362 17970 16987 11175 7806 9187 1974 4707 6468 5491 15013 2315 3126 1466 3241 1916 3716 6061 4101 1432 2752 1910 1781 1390 1503 1831 983 869 484 2037 742 2349 534 2270 1215 538 1055 1370 1331 761 420 346 1679 693 1210 290 863 718 545 330 986 683 14869 277 385 1342 1192 1626 1382 1029
is_linear=0
shrinkage=0.03


Tree=38
num_leaves=63
num_cat=0
split_feature=0 8 0 0 8 1 6 5 6 9 1 1 9 9 5 6 9 11 11 9 6 11 6 6 11 11 2 11 10 11 2 8 4 1 0 5 2 9 1 11 2 8 10 10 9 10 5 9 1 6 11 4 2 8 2 2 5 4 10 11 10 11
split_gain=16439 3040.87 1202.01 368.857 291.163 177.703 124.083 122.479 86.0663 71.6081 70.3521 59.6474 57.6684 45.2377 54.1325 41.3297 40.5085 38.0799 33.9375 31.5912 30.2127 27.3838 26.4551 26.3939 25.8792 25.8559 23.3627 20.4465 20.4326 19.9583 19.6059 17.2148 16.9886 18.119 21.8205 16.8228 16.4401 15.7908 15.7661 15.1482 23.4765 15.0706 14.4766 14.3796 13.8159 13.4617 13.218 12.5225 12.2692 11.797 11.7289 12.0758 11.6978 11.5844 11.3897 10.8612 10.6923 10.6054 10.3413 12.8664 10.3159 9.81128
threshold=0.115 -0.37940952255126059 1.3650000000000004 0.025000000000000005 -1.0000000180025095e-35 0.53500000000000014 0.96010100249940655 0.22500000000000003 0.9919160630702849 -0.70710678118654757 2.0550000000000002 0.015000000000000001 0.78656609248549303 -0.12940952255126037 0.22500000000000003 0.9919160630702849 0.60355339059327384 0.93301270189221952 0.6830127018922193 -0.70710678118654757 0.9919160630702849 0.25000000000000017 0.40469693966315429 0.9919160630702849 0.6830127018922193 -0.5 1.0000000180025095e-35 -0.9330127018922193 -0.5 0.93301270189221952 0.95000000000000007 0.37940952255126054 0.8583333333333335 0.22400000000000003 0.67500000000000016 0.083333333333333315 0.45000000000000007 -0.12940952255126037 0.025000000000000005 -0.24999999999999994 0.25000000000000006 -0.91597561503675329 1.0000000180025095e-35 0.25000000000000011 -0.5 1.0000000180025095e-35 0.63333333333333341 0.1294095225512602 2.1950000000000007 0.54269012772290737 0.25000000000000017 0.96250000000000002 0.8500000000000002 0.78656609248549325 0.55000000000000016 0.75000000000000011 0.71666666666666667 0.17499999999999996 0.25000000000000011 1.0000000180025095e-35 -0.24999999999999994 1.0000000180025095e-35
decision_type=10 2 10 10 2 10 2 10 2 2 10 10 2 2 10 2 2 2 2 2 2 2 2 2 2 2 10 2 2 2 8 2 10 10 10 10 10 2 10 2 10 2 2 2 2 2 10 2 10 2 2 8 10 2 10 10 10 10 2 2 2 2
left_child=1 6 5 4 8 9 16 41 -3 15 19 -6 17 14 43 29 25 30 58 20 -9 22 -18 48 -10 52 -15 -11 -28 49 39 -25 33 34 36 -27 -29 -37 53 40 42 45 -8 44 -7 -4 -38 -19 -16 -2 51 -32 -1 -5 -26 60 -22 -49 -14 -60 -20 -48
right_child=2 3 7 38 11 13 12 10 24 27 -12 -13 18 26 23 -17 21 47 55 -21 56 -23 -24 31 54 35 28 32 -30 -31 50 -33 -34 -35 -36 37 46 -39 -40 -41 -42 -43 -44 -45 -46 -47 61 57 -50 -51 -52 -53 -54 -55 -56 -57 -58 -59 59 -61 -62 -63
leaf_value=0.00010587132423136095 0.00026272798951237789 -0.00016979385359430673 0.0013566667731787373 -4.5585900981059079e-05 -0.00016979385359430673 0.0028043199758541752 -4.8087876052566606e-05 0.0016942562862652898 -9.6117505943750018e-05 0.00034245113115504257 0.0058316043749012652 -4.068951270971594e-05 -5.2743578147557755e-05 -1.531680208860825e-05 0.00076487505539300186 0.0016270592525753139 -0.0001734250987220891 3.9831238109646306e-06 -1.0876321948459915e-05 0.0010623277443074979 0.0045125883809284048 -0.0001836836884891494 -9.7871220781395186e-05 0.0020638318904357467 -0.00016979385359430673 2.0671654003341485e-05 0.00030075300427973516 -4.8888508445990778e-05 0.001505446463166986 -0.00025483355863332861 2.7013059102078043e-05 0.00087393571052450257 0.00037270923240063046 0.00045412274334726878 0.00045852588376330965 1.4450917335500244e-05 0.00020916687711774941 -0.00010819804271437252 -1.9055310144869865e-05 7.8976222134502332e-06 0.00013985680638430143 0.0081934201653460492 5.7750903023764293e-05 0.0028989360827411923 0.00064428251763122828 0.0035794199532165902 6.8569577451965056e-05 -2.0468988900213447e-05 0.0035044333047903786 0.00066612684471569763 -5.9866379784342896e-05 -8.6758243470150885e-05 -4.2462434053050448e-05 -0.00013146845999345479 -0.00016979385359430673 -0.00023306078427496539 0.0026480224496583955 -0.00013212074107275853 9.6124162681554659e-05 -9.8016667274933162e-05 -0.00011373786667225069 -0.00014418730510892613
leaf_weight=113 669 542 95 154 14821 425 146 433 1024 541 1677 151 573 190 1080 974 344 162 81 513 748 268 309 1331 166 84 135 677 348 97 231 254 643 1288 515 86 717 612 306 2065 627 4700 261 537 202 224 367 120 87 441 321 112 215 526 210 163 282 269 259 261 154 236
leaf_count=113 669 542 95 154 14821 425 146 433 1024 541 1677 151 573 190 1080 974 344 162 81 513 748 268 309 1331 166 84 135 677 348 97 231 254 643 1288 515 86 717 612 306 2065 627 4700 261 537 202 224 367 120 87 441 321 112 215 526 210 163 282 269 259 261 154 236
internal_value=-0.00328185 -0.0192307 0.016813 -0.0260533 -0.0270931 0.0105606 -0.00364425 0.0252854 -0.0161503 0.00760675 0.021092 -0.0285113 -0.00141061 0.0151699 0.0164054 0.0121402 -0.0100246 0.000347625 -0.00649464 0.0172382 0.0194877 -0.0146746 -0.0113303 0.014101 -0.0122056 -0.00615662 0.00796736 0.00562086 0.0114669 0.00841887 0.00142667 0.0166267 0.00494824 0.00418311 0.00269797 -0.00911877 0.00127628 -0.0106438 -0.00820669 0.00242903 0.0053913 0.0283327 -0.000220588 0.0218369 0.0186783 0.0218437 0.00322483 -0.00701087 0.0106592 0.00955896 -0.00324812 0.000610465 0.000911854 -0.0107489 -0.018939 -0.013985 0.022289 -0.00992308 -0.00375686 -0.000690979 -0.00978814 -4.96689e-05
internal_weight=46162 25736 20426 17900 16914 11754 7836 8672 1942 7165 3653 14972 5805 4589 3916 2181 2031 4314 1491 1976 1463 921 653 2752 1400 1110 673 4984 483 1207 3763 1585 4443 3800 2512 782 1997 698 986 3099 1034 5019 407 1164 627 319 1320 551 1167 1110 664 343 328 680 376 398 1030 389 1093 520 235 603
internal_count=46162 25736 20426 17900 16914 11754 7836 8672 1942 7165 3653 14972 5805 4589 3916 2181 2031 4314 1491 1976 1463 921 653 2752 1400 1110 673 4984 483 1207 3763 1585 4443 3800 2512 782 1997 698 986 3099 1034 5019 407 1164 627 319 1320 551 1167 1110 664 343 328 680 376 398 1030 389 1093 520 235 603
is_linear=0
shrinkage=0.03


Tree=39
num_leaves=63
num_cat=0
split_feature=0 8 0 9 0 0 5 6 1 6 9 1 11 2 5 11 1 2 8 6 9 6 1 7 1 8 1 1 1 11 8 10 2 11 0 11 10 2 8 5 2 6 9 10 2 6 8 10 9 0 7 5 5 11 11 0 7 6 11 7 5 9
split_gain=16112 3000.23 1363.99 303.515 210.447 209.741 132.301 126.787 86.9024 84.8908 83.5589 62.0657 57.4605 55.9368 47.9078 45.5245 37.7456 32.7177 29.5947 27.548 29.4495 26.7233 25.308 24.4628 23.2566 22.8301 22.5781 21.6991 20.6004 19.9788 19.5492 19.4936 19.0882 18.9156 17.9045 18.7194 17.6352 17.1453 16.8506 16.2874 15.8802 15.695 15.1301 15.1242 16.0266 14.9958 14.9792 15.304 24.3815 15.2281 13.6116 18.0305 13.5996 12.9097 12.6949 12.2992 12.0889 11.9654 11.9291 11.6043 11.412 11.284
threshold=0.075000000000000025 -1.0000000180025095e-35 1.3650000000000004 0.78656609248549303 0.015000000000000001 0.31500000000000006 0.22500000000000003 0.9919160630702849 2.1350000000000002 0.5339159821931253 -0.12940952255126037 0.58500000000000008 0.25000000000000017 0.8500000000000002 0.22500000000000003 0.6830127018922193 0.22400000000000003 0.25000000000000006 0.60355339059327384 0.78953051963513776 -0.70710678118654757 0.69300588406246244 0.015000000000000001 1.0000000180025095e-35 0.28500000000000009 -0.37940952255126059 1.7750000000000001 0.015000000000000001 1.0000000180025095e-35 0.25000000000000017 0.37940952255126054 1.0000000180025095e-35 0.55000000000000016 -0.5 2.1750000000000003 1.0000000180025095e-35 0.25000000000000011 0.55000000000000016 -0.37940952255126059 0.71666666666666667 0.65000000000000002 0.39815385059138292 -0.70710678118654757 -0.24999999999999994 0.25000000000000006 0.97587888928342192 -0.91597561503675329 0.68301270189221941 0.1294095225512602 0.025000000000000005 0.6946747456167639 0.22500000000000003 0.22500000000000003 -0.5 -0.24999999999999994 0.15500000000000003 0.26929030721600383 0.84272314683140503 -0.24999999999999994 0.019447123111539701 0.083333333333333315 -0.5
decision_type=10 2 10 2 10 10 10 2 10 2 2 10 2 10 10 2 10 10 2 2 2 2 10 10 10 2 10 10 8 2 2 2 10 2 10 2 2 10 2 10 10 2 2 2 10 2 2 2 2 10 10 10 10 2 2 10 10 2 2 10 10 2
left_child=1 3 5 9 22 16 34 25 19 23 11 18 28 46 36 38 30 31 21 54 40 -7 -3 53 -19 33 45 -6 39 41 43 -12 -20 -5 35 60 61 -17 -9 -11 -21 -18 -31 44 -2 56 47 48 49 -14 51 -23 -48 -1 -8 -32 -16 -26 -34 -29 -4 -13
right_child=2 4 6 7 27 10 8 15 -10 12 17 14 13 -15 26 37 29 24 32 20 -22 50 -24 -25 57 -27 -28 59 -30 42 55 -33 58 -35 -36 -37 -38 -39 -40 -41 -42 -43 -44 -45 -46 -47 52 -49 -50 -51 -52 -53 -54 -55 -56 -57 -58 -59 -60 -61 -62 -63
leaf_value=-8.0558779161659776e-05 -0.0001254497195856208 -0.00016470003798647753 0.0030291735747191295 -0.00015398199586014695 -0.00017336086323181476 0.00036481632757724681 0.0014347325945149527 -5.0482951855368412e-05 0.0056702216456160073 6.2639630243050993e-05 -0.00035118977193446683 0.0027152540227523519 0.00020524686660582073 -0.00010265629219784216 0.00090566629328885887 -0.00011722377701591255 0.00018090254091294341 -0.00014739253756603315 0.00013986289473190956 0.0047234278881365622 0.0011745602342510275 0.0025342200407015587 -8.6550340658764858e-05 3.6357220408935662e-05 -9.6439427155488301e-06 -0.00016470003798647753 0.0030893062375744809 1.3663924007161764e-05 -6.6645923764543493e-05 0.0008146086042409293 -5.7054275939244225e-05 0.00030746336218534981 0.00065105906114152007 -0.00016976570965567447 0.0096057777687001619 0.006518493546714332 0.0029089501734592144 -0.00016470003798647753 -0.00016691032841599423 -1.3024075025178504e-05 0.0028308915477600477 0.00064412248364333947 -8.4461782176705461e-05 0.00027807206482097815 8.7973813406860089e-05 0.0014919330742971491 3.1259726222910082e-05 6.0066136369196843e-05 -6.1094835791024573e-05 -0.00014945795200855367 0.00039751807640210965 0.0010665602068308342 -2.5848341919784949e-05 -0.00018392228893954009 3.8860814888760918e-05 3.5991947214085855e-05 0.00060654212538518786 0.0011062756816441509 0.00023839927791703545 -0.00011158654911953683 0.0021942844227082745 0.00059986041014134473
leaf_weight=255 91 14713 652 221 578 662 231 1002 1597 1592 158 394 95 900 210 361 212 113 752 586 467 445 84 120 80 528 392 89 130 141 597 296 496 315 2895 1178 512 406 1005 421 703 398 225 983 374 1217 691 97 387 161 81 1225 301 414 125 800 586 537 270 163 322 202
leaf_count=255 91 14713 652 221 578 662 231 1002 1597 1592 158 394 95 900 210 361 212 113 752 586 467 445 84 120 80 528 392 89 130 141 597 296 496 315 2895 1178 512 406 1005 421 703 398 225 983 374 1217 691 97 387 161 81 1225 301 414 125 800 586 537 270 163 322 202
internal_value=-0.00343376 -0.0197343 0.0158064 -0.00634266 -0.0277905 0.0094241 0.0248784 -0.0128315 0.0205633 -0.00186523 0.0120153 0.0131927 -0.00035804 -0.003327 0.0160928 -0.00944865 0.00357143 0.00460759 0.0105977 0.0165547 0.018099 0.0126636 -0.0286154 -0.0109747 0.00853625 -0.0216338 0.0137032 -0.0130686 0.00328825 0.00865916 0.00182361 -0.00171429 0.00730744 -0.0172067 0.0280448 0.0259173 0.0212624 -0.0156641 -0.00706673 0.00403674 0.0204419 0.0119804 0.00310627 0.00426501 -0.000193133 0.0124081 -0.00017311 -0.00340081 -0.00507764 0.00210117 0.0146062 0.0151885 0.00223565 -0.013209 0.00890756 -0.000708155 0.00918444 0.0108252 0.0106389 -0.0056917 0.0227692 0.0176884
internal_weight=46234 25029 21205 9402 15627 12449 8756 3838 3709 5564 8628 7444 4775 2632 3513 2774 3821 1184 3931 2112 1756 2413 14797 789 730 1064 2405 830 2143 976 2845 454 1518 536 5047 2152 1108 767 2007 2013 1289 610 366 1448 465 2013 1732 740 643 256 1751 1670 992 669 356 1397 796 617 766 252 974 596
internal_count=46234 25029 21205 9402 15627 12449 8756 3838 3709 5564 8628 7444 4775 2632 3513 2774 3821 1184 3931 2112 1756 2413 14797 789 730 1064 2405 830 2143 976 2845 454 1518 536 5047 2152 1108 767 2007 2013 1289 610 366 1448 465 2013 1732 740 643 256 1751 1670 992 669 356 1397 796 617 766 252 974 596
is_linear=0
shrinkage=0.03


Tree=40
num_leaves=63
num_cat=0
split_feature=0 8 0 0 8 3 0 2 1 5 4 1 1 11 8 11 3 11 10 10 3 3 1 8 0 8 2 0 11 3 2 5 8 5 1 1 10 2 1 11 0 1 7 11 10 11 2 11 5 0 2 11 1 10 0 4 0 4 10 3 1 3
split_gain=15750.8 2948.98 1437.17 244.135 239.035 160.922 133.964 84.2462 79.1599 69.1241 54.4728 52.2785 45.0094 48.7035 38.9932 35.4272 33.9301 31.6934 31.4138 26.0469 25.7019 25.4869 22.8127 20.8834 19.4382 18.7632 18.2754 18.1486 20.2091 18.0748 16.5706 17.3013 17.4865 15.9406 15.4951 14.5246 14.2739 14.215 13.9577 13.3878 13.3076 13.0991 13.7795 12.9684 12.9592 12.7571 12.3987 16.0253 12.146 11.8071 11.1776 14.4872 11.1237 13.1608 10.9583 13.0143 10.8546 12.3421 10.8139 10.6537 10.6096 10.1271
threshold=0.055000000000000007 -1.0000000180025095e-35 1.2850000000000004 0.27500000000000008 -0.60355339059327362 0.75000000000000011 0.015000000000000001 0.8500000000000002 0.81500000000000006 1.0000000180025095e-35 0.78333333333333355 2.0550000000000002 2.0750000000000006 1.0000000180025095e-35 0.37940952255126054 0.25000000000000017 0.95000000000000007 0.6830127018922193 1.0000000180025095e-35 0.25000000000000011 0.75000000000000011 0.95000000000000007 0.015000000000000001 -0.37940952255126059 0.13500000000000004 -0.98296291314453399 0.55000000000000016 0.63500000000000012 0.25000000000000017 0.8500000000000002 0.15000000000000005 0.083333333333333315 -0.98296291314453399 0.22500000000000003 1.1450000000000002 0.015000000000000001 -0.24999999999999994 0.55000000000000016 0.25500000000000006 0.6830127018922193 0.15500000000000003 1.635 0.90922381711855416 0.25000000000000017 0.25000000000000011 0.93301270189221952 0.45000000000000007 -0.24999999999999994 0.63333333333333341 2.0250000000000004 0.25000000000000006 1.0000000180025095e-35 0.015000000000000001 0.25000000000000011 0.88500000000000012 0.083333333333333315 2.0150000000000001 0.78333333333333355 -0.5 0.083333333333333315 1.0000000180025095e-35 0.35000000000000003
decision_type=10 2 10 10 2 10 10 8 10 8 10 10 10 2 2 2 10 2 2 2 10 8 10 2 10 2 10 10 2 10 10 10 2 10 10 10 2 10 10 2 10 10 10 2 2 2 10 2 10 10 10 2 10 2 10 10 10 10 2 10 10 10
left_child=1 4 3 14 9 12 22 17 10 45 27 34 13 19 40 21 25 18 43 49 -12 -11 -3 -20 52 -10 -17 38 30 54 -29 -32 -33 44 56 -8 58 -19 -5 -9 59 42 -35 61 -27 -1 -26 -48 -25 -4 51 -40 53 -16 55 -30 57 -7 -36 -2 -23 -6
right_child=2 6 5 8 7 11 35 39 16 15 20 -13 -14 -15 24 26 -18 37 23 -21 -22 60 -24 48 46 33 -28 28 29 -31 31 32 -34 41 36 -37 -38 -39 50 -41 -42 -43 -44 -45 -46 -47 47 -49 -50 -51 -52 -53 -54 -55 -56 -57 -58 -59 -60 -61 -62 -63
leaf_value=2.8891417549485146e-05 -6.5390929937102525e-05 -0.0001597590368468832 0.001250607941518937 0.00013807464087501182 -0.00013320539535732761 0.00080277808803941005 -0.00016844162150839477 -0.0001597590368468832 0.0010382642615836338 1.8133098846612496e-05 0.0027532554733999434 0.0047083920546357018 0.0083600093256995817 0.0058005223421254103 -5.5063152834798377e-05 -1.2380597450418316e-05 0.00089595973521266353 -0.00014209478269802588 2.2541349654369792e-05 0.0029691817928431956 0.00066546462705038985 -6.4672450313691697e-05 -8.9888304430756798e-05 -9.9524279994363948e-05 -7.067634347301545e-05 0.0023293031552463692 -9.1870430325778483e-05 -7.7831379947284471e-06 0.00015943497288522832 0.00051029099289497473 0.001043742498889125 -0.00022543209064984233 0.00072235294569367246 0.0019348890892817421 0.0023675476401547285 -3.5399150958553943e-05 0.003012570432439278 -0.0001597590368468832 -6.3937962928162914e-05 -0.0001597590368468832 0.00031554584462867308 0.0034852347042774005 0.0003648249316834412 -3.1446865399828021e-05 0.0032097836527174768 -4.6558129130666836e-05 0.00018464002246933799 -1.5176248255820804e-05 -0.0001597590368468832 0.0035051244641595924 0.00053520010587120221 0.0011327691446810946 4.052261094775467e-06 -0.00011627823391020148 0.0022758883488076241 0.0016042465078737491 0.0018812415986265757 0.0020176280806136174 0.0010068585941844837 0.0001141827255296246 3.6744671629026448e-05 -7.8538626912958692e-05
leaf_weight=1629 128 14658 549 1074 252 363 444 915 306 853 389 868 3992 1583 278 366 655 382 522 444 1400 706 84 461 194 382 1428 198 96 202 167 120 629 589 282 192 432 235 224 345 1077 277 107 233 326 172 372 408 83 201 952 168 213 208 287 171 165 108 169 897 89 442
leaf_count=1629 128 14658 549 1074 252 363 444 915 306 853 389 868 3992 1583 278 366 655 382 522 444 1400 706 84 461 194 382 1428 198 96 202 167 120 629 589 282 192 432 235 224 345 1077 277 107 233 326 172 372 408 83 201 952 168 213 208 287 171 165 108 169 897 89 442
internal_value=-0.00343353 -0.019913 0.0152085 0.00859064 -0.00638907 0.0242372 -0.0279264 -0.0120434 0.0113498 -0.00221396 0.00946199 0.0175251 0.0266012 0.0236393 0.00221663 -0.0047052 0.0156867 -0.00896208 -0.00711635 0.0190293 0.0138603 -0.0015282 -0.0285084 -0.00359888 -0.00120072 0.0176408 -0.00762117 0.00762415 0.009845 0.0136328 0.00726457 0.00896401 0.007 0.0188882 0.0141513 -0.0144113 0.0167308 -0.0149029 0.00590327 -0.018414 0.00493581 0.0163552 0.0141176 -0.011153 0.0223413 0.00254717 0.00153846 0.00322663 -0.00770642 0.0155792 0.00794052 0.00366412 -0.00501429 -0.0075154 0.0164324 0.0119776 0.0105495 0.00819915 0.0129425 0.00248538 -0.00538945 -0.0132086
internal_weight=46141 24491 21650 12494 9113 9156 15378 3870 8719 5243 6077 2387 6769 2777 3775 3442 2642 2610 1993 1194 1789 1648 14742 1066 1673 1987 1794 4288 1870 756 1114 916 749 1681 1519 636 883 617 2418 1260 2102 973 696 927 708 1801 974 780 544 750 1344 392 699 486 554 267 636 471 451 1025 795 694
internal_count=46141 24491 21650 12494 9113 9156 15378 3870 8719 5243 6077 2387 6769 2777 3775 3442 2642 2610 1993 1194 1789 1648 14742 1066 1673 1987 1794 4288 1870 756 1114 916 749 1681 1519 636 883 617 2418 1260 2102 973 696 927 708 1801 974 780 544 750 1344 392 699 486 554 267 636 471 451 1025 795 694
is_linear=0
shrinkage=0.03


Tree=41
num_leaves=63
num_cat=0
split_feature=0 8 0 9 1 5 0 6 0 6 0 4 1 6 4 0 10 9 2 9 6 2 8 5 1 4 8 0 8 10 8 1 1 6 7 5 1 7 6 9 9 8 5 2 6 2 10 10 2 10 6 10 2 5 2 4 8 2 8 1 7 5
split_gain=15390.5 2958.29 1452.07 241.61 238.172 156.963 132.618 131.825 101.086 93.7273 76.4404 42.291 40.7992 40.0029 37.5206 34.8078 29.491 41.1489 34.1505 28.0438 28.5259 26.5366 26.1678 25.3529 23.574 23.1362 21.2173 21.1306 19.6633 22.7667 19.6032 18.7484 18.0287 17.5894 17.5726 17.1897 17.1423 16.1264 14.3907 13.8576 13.3893 13.1852 12.5758 12.5431 12.3458 13.8383 11.9297 18.3486 13.3307 11.6199 11.6048 11.1477 11.1369 10.8751 10.8075 10.6595 10.5985 11.6621 10.3969 10.3278 10.1328 9.93453
threshold=0.055000000000000007 -1.0000000180025095e-35 1.2850000000000004 0.78656609248549303 0.44166666650000003 0.22500000000000003 0.015000000000000001 0.9919160630702849 0.21500000000000002 0.56988722470830055 2.1050000000000004 0.78333333333333355 1.6950000000000001 0.9919160630702849 0.29285714285714293 1.7450000000000003 0.68301270189221941 -0.5 1.0000000180025095e-35 -0.70710678118654757 0.9919160630702849 0.45000000000000007 -0.5 0.71666666666666667 0.015000000000000001 1.0000000180025095e-35 -0.37940952255126059 0.63500000000000012 0.37940952255126054 0.25000000000000011 0.37940952255126054 0.025000000000000005 1.0000000180025095e-35 0.24817607891553481 0.81875345989775006 0.63333333333333341 0.015000000000000001 1.0912713862789898 0.9919160630702849 -0.12940952255126037 -0.5 -0.37940952255126059 0.15000000000000005 0.75000000000000011 0.96010100249940655 0.15000000000000005 1.0000000180025095e-35 -0.24999999999999994 0.55000000000000016 0.25000000000000011 0.68180145234509759 -0.6830127018922193 0.95000000000000007 0.63333333333333341 0.65000000000000002 0.9125000000000002 -0.91597561503675329 0.25000000000000006 -0.98296291314453399 0.77500000000000013 0.20953478290449004 0.82500000000000007
decision_type=10 2 10 2 10 10 10 2 10 2 10 10 10 2 8 10 2 2 10 2 2 10 2 10 10 8 2 10 2 2 2 10 10 2 10 10 10 10 2 2 2 2 10 10 2 10 2 2 10 2 2 2 10 10 10 8 2 10 2 10 10 10
left_child=1 3 4 9 8 15 24 26 28 32 19 27 13 22 23 42 17 21 59 20 -7 -15 -6 53 -3 41 43 -10 39 -30 -23 -8 51 -13 -12 40 -31 -20 -16 49 -29 -9 -4 50 -41 -46 47 -27 -48 -2 -5 52 -1 56 -22 61 -11 -58 -18 -19 -35 -40
right_child=2 6 5 7 12 10 31 25 11 14 34 33 -14 16 38 -17 58 18 37 -21 54 30 -24 -25 -26 46 -28 35 29 36 -32 -33 -34 60 -36 -37 -38 -39 55 44 -42 -43 -44 -45 45 -47 48 -49 -50 -51 -52 -53 -54 -55 -56 -57 57 -59 -60 -61 -62 -63
leaf_value=-1.4653516608416871e-06 7.0681335700047767e-05 -0.00015496626574147671 0.003779890412825471 -0.00017764315705896594 0.000314245694621776 0.0013361509620382435 -0.0001631374147238257 -2.5562623316365316e-05 0.00018740412244252686 -1.1183715275055842e-05 0.0036150007175460713 0.00025991641947906396 0.0031896761164281425 0.0029651509049295937 -7.7009458474401951e-05 0.0080288026781498174 0.002166691638804669 -0.00018742549847621955 0.0010195033468500248 0.00097579327761363355 0.0047332158645230328 0.0020956586427392314 0.000788693880826101 -7.620385134081363e-05 -8.1837062322244244e-05 -0.00010885044562683524 -0.00015496626574147671 0.00098520717464224304 1.038537366946042e-05 -0.00010013119364533338 0.00055641259366824461 -2.0669266607038443e-05 2.3086656155940754e-05 0.00081027945007698936 0.0060168792189798344 0.00029318617424135482 2.7655642962928842e-05 -8.5353410477293087e-05 -1.1551783005808959e-05 -5.2467120326827282e-05 0.00018819569684051725 -0.00015692048119505939 0.0025922559113248562 -0.00015901151477115075 -6.7199426131841244e-05 0.00034466369222339329 -6.0356011498217601e-06 -0.00015496626574147671 -0.00015496626574147671 0.00026622692363434728 -3.8099969345227332e-05 -0.00016989939625651536 -0.00018897035929677847 0.00012092892550205015 0.0028776631355100215 -8.9389742180483596e-05 1.3102604608049608e-05 5.6536873012598684e-05 0.0019003219959254011 9.8781325289174206e-05 0.00047669727260731876 2.8308141821360154e-05
leaf_weight=95 281 14821 934 103 568 432 487 594 2302 428 822 253 513 207 570 4024 184 121 711 588 439 868 817 185 87 587 536 545 715 373 189 139 88 979 1006 328 139 85 1410 283 215 575 248 319 161 469 147 186 684 263 96 464 86 83 635 209 933 527 538 136 169 193
leaf_count=95 281 14821 934 103 568 432 487 594 2302 428 822 253 513 207 570 4024 184 121 711 588 439 868 817 185 87 587 536 545 715 373 189 139 88 979 1006 328 139 85 1410 283 215 575 248 319 161 469 147 186 684 263 96 464 86 83 635 209 933 527 538 136 169 193
internal_value=-0.00366708 -0.0198636 0.0148545 -0.00627761 0.00817369 0.0239369 -0.0278198 -0.0120141 0.00479535 -0.00211115 0.0193933 0.00740609 0.0132868 0.0123525 -0.000502313 0.0273555 0.0142796 0.0126186 0.00822581 0.0154654 0.0176377 0.0162688 0.00811688 0.00236439 -0.0283882 -0.00857606 -0.0210427 0.00559127 0.000134078 -0.00266287 0.0143195 -0.0142584 -0.0120572 0.0117903 0.0238819 0.00903581 -0.00748538 0.0112923 -0.00309694 0.00248971 0.0115112 -0.00535897 0.0227726 -0.0166474 0.000229759 0.00256735 -0.0109159 -0.0136047 -0.00840144 0.00627523 -0.01065 -0.0137926 -0.00741758 0.00336207 0.0202605 -0.00178709 0.00289042 0.00410678 0.0195851 -0.00127907 0.0133681 -0.000953865
internal_weight=46172 24632 21540 9098 12412 9128 15534 3827 7475 5271 3922 4791 4937 4424 4538 5206 3039 2317 1053 2094 1506 1264 1385 2156 14908 2773 1054 3390 2684 1227 1057 626 733 1401 1828 1088 512 796 2382 1457 760 1169 1182 518 913 630 1604 773 831 544 199 645 181 1971 1074 1812 1888 1460 722 257 1148 1603
internal_count=46172 24632 21540 9098 12412 9128 15534 3827 7475 5271 3922 4791 4937 4424 4538 5206 3039 2317 1053 2094 1506 1264 1385 2156 14908 2773 1054 3390 2684 1227 1057 626 733 1401 1828 1088 512 796 2382 1457 760 1169 1182 518 913 630 1604 773 831 544 199 645 181 1971 1074 1812 1888 1460 722 257 1148 1603
is_linear=0
shrinkage=0.03


Tree=42
num_leaves=63
num_cat=0
split_feature=0 8 0 0 9 3 0 2 9 2 3 1 10 1 9 10 1 3 11 5 2 11 10 1 10 0 10 8 10 11 5 9 11 3 0 8 1 5 1 11 1 0 1 8 5 2 7 1 8 11 7 3 1 2 3 11 8 7 8 11 10 3
split_gain=14953.2 2986.64 1436.71 244.106 222.127 160.312 144.106 74.9749 69.6484 68.9866 67.8713 66.165 54.7801 44.1877 41.267 45.8509 31.3046 34.1252 30.2874 28.4986 26.0985 25.8627 24.6901 24.0014 22.8008 21.4109 20.8379 20.8149 20.6793 20.5501 20.264 19.7878 19.5821 18.176 17.2395 19.7572 15.9083 13.9528 13.7865 13.6216 13.4593 12.9905 15.5857 12.7124 16.3847 11.6343 11.5671 11.3857 10.5599 10.4294 12.8497 23.8324 12.1771 11.6641 10.091 10.0559 10.0271 9.66435 10.2287 39.8823 17.7616 14.7329
threshold=0.055000000000000007 -1.0000000180025095e-35 1.3650000000000004 0.33500000000000008 0.78656609248549303 0.62500000000000011 0.015000000000000001 0.8500000000000002 -0.5 0.75000000000000011 0.95000000000000007 2.4350000000000005 1.0000000180025095e-35 0.082500000000000018 -0.70710678118654757 1.0000000180025095e-35 0.28500000000000009 0.25000000000000006 0.6830127018922193 0.15000000000000005 1.0000000180025095e-35 0.25000000000000017 1.0000000180025095e-35 0.015000000000000001 1.0000000180025095e-35 2.1050000000000004 0.68301270189221941 0.91597561503675362 -0.24999999999999994 0.25000000000000017 0.63333333333333341 0.1294095225512602 0.93301270189221952 0.95000000000000007 0.51500000000000012 0.37940952255126054 0.015000000000000001 0.083333333333333315 0.75500000000000012 0.6830127018922193 0.40500000000000008 0.75500000000000012 0.70500000000000007 -0.37940952255126059 0.63333333333333341 0.55000000000000016 1.0000000180025095e-35 0.93500000000000016 -0.91597561503675329 0.25000000000000017 0.24175075764359885 0.95000000000000007 0.23500000000000001 0.75000000000000011 0.95000000000000007 -0.68301270189221952 1.0000000180025095e-35 0.10077318100513531 0.37940952255126054 -0.5 0.25000000000000011 0.95000000000000007
decision_type=10 2 10 10 2 10 10 8 2 8 10 10 2 10 2 2 10 10 2 10 10 2 2 10 2 10 2 2 2 2 10 2 2 8 10 2 10 10 10 2 10 10 10 2 10 10 10 10 2 2 10 10 10 10 10 2 2 10 2 2 2 10
left_child=1 4 3 13 9 14 23 18 10 32 16 19 31 27 -4 48 34 -18 22 -7 26 33 29 56 -12 28 -14 57 -21 -6 -22 37 54 -11 35 -5 -8 -10 49 -9 -39 42 -42 -24 -45 -20 -35 -30 -16 52 51 -51 -15 -52 -1 -29 -3 58 60 -60 -2 -62
right_child=2 6 5 8 7 11 36 39 12 21 24 -13 20 38 15 -17 17 -19 45 25 30 -23 43 -25 -26 -27 -28 55 47 -31 -32 -33 -34 46 -36 -37 -38 40 -40 -41 41 -43 -44 44 -46 -47 -48 -49 -50 50 53 -53 -54 -55 -56 -57 -58 -59 59 -61 61 -63
leaf_value=1.9668711505011655e-05 -3.5127248149537971e-06 -0.00015031727776923238 0.0075971401920529157 0.0018396278710559244 -0.00010587709143149968 0.0036483889518768007 -0.00015824329228211092 -0.00015031727776923238 0.00056616915274371161 2.046956519142091e-05 0.00031778699369881255 0.0058647637246018684 -1.7976722359580103e-05 9.039876993563254e-05 0.00075577708283243341 0.0040088587137152576 0.0033900948612947206 0.0020167752762054515 -0.00013634914042181761 0.0011971566314049975 0.0010985538931877639 -9.1539356266471814e-05 -1.8405298912667232e-05 -7.6821460641573715e-05 0.00073630547298047134 0.0030462937197731107 0.00088352192092400769 -2.9799453904982631e-05 0.0011746706242528845 -1.3791073732123516e-05 0.00041685219885534582 -0.0002670959726475496 -5.9300975356701598e-05 -7.8407975483163304e-05 0.0011773485886943261 -2.9323024973210986e-05 -2.8972985968477347e-05 -7.8926331753998292e-05 0.0013260759597734362 -0.00015031727776923238 0.00043896800177644913 1.6110406554877139e-05 0.0010830219607070343 -6.7873641815401422e-05 -0.00015031727776923238 -0.00015031727776923238 6.0478984345356913e-05 0.0028465943170866296 0.001980222490653505 0.0010824286014170638 0.00018606838947697268 1.3283903378550205e-05 0.00041904265583104502 -0.00016638662717110634 -4.8797588665768238e-05 -0.00010650048710070579 -0.00015031727776923238 -0.00012920919760248567 0.00026829638405166998 -6.2439812707256313e-05 0.0010359995946809164 2.6338287448412228e-05
leaf_weight=2385 434 1934 4436 91 704 312 421 933 310 432 899 881 238 665 134 713 450 1670 359 599 833 1256 544 85 1273 673 196 229 199 219 321 138 310 613 914 177 185 324 149 333 151 282 85 433 84 231 82 430 344 131 167 199 598 240 175 187 12713 105 221 749 292 212
leaf_count=2385 434 1934 4436 91 704 312 421 933 310 432 899 881 238 665 134 713 450 1670 359 599 833 1256 544 85 1273 673 196 229 199 219 321 138 310 613 914 177 185 324 149 333 151 282 85 433 84 231 82 430 344 131 167 199 598 240 175 187 12713 105 221 749 292 212
internal_value=-0.00355055 -0.0196378 0.0146023 0.00825458 -0.00601386 0.0240117 -0.0277137 -0.011497 0.0113061 -0.00200419 0.0132932 0.0185137 0.00752345 0.00268618 0.0270309 0.0220218 0.0160036 0.0181895 -0.00855146 0.0157317 0.0112524 -0.00577601 -0.00677078 -0.0283038 0.00916705 0.0143375 0.00496552 -8.64198e-05 0.0119609 -0.0103571 0.0136104 0.00292796 0.00112853 -0.0024734 0.012071 0.00535316 -0.0133443 0.00421509 0.0058186 -0.0174743 0.00220641 0.00520231 0.0103797 -0.00364407 -0.00700772 -0.0145178 -0.00547414 0.0157619 0.0147808 0.00515742 0.00231707 0.00670695 0.00681171 -0.00125 0.00199141 -0.00618705 -0.0283964 0.00117676 0.00166579 -0.000494336 0.00389776 0.00772277
internal_weight=46082 24431 21651 12930 9093 8721 15338 3840 8352 5253 5474 3094 2878 4578 5627 1191 3302 2120 2574 2213 1588 2383 1984 14732 2172 1901 434 2429 1228 923 1154 1290 2870 1127 1182 268 606 1152 2149 1266 842 518 236 1061 517 590 695 629 478 2000 737 330 1263 407 2560 416 14647 2013 1908 970 938 504
internal_count=46082 24431 21651 12930 9093 8721 15338 3840 8352 5253 5474 3094 2878 4578 5627 1191 3302 2120 2574 2213 1588 2383 1984 14732 2172 1901 434 2429 1228 923 1154 1290 2870 1127 1182 268 606 1152 2149 1266 842 518 236 1061 517 590 695 629 478 2000 737 330 1263 407 2560 416 14647 2013 1908 970 938 504
is_linear=0
shrinkage=0.03


Tree=43
num_leaves=63
num_cat=0
split_feature=0 8 1 0 8 0 5 2 0 1 2 5 0 4 8 11 1 3 8 11 1 8 3 11 8 11 2 1 10 2 1 8 4 8 10 1 4 0 10 8 8 4 3 4 5 8 11 7 3 10 0 1 1 10 11 7 10 8 2 8 10 0
split_gain=14683.1 3006.11 1325.64 221.992 201.711 191.97 134.976 80.9837 72.5437 70.8456 69.4526 68.4496 46.5421 45.5927 36.4299 34.9358 32.3069 30.3146 28.6091 27.5013 26.857 25.5304 27.8161 25.3192 22.7954 22.2053 21.9303 18.925 18.4359 18.1098 17.284 16.4952 15.7118 15.3199 22.9144 14.1405 14.0799 13.8331 14.7664 12.8737 12.7826 12.7036 12.2586 12.1057 12.0895 12.0311 14.7197 11.8012 11.6915 11.0553 10.9297 10.7131 10.6793 10.5784 10.555 10.4025 14.6256 10.3327 10.0819 10.009 9.43541 9.37692
threshold=0.065000000000000016 -1.0000000180025095e-35 1.2250000000000003 0.66500000000000015 -0.60355339059327362 0.015000000000000001 0.22500000000000003 0.75000000000000011 0.15500000000000003 2.1350000000000002 0.75000000000000011 0.15000000000000005 1.385 0.8583333333333335 -0.91597561503675329 0.25000000000000017 0.23500000000000001 0.8500000000000002 -0.37940952255126059 0.25000000000000017 0.015000000000000001 -0.98296291314453399 0.75000000000000011 0.6830127018922193 0.60355339059327384 -0.5 0.15000000000000005 0.015000000000000001 0.25000000000000011 0.45000000000000007 1.8350000000000002 0.37940952255126054 0.9125000000000002 -0.91597561503675329 0.68301270189221941 2.7150000000000003 0.51666666666666683 1.2250000000000003 -0.93301270189221908 0.60355339059327384 -0.98296291314453399 0.9125000000000002 0.25000000000000006 0.17499999999999996 0.63333333333333341 0.37940952255126054 -0.5 0.019447123111539701 0.95000000000000007 -0.5 2.3850000000000002 0.065000000000000016 0.025000000000000005 -0.24999999999999994 1.0000000180025095e-35 0.87326037234181764 0.68301270189221941 -0.37940952255126059 0.75000000000000011 1.0000000180025095e-35 1.0000000180025095e-35 1.0000000180025095e-35
decision_type=10 2 10 10 2 10 10 8 10 10 8 10 10 10 2 2 10 10 2 2 10 2 10 2 2 2 10 10 2 10 10 2 8 2 2 10 10 10 2 2 2 8 10 10 10 2 2 10 10 2 10 10 10 2 2 10 2 2 10 2 2 10
left_child=1 4 3 8 10 20 14 18 31 25 33 12 15 16 28 26 29 -15 -6 41 59 -13 24 32 -23 50 -5 -7 -4 -10 42 -2 57 34 40 54 -20 -27 -39 49 -1 -12 -16 -21 45 53 -47 -29 -35 52 -8 -33 -24 -31 -11 -18 -57 -9 -51 -3 -19 -61
right_child=2 5 6 11 7 27 9 23 13 35 19 21 -14 17 30 -17 55 60 36 43 -22 22 39 -25 -26 37 -28 47 -30 44 -32 51 -34 48 -36 -37 -38 38 -40 -41 -42 -43 -44 -45 -46 46 -48 -49 -50 58 -52 -53 -54 -55 -56 56 -58 -59 -60 61 -62 -63
leaf_value=7.2487968576302495e-05 6.8666277373495005e-05 -0.00014580775943615542 0.0011496504879572513 0.00016647149929785248 -4.4465181894778132e-05 -0.00015374695165296483 0.0011411348049093811 -0.00011111448254357197 -3.661920156448797e-05 0.0033219385342037819 -1.1031650892318281e-05 4.4049267061388172e-05 0.0044337342933618139 0.0016238119647981747 0.0047522124573086723 0.0025947892372537333 0.00058062018508665792 0.00022373776846678571 -0.00014675673118104358 3.1260133537281373e-06 -7.5917544600999671e-05 0.0028665439427404951 0.001753620354555575 -0.00014580775943615542 0.00059079370557427126 0.001953816912000549 0.00099098909705396714 1.5805248392968973e-05 0.0031804840798440076 0.0001713819077564922 0.0078583027765332537 -6.8379888621148687e-05 -0.00014905673958913823 1.8458142662220143e-05 0.00010836394289678413 0.0059965295739717707 -0.00014580775943615542 0.0016673355323157562 0.0040272509033663475 0.00039674185294256298 -5.3957613176964545e-05 -6.9177321917868602e-05 0.0028068109890544988 -0.00011260340696628758 5.1810039071408903e-05 0.00031978964674280635 2.9359112217737792e-05 -0.00011981733489963983 -4.8951593403499874e-05 0.001719760334029216 0.0031489979543632479 3.4791522268191184e-05 0.00041617290667506188 0.00088555540309337584 0.0056941073559960888 8.9402400783501475e-05 0.00079011600783145813 -0.00014580775943615542 0.00094888216044110621 -0.00014580775943615542 0.00042300327130338593 -0.00014580775943615542
leaf_weight=194 893 1911 204 295 1157 507 762 465 601 660 913 227 442 407 468 526 1603 359 991 100 83 872 83 437 263 362 381 93 232 98 3616 559 221 2058 134 831 154 154 591 248 437 249 320 1236 822 148 343 136 154 226 142 186 486 168 304 458 121 463 1105 12260 834 321
leaf_count=194 893 1911 204 295 1157 507 762 465 601 660 913 227 442 407 468 526 1603 359 991 100 83 872 83 437 263 362 381 93 232 98 3616 559 221 2058 134 831 154 154 591 248 437 249 320 1236 822 148 343 136 154 226 142 186 486 168 304 458 121 463 1105 12260 834 321
internal_value=-0.00354986 -0.0193216 0.0146348 0.00848608 -0.00593016 -0.0275098 0.023703 -0.0111545 0.00522563 0.0194641 -0.00221877 0.0132919 0.0183465 0.0067617 0.0270316 0.0152618 0.00517075 0.0110931 -0.00755536 -0.00590636 -0.028265 0.01092 0.0115926 -0.0163705 0.0153961 0.0155815 0.0107238 -0.0125373 0.0186728 0.00258597 0.0278547 -0.000366077 -0.0140087 0.000876427 -0.00278068 0.0238029 -0.0109162 0.0184386 0.0207909 0.00957655 -0.00517405 -0.00252794 0.0237262 -0.00884069 0.00427215 0.00700528 0.00420732 -0.00534783 0.00214189 0.0104156 0.0120663 -0.00365952 0.00689474 0.0121348 0.0212642 0.0077508 0.0042931 -0.0122713 0.0119144 -0.0283627 0.00866834 -0.0286814
internal_weight=46074 24674 21400 12754 9363 15311 8646 3888 7600 3806 5475 5154 1644 5962 4840 1202 4362 1600 2302 2498 14575 3510 3283 1586 1135 2011 676 736 436 2180 4404 1638 1149 2977 765 1795 1145 1107 745 2148 631 1162 788 1336 1579 757 491 229 2212 1900 904 745 569 266 964 2182 579 928 1331 14492 1193 12581
internal_count=46074 24674 21400 12754 9363 15311 8646 3888 7600 3806 5475 5154 1644 5962 4840 1202 4362 1600 2302 2498 14575 3510 3283 1586 1135 2011 676 736 436 2180 4404 1638 1149 2977 765 1795 1145 1107 745 2148 631 1162 788 1336 1579 757 491 229 2212 1900 904 745 569 266 964 2182 579 928 1331 14492 1193 12581
is_linear=0
shrinkage=0.03


Tree=44
num_leaves=63
num_cat=0
split_feature=0 8 0 0 6 3 8 9 0 0 11 11 3 9 10 4 6 8 8 7 9 9 6 4 11 0 6 8 4 11 11 7 9 11 5 8 10 7 9 10 11 6 8 5 6 7 10 5 0 3 8 0 6 4 7 11 0 11 3 11 7 7
split_gain=14327 3001.38 1525.32 268.703 208.549 143.816 96.7222 95.0113 80.2699 78.5085 76.8733 51.2132 46.7642 45.8931 44.0125 40.2266 44.928 36.9846 34.4362 34.214 31.2118 28.1804 24.9746 23.7241 22.8916 22.6512 22.5497 20.9716 19.4666 19.1883 18.9626 18.9339 18.0447 17.674 17.2329 20.7513 17.133 16.8166 16.6028 15.1916 20.2651 14.706 14.5452 14.4517 14.3118 14.239 13.6364 13.5754 13.3258 12.2138 12.7499 11.9724 11.9291 11.7784 11.4465 12.6991 11.3446 11.0937 18.9441 10.6991 10.4762 10.2687
threshold=0.03500000000000001 -1.0000000180025095e-35 1.4650000000000001 0.21500000000000002 0.9919160630702849 0.75000000000000011 -0.60355339059327362 0.78656609248549303 1.0000000180025095e-35 0.88500000000000012 1.0000000180025095e-35 0.6830127018922193 0.25000000000000006 -0.70710678118654757 0.25000000000000011 0.27761904761904771 0.9919160630702849 0.60355339059327384 -0.91597561503675329 0.64188317670904749 -0.5 -0.70710678118654757 0.9919160630702849 0.58333333333333337 1.0000000180025095e-35 0.13500000000000004 0.70439444458987499 -0.5 0.9125000000000002 0.93301270189221952 0.25000000000000017 0.027226537766589971 -0.37940952255126015 0.93301270189221952 0.15000000000000005 0.37940952255126054 1.0000000180025095e-35 0.61732364733436551 -0.70710678118654757 1.0000000180025095e-35 1.0000000180025095e-35 0.38229330116778887 0.12940952255126045 0.083333333333333315 0.81569335171151025 1.1627445551864157 1.0000000180025095e-35 0.45000000000000007 2.2850000000000006 0.95000000000000007 0.37940952255126054 0.47500000000000003 0.59844731329174716 0.29285714285714293 0.088025157232704418 -0.24999999999999994 0.025000000000000005 0.25000000000000017 0.25000000000000006 0.25000000000000017 0.61732364733436551 1.0070054473180547
decision_type=10 2 10 10 2 10 2 2 10 10 2 2 10 2 2 10 2 2 2 10 2 2 2 10 2 10 2 2 8 2 2 10 2 2 10 2 2 10 2 2 2 2 2 10 2 10 2 10 10 10 2 10 2 10 10 2 10 2 10 2 10 10
left_child=1 4 3 17 6 13 24 18 42 15 20 28 -12 34 43 31 33 -2 -6 38 37 49 -14 -13 41 54 -26 30 39 -20 52 -5 60 47 -4 -36 -22 -11 -7 57 -41 -1 -3 -15 -21 46 -34 -17 -45 50 -18 59 -8 -31 -19 -56 -10 58 -9 -23 -33 -38
right_child=2 8 5 9 7 19 27 11 56 10 12 23 22 14 -16 16 21 25 29 44 36 51 -24 -25 26 -27 -28 -29 -30 53 -32 32 45 -35 35 -37 61 -39 -40 40 -42 -43 -44 48 -46 -47 -48 -49 -50 -51 -52 -53 -54 -55 55 -57 -58 -59 -60 -61 -62 -63
leaf_value=-8.7991673068616092e-05 9.7677970994182635e-05 -0.00014143352665307074 0.0082349380194143926 4.6162187951539961e-05 -3.8095204079928643e-05 0.0020732778373495496 -0.0001466168573404933 -0.00011797947985628896 -0.00014143352665307074 0.00086632217557963654 0.0034355997596426696 -0.00014032202995291167 0.0006435121296719218 0.0027692229902443119 0.0040898308439808219 0.00072546531526078276 0.0028106687797996191 -9.6168532126809052e-05 2.1253227350103233e-05 0.001857861915779772 -3.3241628760915657e-05 0.0005536366205984828 0.0023528708896094642 -0.00014143352665307074 -0.00016716638861260873 3.4294018249410027e-05 -6.1690512171887123e-05 -0.00014143352665307074 -0.00014813026641692588 1.7601027283824129e-05 -0.0001463982165186321 0.00038692802733708619 0.00017253506850927434 -0.00021505382665781681 0.0056440739776373594 0.0025161603649701656 0.00088083774384849483 0.0020055372639219246 0.00062178888882364117 1.8597749701246031e-05 -0.00011927515351243129 6.4375013775082833e-06 -0.00014143352665307074 0.0007227772371883334 0.0039847248908476936 -0.00014587958779315596 0.00066401889855883839 0.00030189152099081921 0.0027872998248825742 0.00088458826522339181 0.00090445225698780997 0.00089489569093939396 -8.0916562999544875e-05 -0.00011875604802022633 6.8013880442584915e-05 -0.00012977276127250497 -0.00011969716867040549 -6.9435830897942965e-06 -3.8981793012826892e-05 0.00019882299084010555 0.00068139834320983419 1.9279797497183391e-06
leaf_weight=321 2024 1926 2855 708 928 804 203 155 623 890 586 449 241 212 577 290 533 653 2430 125 306 452 900 289 343 483 382 524 92 91 157 379 493 107 1894 229 327 314 157 660 454 343 12458 289 906 93 488 1692 89 284 219 721 149 169 121 109 151 232 431 387 212 98
leaf_count=321 2024 1926 2855 708 928 804 203 155 623 890 586 449 241 212 577 290 533 653 2430 125 306 452 900 289 343 483 382 524 92 91 157 379 493 107 1894 229 327 314 157 660 454 343 12458 289 906 93 488 1692 89 284 219 721 149 169 121 109 151 232 431 387 212 98
internal_value=-0.0036182 -0.0197145 0.0137176 0.0077514 -0.00577985 0.0240612 -0.0132728 -0.00293371 -0.0278053 0.0100793 0.0136446 -0.00712269 0.0182465 0.0263342 0.0209332 0.00822779 0.00983995 0.000389266 0.000265267 0.0170396 0.00952996 0.0124759 0.0146848 -0.0138836 -0.00809353 -0.00342356 -0.0117769 -0.0202224 -0.00465185 0.00198439 -0.0158235 0.00504212 0.00678872 0.00655981 0.0275959 0.0254944 0.00463115 0.0124979 0.0129418 -0.00400414 -0.00172197 -0.00406015 -0.0283128 0.0151269 0.020843 0.00446512 0.00552953 0.00720121 0.0115567 0.0163163 0.0183267 0.00991672 -0.011898 -0.00574713 -0.00627828 -0.000519481 -0.0183484 -0.00710623 -0.00930153 0.00746429 0.0109966 0.00852113
internal_weight=46207 23960 22247 14110 8802 8137 2422 6380 15158 10720 3662 2762 1727 6145 1167 7058 4685 3390 3618 1992 1935 2596 1141 738 1389 1366 725 1033 2024 2690 509 2373 1665 2089 4978 2123 731 1204 961 1932 1114 664 14384 590 1031 1074 981 1982 378 1036 752 1560 352 260 883 230 774 818 586 839 591 425
internal_count=46207 23960 22247 14110 8802 8137 2422 6380 15158 10720 3662 2762 1727 6145 1167 7058 4685 3390 3618 1992 1935 2596 1141 738 1389 1366 725 1033 2024 2690 509 2373 1665 2089 4978 2123 731 1204 961 1932 1114 664 14384 590 1031 1074 981 1982 378 1036 752 1560 352 260 883 230 774 818 586 839 591 425
is_linear=0
shrinkage=0.03


Tree=45
num_leaves=63
num_cat=0
split_feature=0 8 0 0 9 5 6 0 1 6 1 11 9 11 6 6 1 11 0 6 11 4 1 0 11 11 4 8 7 1 2 11 8 5 11 2 5 5 0 6 4 11 2 6 1 9 4 2 4 8 1 0 2 9 7 5 11 8 11 9 6 0
split_gain=13846.2 3027.51 1461.94 248.793 215.96 139.032 129.836 120.069 97.9948 80.4546 64.4153 54.8144 51.1325 44.1886 44.4829 37.9724 36.436 32.8741 30.8562 30.2073 29.4486 27.2352 27.058 26.9333 41.8826 25.0757 24.4192 22.5589 22.413 22.2817 21.2511 20.0253 21.0267 18.7896 17.3903 21.9983 16.9277 15.4357 14.5305 14.4002 13.9597 13.7997 13.679 13.4835 13.3524 24.8693 12.9124 12.8963 14.2807 12.1586 11.8903 13.9963 11.7432 35.333 15.4854 12.1359 11.3387 20.5692 11.1888 11.8344 11.0319 10.9731
threshold=0.042500000000000003 -1.0000000180025095e-35 1.5050000000000001 0.31500000000000006 0.78656609248549303 0.22500000000000003 0.9919160630702849 1.0000000180025095e-35 0.85500000000000009 0.96010100249940655 2.4850000000000008 0.6830127018922193 -0.70710678118654757 1.0000000180025095e-35 0.97587888928342192 0.9919160630702849 0.082500000000000018 -0.5 2.3350000000000004 0.97587888928342192 0.25000000000000017 0.083333333333333315 1.7350000000000001 2.3050000000000002 -0.5 0.6830127018922193 0.4333333333333334 0.37940952255126054 1.0123902975718344 0.015000000000000001 0.55000000000000016 -0.24999999999999994 -0.37940952255126059 0.083333333333333315 0.6830127018922193 0.55000000000000016 0.15000000000000005 0.63333333333333341 0.13500000000000004 0.2363322112254401 0.96250000000000002 1.0000000180025095e-35 0.25000000000000006 0.40469693966315429 0.025000000000000005 -0.12940952255126037 0.9125000000000002 0.95000000000000007 0.8583333333333335 0.12940952255126045 0.28500000000000009 0.65500000000000014 1.0000000180025095e-35 -0.37940952255126015 0.77187910965282791 0.083333333333333315 1.0000000180025095e-35 0.91597561503675362 0.25000000000000017 -0.70710678118654757 0.68180145234509759 0.025000000000000005
decision_type=10 2 10 10 2 10 2 10 10 2 10 2 2 2 2 2 8 2 10 2 2 10 10 10 2 2 10 2 10 10 10 2 2 10 2 10 10 10 10 2 8 2 10 2 10 2 8 10 10 2 10 10 10 2 10 10 2 2 2 2 2 10
left_child=1 4 3 16 9 23 31 49 12 34 13 46 19 18 -15 -10 27 22 -7 25 40 -22 28 24 33 60 50 44 -17 61 -13 32 43 -4 35 -1 41 -27 -29 -37 42 -19 -11 -6 -2 -46 -8 -21 -49 -3 51 -14 53 -52 -55 -54 57 -40 -18 -60 -5 -9
right_child=2 7 5 8 6 10 11 29 15 20 -12 30 26 14 -16 17 58 36 -20 47 21 -23 -24 -25 -26 37 -28 38 -30 -31 -32 -33 -34 -35 -36 39 -38 -39 56 -41 -42 -43 -44 -45 45 -47 -48 48 -50 -51 52 -53 55 54 -56 -57 -58 -59 59 -61 -62 -63
leaf_value=3.7585022835089437e-05 0.00017099180999389515 -0.00013719052085347863 0.0021234027069985382 0.000367163997750968 -0.00014319843047982765 0.0012416433733731503 -4.2334176809879629e-05 -0.00013719052085347863 0.00098915002359355078 2.2767504654185725e-06 0.0053073165037685948 -0.00010358886550183613 -3.2747383818836763e-05 0.00030000258513404458 0.0047074988793644468 0.0010658878176930918 0.0002053525374615256 0.0015707959521088781 0.0030478527788051837 0.0019308184288699291 1.989832899702698e-05 -3.7432112693815993e-05 0.0025647588029186373 0.0083594419885502837 0.0053846446135057948 0.00067264494729137622 0.00057909192922613365 -7.7455926562364577e-05 -4.6505574345843125e-05 -3.648683948279715e-05 -0.00013719052085347863 -0.00013719052085347863 -0.00013719052085347863 0.0012981662003093068 -0.00016168258490403673 -0.0001420136920048379 0.0022620699326739283 -0.00042048335198462383 0.00028942367589055487 -4.959997541721067e-05 -7.3326260238882414e-05 0.0033883695773780625 6.3379376584437588e-05 -4.4334972338335227e-05 0.000216411167490594 -0.00012248638764410382 -0.00014368635842441812 0.00030454734363091475 0.0010616612190492553 -0.00013719052085347863 0.0007256619713161968 0.00026158346121203684 0.0010275036918692437 0.0015558846239180485 -0.00028935868806658323 0.00037598968724023073 -5.930775132267439e-05 -6.4129860941810745e-05 0.00049964992582848973 -2.967359765146924e-05 0.00087298661071571245 -0.00015948111371882814
leaf_weight=158 796 1929 410 570 127 953 1947 499 822 535 1003 331 577 102 751 553 1219 109 447 909 688 1490 212 2553 1494 98 1198 708 125 198 416 510 267 229 303 375 1017 160 227 435 100 465 1016 149 171 151 94 182 183 12511 88 567 328 85 206 649 377 157 206 532 315 188
leaf_count=158 796 1929 410 570 127 953 1947 499 822 535 1003 331 577 102 751 553 1219 109 447 909 688 1490 212 2553 1494 98 1198 708 125 198 416 510 267 229 303 375 1017 160 227 435 100 465 1016 149 171 151 94 182 183 12511 88 567 328 85 206 649 377 157 206 532 315 188
internal_value=-0.00381798 -0.0194264 0.0134736 0.0076273 -0.00555245 0.0237492 -0.010924 -0.0275199 0.0104087 -0.00150559 0.0189745 -0.00752958 0.00815729 0.0161446 0.021534 0.0145732 0.00186139 0.0164263 0.012848 0.0115509 0.000665796 -0.0016246 0.0117845 0.0270621 0.0245314 0.00799825 0.00593674 -0.00047527 0.00883652 -0.0167607 -0.0144786 -0.0198956 -0.0158272 0.0180469 -0.00804245 -0.00606811 0.0190138 -0.00023166 -0.00291837 -0.00806412 0.00368644 0.0231652 0.00438789 -0.0099639 0.00273458 -0.00241486 -0.00498041 0.0147294 0.00991803 -0.0281781 0.0042463 0.00199127 0.00614591 0.00165789 -0.00339041 0.00788344 -3.93701e-05 0.00358442 0.00494893 0.00202977 0.010395 -0.0193169
internal_weight=46170 24266 21904 13962 8941 7942 3841 15325 9418 5100 3256 2788 6115 2253 853 3303 4544 2481 1400 2417 3829 2178 890 4686 2133 1143 3698 2587 678 885 747 1053 543 639 1271 968 1591 258 1469 810 1651 574 1551 276 1118 322 2041 1274 365 14440 2500 1144 1356 379 291 977 761 384 1957 738 885 687
internal_count=46170 24266 21904 13962 8941 7942 3841 15325 9418 5100 3256 2788 6115 2253 853 3303 4544 2481 1400 2417 3829 2178 890 4686 2133 1143 3698 2587 678 885 747 1053 543 639 1271 968 1591 258 1469 810 1651 574 1551 276 1118 322 2041 1274 365 14440 2500 1144 1356 379 291 977 761 384 1957 738 885 687
is_linear=0
shrinkage=0.03


Tree=46
num_leaves=63
num_cat=0
split_feature=0 8 0 1 9 0 3 6 1 0 6 1 9 3 9 10 10 7 1 5 5 8 4 8 5 6 1 6 9 9 8 5 8 1 8 4 5 1 3 5 10 10 10 7 5 10 5 0 7 3 8 1 6 4 3 6 7 8 0 1 10 3
split_gain=13530.5 2969.23 1422.42 243.754 194.304 171.231 145.923 139.109 70.8535 69.8441 58.6664 54.6569 48.0618 42.5747 36.8198 39.9358 31.3911 35.2751 29.2223 28.4569 26.2937 25.8749 22.7293 21.4797 20.2312 20.1927 20.0453 17.4866 23.7735 14.1705 14.0815 15.2718 14.0746 13.1413 13.0435 13.0309 22.6546 12.9964 12.1692 12.1287 12.0724 13.0775 11.4327 11.1678 10.995 10.978 10.8371 9.96067 9.9219 25.6474 14.0392 10.8587 9.89984 9.88757 21.2136 10.6276 9.51734 11.8088 14.9627 9.35697 8.89449 8.71403
threshold=0.055000000000000007 -1.0000000180025095e-35 1.5050000000000001 0.41500000000000004 0.78656609248549303 0.015000000000000001 0.62500000000000011 0.9919160630702849 2.2816666665000001 0.15500000000000003 0.56988722470830055 1.0850000000000002 -0.78656609248549325 0.57500000000000007 -0.70710678118654757 1.0000000180025095e-35 0.68301270189221941 1.0087720048220379 1.0000000180025095e-35 1.0000000180025095e-35 0.45000000000000007 -0.98296291314453399 0.51666666666666683 -0.37940952255126059 0.15000000000000005 0.69300588406246244 0.015000000000000001 0.9919160630702849 -0.70710678118654757 -0.5 0.37940952255126054 0.22500000000000003 0.37940952255126054 0.015000000000000001 1.0000000180025095e-35 0.29285714285714293 0.71666666666666667 0.015000000000000001 0.35000000000000003 0.15000000000000005 1.0000000180025095e-35 -0.6830127018922193 -0.6830127018922193 0.019447123111539701 0.95000000000000007 -0.6830127018922193 0.15000000000000005 1.6450000000000002 0.59083916083916088 0.75000000000000011 -0.70710678118654735 0.81500000000000006 0.9919160630702849 0.37222222222222229 0.75000000000000011 0.20408539105479609 0.50039370078740164 0.60355339059327384 0.47500000000000003 2.4450000000000007 0.25000000000000011 0.62500000000000011
decision_type=10 2 10 10 2 10 10 2 10 10 2 10 2 10 2 2 2 10 10 8 10 2 8 2 10 2 10 2 2 2 2 10 2 10 2 8 10 10 10 10 2 2 2 10 10 2 8 10 10 10 2 10 2 10 10 2 10 2 10 10 2 10
left_child=1 4 3 9 10 18 14 23 27 32 26 16 13 -11 30 -16 17 24 34 38 21 -13 -9 -6 29 -18 42 47 -29 -5 -4 -32 -2 61 46 36 -21 -7 -12 -30 41 -24 -1 -39 -37 -19 -3 -8 49 -26 51 -50 -15 -14 56 60 57 -55 -59 -22 -56 -34
right_child=2 5 6 11 7 37 8 22 -10 12 19 20 53 52 15 -17 25 45 -20 35 59 -23 40 -25 48 -27 -28 28 39 -31 31 -33 33 -35 -36 44 -38 43 -40 -41 -42 -43 -44 -45 -46 -47 -48 -49 50 -51 -52 -53 -54 54 55 -57 -58 58 -60 -61 -62 -63
leaf_value=-4.2289873254055636e-05 2.851101577453066e-05 -0.00013307480522787424 0.0074562285874083777 0.0027757491235863119 -0.00013699796882634489 -0.00014052486353886219 0.00027281800105994459 -5.4693289603679348e-05 0.0050270727523471356 0.0023095375032556116 5.2776217324568622e-06 0.00061707888960685743 0.00011583692093908323 0.00025923661765827791 0.0014035453298618069 0.0037544531178846595 0.00023293234524064037 0.00035431391740096214 -0.0001096514819543648 1.8453913720649674e-05 0.0013133247288788985 0.0025873022334194735 -4.8485182600264208e-05 -0.00013307480522787424 0.0022188171316650709 0.001571647726764465 5.4169494571026239e-05 0.0029063976566676784 0.0022624145042493748 0.00099213615932242745 0.003892134785573354 0.0022255382184169325 -0.00010240993185681452 2.6052581995919689e-05 -0.00013307480522787424 -4.0116665244848222e-05 -6.5820954243244904e-05 1.5242477909408564e-05 6.9463517617930501e-05 0.00049423505661317084 -0.00013307480522787424 -0.00013445827983131351 -0.00014940272905331371 -0.00014151305578872004 3.1088813341769658e-05 -0.0002059621493815844 -0.00013307480522787424 0.00144873751027622 -0.00023330111080035838 0.00052051021664351255 0.00081120126746038815 0.00033158476820162547 0.00097084408992346299 0.0018751863241436592 -0.00011810806270460307 0.00019122585013985288 5.0878597325514155e-05 2.3579870445149982e-05 0.0010250971737679542 0.0033345478484729379 0.00019044601991803425 -4.4233840984936029e-05
leaf_weight=192 973 757 3667 192 527 423 107 1937 1055 342 1267 136 2124 777 354 609 141 85 227 645 935 1162 106 535 261 724 86 880 83 336 422 116 168 244 12595 1785 180 83 509 201 496 236 482 107 108 176 1160 410 163 1348 120 174 526 215 174 1172 81 129 107 122 117 432
leaf_count=192 973 757 3667 192 527 423 107 1937 1055 342 1267 136 2124 777 354 609 141 85 227 645 935 1162 106 535 261 724 86 880 83 336 422 116 168 244 12595 1785 180 83 509 201 496 236 482 107 108 176 1160 410 163 1348 120 174 526 215 174 1172 81 129 107 122 117 432
internal_value=-0.00381554 -0.0190955 0.0135077 0.00764443 -0.00550704 -0.0271413 0.0236357 -0.0106384 0.0180197 0.00405566 -0.00175833 0.0121215 0.00567216 0.0100061 0.0266048 0.0212552 0.00985219 0.00832983 -0.0277877 -0.000453838 0.0157003 0.0185681 -0.00710014 -0.0198683 0.00938728 0.0148614 -0.00946124 0.0141795 0.0162232 0.0146314 0.0278245 0.023154 -0.00107261 -0.00390533 -0.0279556 -0.00238323 0.000762712 -0.0115798 0.00249859 0.00863158 -0.0112277 -0.0155685 -0.0112 -0.00502618 -0.00375396 -0.00217557 -0.0255735 0.00955598 0.00804064 0.00914907 0.00412664 0.000976331 0.00752301 0.00393932 0.00545591 0.00358607 0.0105816 0.0122788 0.00759494 0.0121645 -0.0015411 -0.00628952
internal_weight=46003 24443 21560 13656 9091 15352 7904 3837 2736 7581 5254 6075 5764 1645 5168 963 3720 2855 14739 4494 2355 1298 2775 1062 2594 865 760 1681 1164 528 4205 538 1817 844 14512 2718 825 613 1776 284 838 342 674 190 1893 261 1917 517 2066 1609 457 337 1303 4119 1995 1463 532 451 236 1057 291 600
internal_count=46003 24443 21560 13656 9091 15352 7904 3837 2736 7581 5254 6075 5764 1645 5168 963 3720 2855 14739 4494 2355 1298 2775 1062 2594 865 760 1681 1164 528 4205 538 1817 844 14512 2718 825 613 1776 284 838 342 674 190 1893 261 1917 517 2066 1609 457 337 1303 4119 1995 1463 532 451 236 1057 291 600
is_linear=0
shrinkage=0.03


Tree=47
num_leaves=63
num_cat=0
split_feature=0 1 0 9 0 0 9 9 9 11 5 6 0 9 9 6 6 9 4 3 1 5 0 0 9 5 3 10 1 11 11 3 7 1 1 1 6 10 4 3 0 7 0 6 3 3 10 11 6 9 11 3 5 5 9 10 3 3 10 10 11 0
split_gain=13086.2 1419.23 318.933 194.844 190.021 164.237 143.492 195.82 139.753 95.9447 69.881 69.6385 67.2434 58.4359 56.1545 54.0111 49.1001 43.876 41.733 36.1032 32.4216 30.6078 27.922 26.9691 26.6847 26.2973 25.5102 22.8693 21.6826 20.6476 20.4957 23.9149 20.2055 24.0396 18.3334 17.7608 22.3532 17.6212 15.3003 19.8056 13.8432 13.4706 13.2147 13.1571 13.0188 12.1966 11.8026 11.5762 11.169 10.9765 10.909 10.4776 10.2836 10.1537 11.7969 10.0365 10.113 9.77094 9.68952 9.6372 9.22438 9.21405
threshold=0.055000000000000007 1.1850000000000003 1.0000000180025095e-35 0.1294095225512602 0.65500000000000014 2.3250000000000006 0.25881904510252057 0.37940952255126048 0.91597561503675351 1.0000000180025095e-35 0.15000000000000005 0.9919160630702849 0.14500000000000005 -0.70710678118654757 0.1294095225512602 0.97587888928342192 0.9919160630702849 0.98296291314453421 0.8583333333333335 0.8500000000000002 2.4850000000000008 0.083333333333333315 1.1533333333333335 0.015000000000000001 -0.5 0.15000000000000005 0.8500000000000002 1.0000000180025095e-35 1.0000000180025095e-35 0.6830127018922193 0.6830127018922193 0.35000000000000003 0.99095200782781923 1.635 0.23500000000000001 1.0000000180025095e-35 0.38229330116778887 -0.5 0.81666666666666676 0.95000000000000007 2.0150000000000001 0.72666367926354991 1.1450000000000002 0.78953051963513776 0.62500000000000011 0.57500000000000007 0.68301270189221941 0.25000000000000017 0.32212462018004401 -0.60355339059327384 -0.9330127018922193 0.62500000000000011 0.15000000000000005 0.55000000000000016 0.78656609248549303 0.68301270189221941 0.62500000000000011 0.45000000000000007 0.25000000000000011 -0.5 0.93301270189221952 0.48500000000000004
decision_type=10 10 10 2 10 10 2 2 2 2 10 2 10 2 2 2 2 2 10 10 10 10 10 10 2 10 10 2 10 2 2 10 10 10 10 10 2 2 8 10 10 10 10 2 10 10 2 2 2 2 2 10 8 10 2 2 10 10 2 2 2 10
left_child=2 4 3 28 12 9 -5 -8 11 20 13 30 -2 42 23 44 -10 29 34 57 21 32 45 -4 26 -7 -12 -26 -1 -18 31 -9 -3 -34 -14 36 -16 -38 53 52 59 -36 -6 -27 -11 -17 49 -15 -33 -23 -25 -39 -40 54 -13 56 -43 -20 61 -28 -55 -21
right_child=1 5 14 6 10 25 7 8 16 15 24 38 18 47 35 22 17 -19 19 58 -22 46 -24 50 27 43 40 -29 -30 -31 -32 48 33 -35 41 -37 37 51 39 -41 -42 55 -44 -45 -46 -47 -48 -49 -50 -51 -52 -53 -54 60 -56 -57 -58 -59 -60 -61 -62 -63
leaf_value=-0.00012908256107103803 -2.7018312718391172e-05 0.002737027117903904 -0.00012908256107103803 -3.9622897772966721e-05 0.0020493996343465236 0.0082692465907132518 -0.00012908256107103803 -0.00012908256107103803 -0.00012908256107103803 0.0026176195153510889 0.0019510982659487796 -0.00013015357405413668 5.3392725331086188e-05 0.00056263483185500058 -8.9662742287240663e-05 0.0031946663507133712 -0.00012908256107103803 -0.00012908256107103803 0.0025460495265063436 7.6186710380941454e-05 0.0037046449351047762 0.0014476059664138574 0.0051129933542080532 -0.00013656007577201354 -6.7022017327345582e-05 0.0031418729408748225 0.00017825681855555719 0.00061157577213256204 -0.00012978526076924329 -0.00012908256107103803 -0.00012908256107103803 -0.00012908256107103803 -1.9611620257366514e-05 0.0015114152839103133 0.00047328526273547497 -8.6115750774747829e-05 -3.4063470326919638e-05 0.00028065783355196478 -0.00012908256107103803 -0.00012908256107103803 0.0017312513310864851 -5.5641030833586747e-05 0.0044616682106168046 0.0050083976562309302 0.00028206888046380246 0.001699750929520897 0.0024875589033609229 0.0019582038379192595 -0.00012908256107103803 0.00075293172991787948 -0.00013258339503403519 3.1076101178373322e-05 -0.00012908256107103803 -0.00012908256107103803 -0.00012908256107103803 0.00068941185929306511 0.00032570752701737728 0.0010074603706399425 0.00037025575925312922 0.00081112229410373708 -0.00012908256107103803 0.00066323713983287066
leaf_weight=2838 1714 422 451 755 161 2076 1938 224 1561 82 1194 3388 2267 731 92 171 2049 1403 137 457 490 891 1760 92 370 153 390 286 114 752 550 924 83 137 1302 102 131 172 163 443 127 482 402 1509 128 203 169 302 1293 557 864 200 536 1423 1844 168 149 270 686 1016 146 117
leaf_count=2838 1714 422 451 755 161 2076 1938 224 1561 82 1194 3388 2267 731 92 171 2049 1403 137 457 490 891 1760 92 370 153 390 286 114 752 550 924 83 137 1302 102 131 172 163 443 127 482 402 1509 128 203 169 302 1293 557 864 200 536 1423 1844 168 149 270 686 1016 146 117
internal_value=-0.00384259 0.0131953 -0.018867 -0.0199186 0.00678294 0.0224355 -0.0188233 -0.0193427 -0.0182928 0.0189223 0.0113554 -0.0162963 0.00384387 0.016531 -0.00769596 0.0233859 -0.022076 -0.0203757 0.005333 0.0093705 0.0151091 0.0135796 0.024815 -0.0111435 0.00890957 0.0272158 0.0102163 0.00347032 -0.0271046 -0.0181906 -0.0202039 -0.0190049 0.0191291 0.0116742 0.00379034 -0.000730659 0.00125839 0.00375 -0.0148225 -0.0180577 0.00764668 0.00580875 0.0243085 0.0243536 0.00881517 0.01728 0.0113659 0.0122727 -0.0199504 0.0104762 -0.00827586 0.00707775 -0.0212143 -0.0142767 -0.0136327 0.0027375 0.000996835 0.0171324 0.0068517 0.00678038 -0.016414 0.00396522
internal_weight=46007 21559 24448 22344 12728 8831 19392 18637 16699 5093 4979 10934 7749 1596 2104 2344 5765 4204 6035 1667 2749 2259 2134 1407 3383 3738 2727 656 2952 2801 2991 2441 642 220 4368 697 595 503 7943 1142 1533 2101 563 1662 210 374 1617 1033 2217 1448 956 372 699 6801 5232 799 631 407 1260 1406 1569 574
internal_count=46007 21559 24448 22344 12728 8831 19392 18637 16699 5093 4979 10934 7749 1596 2104 2344 5765 4204 6035 1667 2749 2259 2134 1407 3383 3738 2727 656 2952 2801 2991 2441 642 220 4368 697 595 503 7943 1142 1533 2101 563 1662 210 374 1617 1033 2217 1448 956 372 699 6801 5232 799 631 407 1260 1406 1569 574
is_linear=0
shrinkage=0.03


Tree=48
num_leaves=63
num_cat=0
split_feature=0 8 0 1 6 0 5 8 0 8 1 11 4 6 1 11 11 6 2 1 0 6 11 1 8 11 5 1 0 11 6 8 11 0 3 2 8 5 11 4 0 4 8 11 11 2 3 2 11 8 0 5 5 5 10 10 10 3 6 11 1 10
split_gain=12875.7 3120.54 1398.08 209.409 197.224 184.974 153.835 108.281 103.288 91.29 89.0117 51.7633 50.3781 42.0528 36.1081 35.713 34.1171 32.9955 29.5227 29.1374 28.0408 27.817 27.5713 28.8138 25.9565 25.0557 23.4981 23.0624 21.2469 26.8184 21.2057 20.2466 20.4001 19.7454 19.661 19.5237 19.4728 18.7268 18.4217 17.2086 17.1397 16.7424 15.4976 15.4533 14.7554 14.5911 14.5733 13.9571 13.8337 14.0122 12.8535 12.3275 12.1343 11.8598 11.0862 11.0683 11.0611 10.885 10.2909 10.1792 9.9003 22.3271
threshold=0.055000000000000007 -1.0000000180025095e-35 1.5050000000000001 0.90333333350000011 0.9919160630702849 1.0000000180025095e-35 0.15000000000000005 -0.60355339059327362 0.21500000000000002 -0.60355339059327362 2.1350000000000002 0.6830127018922193 0.37222222222222229 0.69300588406246244 1.0000000180025095e-35 1.0000000180025095e-35 0.93301270189221952 0.9919160630702849 0.55000000000000016 1.0000000180025095e-35 2.3250000000000006 0.9919160630702849 -0.5 1.7350000000000001 0.37940952255126054 -0.68301270189221952 0.083333333333333315 0.025000000000000005 2.3050000000000002 -0.5 0.21090423132313618 -0.37940952255126059 -0.24999999999999994 0.47500000000000003 0.57500000000000007 0.55000000000000016 0.91597561503675362 0.083333333333333315 -0.24999999999999994 0.8583333333333335 2.4750000000000005 0.9125000000000002 0.12940952255126045 0.25000000000000017 1.0000000180025095e-35 1.0000000180025095e-35 0.75000000000000011 0.75000000000000011 0.25000000000000017 0.25881904510252091 0.025000000000000005 0.71666666666666667 0.15000000000000005 1.0000000180025095e-35 0.25000000000000011 1.0000000180025095e-35 -0.6830127018922193 0.11666666666666667 0.92930638923935771 1.0000000180025095e-35 0.40500000000000008 -0.24999999999999994
decision_type=10 2 10 10 2 10 10 2 10 2 10 2 10 2 10 2 2 2 10 8 10 2 2 10 2 2 10 10 10 2 2 2 2 10 10 10 2 10 2 10 10 8 2 2 2 10 10 10 2 2 10 10 8 10 2 2 2 10 2 2 10 2
left_child=1 4 3 8 7 42 28 18 24 16 15 41 36 59 50 20 19 -17 -1 38 -8 -5 23 45 54 -26 -24 30 29 55 -20 32 47 39 -35 -13 60 -16 -6 48 44 -11 52 -32 -12 -23 -19 -9 -15 -50 -7 -47 -3 -40 57 -4 -36 -2 -59 -14 -10 -62
right_child=2 5 6 21 9 14 10 31 12 11 40 35 13 33 37 17 -18 46 27 -21 -22 22 26 -25 25 -27 -28 -29 -30 -31 43 -33 -34 34 56 -37 -38 -39 53 -41 -42 -43 -44 -45 -46 51 -48 -49 49 -51 -52 -53 -54 -55 -56 -57 -58 58 -60 -61 61 -63
leaf_value=3.1657497369831984e-05 -0.00010148270007409355 -0.0001252100842389069 0.0015196866160149577 0.0010099729513643654 8.5924116555312357e-05 -0.00012860589318301413 0.0010159178314021696 -8.3482606242769176e-06 0.0001847796486305049 -3.0983019904623486e-05 0.0027627031404458117 -8.3128669857655992e-05 0.00029072654605811533 0.00034503656517206123 4.9468062983699759e-06 0.00058539450175374319 -5.1703801021887901e-05 0.0045772615068462958 -0.00015104146346319667 -0.00010945016776126238 0.0026423851397773803 -3.0832810594456635e-05 0.0029348880453978852 0.0026537005746307316 6.3354920117007573e-05 -7.2343197733469933e-05 0.0022039808399800507 0.00011554842888604579 0.0079794232935879676 0.0051370129881487883 -2.3772396973404681e-05 -0.0001252100842389069 -0.00013020922451993438 0.0026375465985985875 0.00029791884119424668 -0.0001252100842389069 -7.4881525037090874e-05 -7.187205744098039e-05 2.2598345477869707e-05 0.00071540791094893807 0.0055887066442727035 -0.00013151104668271819 -0.0001252100842389069 -0.00011132947681289973 0.0056637188913722181 0.0012883902752649455 0.0024828703288252841 -0.00013104700610957768 0.00063899786811675457 -0.00012470657418034041 -0.00014755153504893072 0.00015564938084592999 -0.0001252100842389069 -6.0393862706581079e-06 0.0001830134790573505 0.002110835671504168 0.00093624551666384489 -2.7290959510271951e-05 0.00030598399548732518 -3.03907389927624e-06 0.00020936647246662705 0.00088171714806211526
leaf_weight=244 88 763 168 812 982 410 926 120 2031 1924 601 339 763 366 92 105 508 533 391 85 344 118 390 211 358 928 1134 83 2151 1194 379 540 251 400 222 407 208 240 981 547 1136 109 12497 422 271 380 206 161 233 177 256 132 1179 1167 725 327 1193 330 378 351 594 661
leaf_count=244 88 763 168 812 982 410 926 120 2031 1924 601 339 763 366 92 105 508 533 391 85 344 118 390 211 358 928 1134 83 2151 1194 379 540 251 400 222 407 208 240 981 547 1136 109 12497 422 271 380 206 161 233 177 256 132 1179 1167 725 327 1193 330 378 351 594 661
internal_value=-0.00382667 -0.0187159 0.0130106 0.00720996 -0.00477348 -0.0269277 0.0230114 -0.0117708 0.00517624 -0.0019837 0.0189765 -0.00609712 0.0069627 0.00915589 -0.0144144 0.0146667 0.00108754 0.0194556 -0.00661184 0.00222948 0.0114713 0.0139616 0.0156086 0.0112233 0.000245726 -0.00289044 0.0180197 -0.00844044 0.0273366 0.0247633 -0.00950545 -0.019068 -0.0148593 0.0109334 0.0129681 -0.0128514 0.00429185 -0.00630631 0.00270201 0.00813444 0.0235042 -0.00361357 -0.0277916 -0.00669576 0.0202749 0.00798732 0.0216892 -0.00925532 0.00525097 0.00145985 -0.0184408 0.0101754 -0.025229 0.00114472 0.0028975 0.0188105 0.0112924 0.000451694 0.00169252 0.0041435 0.00485549 0.00695064
internal_weight=46222 24530 21692 13730 9093 15437 7962 2591 10553 6502 4122 2779 7746 4252 998 2114 3723 844 1519 3215 1270 3177 2365 841 2807 1286 1524 1275 3840 1689 1192 1072 532 3138 1815 746 3494 332 3130 1323 2008 2033 14439 801 872 630 739 281 776 410 666 512 1942 2148 1521 495 1415 796 708 1114 3286 1255
internal_count=46222 24530 21692 13730 9093 15437 7962 2591 10553 6502 4122 2779 7746 4252 998 2114 3723 844 1519 3215 1270 3177 2365 841 2807 1286 1524 1275 3840 1689 1192 1072 532 3138 1815 746 3494 332 3130 1323 2008 2033 14439 801 872 630 739 281 776 410 666 512 1942 2148 1521 495 1415 796 708 1114 3286 1255
is_linear=0
shrinkage=0.03


Tree=49
num_leaves=63
num_cat=0
split_feature=0 8 0 0 6 5 0 9 1 1 9 0 9 3 9 3 10 1 4 0 8 8 1 9 3 8 3 8 8 3 4 8 10 7 1 1 8 8 4 7 6 4 5 8 6 8 5 6 8 9 5 0 4 10 3 3 8 10 6 6 10 6
split_gain=12481.7 2955 1460.17 233.391 200.163 161.574 116.026 107.687 84.9847 84.6481 72.5709 44.3951 43.8301 48.4289 37.4017 53.0531 30.5372 29.7507 25.9114 24.3443 22.648 21.2183 19.1711 18.4701 17.8738 17.8492 21.4571 17.7373 17.5288 16.9233 16.7117 16.0693 15.9336 16.6158 15.3518 14.6749 24.5193 14.4267 14.385 14.118 13.8855 13.1452 12.8299 12.7424 18.9102 14.1308 12.4011 12.3008 11.8533 11.6512 11.5836 11.2502 11.2321 11.0276 13.8813 10.5875 10.1612 9.88401 9.87466 9.78238 11.1419 9.7664
threshold=0.03500000000000001 -1.0000000180025095e-35 1.5050000000000001 0.32500000000000007 0.9919160630702849 0.15000000000000005 1.0000000180025095e-35 0.78656609248549303 1.1050000000000002 2.4850000000000008 0.78656609248549303 0.14500000000000005 -0.70710678118654757 0.62500000000000011 -0.70710678118654757 0.57500000000000007 1.0000000180025095e-35 1.0000000180025095e-35 0.51666666666666683 2.2850000000000006 -0.91597561503675329 0.25881904510252091 0.51500000000000012 -0.5 0.62500000000000011 -0.98296291314453399 0.75000000000000011 -0.37940952255126059 0.12940952255126045 0.25000000000000006 0.37222222222222229 0.37940952255126054 0.68301270189221941 0.94949559701744335 0.30300000000000005 0.025000000000000005 0.78656609248549325 -0.37940952255126059 0.9125000000000002 0.78222407475228606 0.9919160630702849 0.083333333333333315 0.22500000000000003 0.37940952255126054 0.46864169028679781 -0.70710678118654735 0.22500000000000003 0.40469693966315429 0.78656609248549325 0.1294095225512602 0.22500000000000003 0.025000000000000005 0.17499999999999996 0.68301270189221941 0.8500000000000002 0.11666666666666667 -0.91597561503675329 -0.24999999999999994 0.9919160630702849 0.21090423132313618 0.68301270189221941 0.9919160630702849
decision_type=10 2 10 10 2 10 10 2 10 10 2 10 2 10 2 10 2 10 8 10 2 2 10 2 10 2 10 2 2 10 10 2 2 10 10 10 2 2 8 10 2 10 8 2 2 2 10 2 2 2 8 10 10 2 10 10 2 2 2 2 2 2
left_child=1 4 3 11 7 19 28 24 14 12 20 21 13 31 15 -5 23 51 -12 55 49 -2 30 29 52 -10 -27 47 42 -16 -18 -7 33 -14 46 48 -37 -20 -22 -36 -15 -19 -3 44 -13 -46 -25 -9 -23 50 -6 -8 -1 54 58 56 -4 -57 -17 60 -26 -11
right_child=2 6 5 8 10 9 17 27 25 61 18 43 32 40 16 53 22 41 37 -21 38 35 -24 34 59 26 -28 -29 -30 -31 -32 -33 -34 -35 39 36 -38 -39 -40 -41 -42 -43 -44 -45 45 -47 -48 -49 -50 -51 -52 -53 -54 -55 -56 57 -58 -59 -60 -61 -62 -63
leaf_value=5.1629759353689001e-05 1.7558617834356609e-05 -0.00012145378171173967 0.0013274287017332714 0.0026003591321382379 0.00026329693120352531 0.0046834281504409296 -0.00012474771638752371 -0.00012698865148522403 0.00034616062313611322 0.0035181707905972684 -4.512721851038532e-05 1.2313113701042065e-05 0.00093969646875971004 0.0013175019719226515 0.0010178959164646648 0.00038203208166727708 0.00012185852000384623 2.9464601348929905e-06 -7.8520676214641994e-05 0.0076759142757863693 2.0358687394895007e-05 -3.9467752067806062e-05 0.0010388029537827667 0.00015783883175441639 -0.00012785276189488463 0.0025235530107303237 0.0013510632268358463 -0.00012145378171173967 -0.00012145378171173967 0.00032123003811454829 0.00056464322874291912 0.0019325215336563899 0.0023350696574684126 -0.00021949073077313057 0.00052322964651205478 -0.00023378210718691161 4.6704766591732556e-05 -0.00012145378171173967 -6.8628219138898739e-05 -4.6844780173876661e-05 0.0026151087246611641 -7.4519242959815931e-05 -0.00012145378171173967 3.196200837107074e-05 0.00038884571022601729 0.0010453202084791887 -0.00021729859153543765 -0.00012096949838157758 -8.9470298384776572e-05 -3.3138784422936783e-05 -6.7149587623960277e-05 -0.00014312498899746282 -4.9128066406870428e-05 0.00077356467539062778 0.00038480116572898044 0.002607130514588326 0.0050879272025558028 0.0032751026553581161 0.0019335469132633917 -6.957334715778843e-05 -0.00015003195706732482 0.0053846593883021265
leaf_weight=117 1212 875 128 529 95 715 404 209 160 213 1980 440 390 453 227 88 781 90 408 2160 2529 205 867 156 286 1101 971 530 12458 637 564 156 90 102 455 94 239 420 132 372 869 172 1022 1127 900 240 232 314 493 694 137 108 176 589 1282 218 873 412 298 723 90 1139
leaf_count=117 1212 875 128 529 95 715 404 209 160 213 1980 440 390 453 227 88 781 90 408 2160 2529 205 867 156 286 1101 971 530 12458 637 564 156 90 102 455 94 239 420 132 372 869 172 1022 1127 900 240 232 314 493 694 137 108 176 589 1282 218 873 412 298 723 90 1139
internal_value=-0.00384987 -0.0188573 0.0123704 0.00663324 -0.00507635 0.0226998 -0.0269088 -0.0123753 0.00943179 0.0185828 -0.00228424 0.00136942 0.0155728 0.017516 0.00782001 0.0105274 0.00606011 -0.0155613 -0.00589534 0.0271756 0.000543478 -0.00175134 0.00851333 0.00344712 -0.0068916 0.0145365 0.0152822 -0.019611 -0.0275195 0.00679769 0.006263 0.0230161 0.00823328 0.00608519 0.00106086 -0.00491279 0.000269461 -0.0103498 0.00194966 0.00336957 0.0138776 -0.00730038 -0.0247682 0.00395495 0.0056926 0.00773006 -0.00385604 -0.0156298 -0.00738197 -0.00349515 0.0023176 -0.0197661 -0.000306122 0.00851639 0.00726183 0.0243566 0.0263174 0.0212044 0.0122481 -0.00864545 -0.0125729 0.024745
internal_weight=46146 23969 22177 14259 8840 7918 15129 2445 9309 4127 6395 4950 2775 2193 7077 2786 4291 774 2808 3791 3587 2243 2212 2079 1392 2232 2072 1053 14355 864 1345 871 582 492 1215 1031 333 828 2661 827 1322 262 1897 2707 1580 1140 388 523 698 926 232 512 293 2257 1668 1631 1001 630 386 1099 376 1352
internal_count=46146 23969 22177 14259 8840 7918 15129 2445 9309 4127 6395 4950 2775 2193 7077 2786 4291 774 2808 3791 3587 2243 2212 2079 1392 2232 2072 1053 14355 864 1345 871 582 492 1215 1031 333 828 2661 827 1322 262 1897 2707 1580 1140 388 523 698 926 232 512 293 2257 1668 1631 1001 630 386 1099 376 1352
is_linear=0
shrinkage=0.03


Tree=50
num_leaves=63
num_cat=0
split_feature=0 8 0 6 0 0 3 9 1 9 9 4 3 1 10 1 3 1 2 8 4 8 9 3 8 0 1 10 8 9 1 3 10 3 8 1 8 7 2 2 10 6 10 7 10 10 4 3 4 7 8 10 10 10 6 6 3 8 7 4 9 7
split_gain=12068.8 2976.47 1362.79 209.714 207.099 196.882 152.118 97.3839 78.7273 78.0858 67.0497 44.1916 47.3149 42.2061 40.3265 36.2398 33.2145 31.51 28.8233 26.1289 25.6483 24.4221 22.3333 24.8257 21.4899 21.0983 17.9358 32.9495 17.806 22.5458 41.7328 21.2315 18.8254 17.5903 26.2581 17.2002 16.8461 16.0809 15.7358 14.7656 14.7028 14.0361 13.4626 12.707 11.6792 12.2328 11.6015 11.5243 11.3016 11.2857 12.2041 11.2086 10.5248 10.0891 9.55439 9.31562 8.75652 8.54356 8.45928 8.33463 8.12452 10.4033
threshold=0.055000000000000007 -1.0000000180025095e-35 1.5250000000000001 0.9919160630702849 0.32500000000000007 1.0000000180025095e-35 0.75000000000000011 0.78656609248549303 1.0850000000000002 0.78656609248549303 -0.70710678118654757 0.58333333333333337 0.75000000000000011 2.2816666665000001 1.0000000180025095e-35 0.17500000000000002 0.35000000000000003 1.0000000180025095e-35 0.55000000000000016 -0.91597561503675329 0.51666666666666683 0.37940952255126054 -0.70710678118654757 0.25000000000000006 -0.37940952255126059 0.025000000000000005 0.44166666650000003 0.25000000000000011 0.37940952255126054 -0.12940952255126037 1.0000000180025095e-35 0.95000000000000007 0.25000000000000011 0.75000000000000011 -0.98296291314453399 0.025000000000000005 0.12940952255126045 0.053902147229731835 0.55000000000000016 0.45000000000000007 0.25000000000000011 0.21090423132313618 1.0000000180025095e-35 0.84086977036804045 1.0000000180025095e-35 -0.6830127018922193 0.083333333333333315 0.95000000000000007 0.16333333333333333 0.63028946988809553 -0.25881904510252113 -0.5 -0.6830127018922193 -0.93301270189221908 0.21090423132313618 0.9919160630702849 0.25000000000000006 -0.37940952255126059 0.94537062764348123 0.58333333333333337 -0.60355339059327384 0.99959078452094785
decision_type=10 2 10 2 10 10 10 2 10 2 2 10 10 10 2 10 10 10 10 2 8 2 2 10 2 10 10 2 2 2 10 10 2 10 2 10 2 10 10 10 2 2 2 10 2 2 10 10 10 10 2 2 2 2 2 2 10 2 10 10 2 10
left_child=1 3 4 7 15 36 10 18 11 19 16 22 49 48 58 28 -4 25 -1 40 -11 46 23 -6 38 -7 -24 43 29 31 42 -2 -30 34 -10 41 -3 -32 -9 -19 -5 52 -31 -28 45 -22 -18 -15 -8 50 -13 -14 -20 -36 -17 -55 -16 -46 -12 -27 -57 -62
right_child=2 5 6 9 8 17 13 24 33 20 14 12 51 47 56 54 21 39 35 -21 44 -23 26 -25 -26 59 27 -29 32 30 37 -33 -34 -35 53 -37 -38 -39 -40 -41 -42 -43 -44 -45 57 -47 -48 -49 -50 -51 -52 -53 -54 55 -56 60 -58 -59 -60 -61 61 -63
leaf_value=2.2822143148040746e-05 0.00083449598940541847 -0.00011781016826038749 0.0067669754477338506 -5.7972389894800636e-05 0.0021101828759721628 -0.00012115160657906959 0.0019808072442307162 -3.7908638287151991e-05 0.00037670907870356415 -3.7834573660638656e-05 0.0012631312778400693 0.0029480544437783937 0.00014865400365290466 0.0043963026462517617 0.003584528270679046 9.9137357573739206e-06 0.0059396599029718855 2.9424375498543832e-06 -0.00011235200158008636 2.0785246661333525e-05 -3.9873039406547208e-05 0.0020137105498124037 0.00011891380884121505 0.00061221281641195388 -0.00011781016826038749 -0.00014258911618938595 0.00051362440367639251 0.0013288013816178449 4.4303414687502787e-06 -3.5153225589515167e-05 -0.00013599619685136712 7.5810606348012674e-05 -7.201018724133028e-05 0.0011745506707526452 0.0011690475151105164 6.0123655402592197e-05 -0.00011781016826038749 -8.6196578184498596e-05 -0.00012219891308111813 -6.1987579400122947e-05 7.6649171853170919e-06 -7.394358498881472e-05 0.00072073349845858104 -4.3019991474979031e-05 -5.7338330424373842e-05 -0.0001191521386257236 0.00411710406665039 0.0017522461514728215 0.001283585763940408 0.00030002885995973643 0.0017521898319408453 0.00058126843782355716 -0.00014174657715298783 0.0013535220914736037 0.00033696496871950601 0.0033022894000740992 0.0025910756119458056 -0.00011781016826038749 0.00081127027554082356 -7.3254183059666872e-05 0.0024022658135610443 0.00052565985460611747
leaf_weight=249 176 1973 2895 653 143 410 446 114 144 1941 215 256 408 537 407 284 791 113 97 2732 114 224 1711 987 527 150 512 527 925 181 84 413 673 1060 101 82 12440 315 422 221 388 767 296 361 253 224 928 99 784 82 408 1639 294 129 1072 573 271 256 189 112 279 122
leaf_count=249 176 1973 2895 653 143 410 446 114 144 1941 215 256 408 537 407 284 791 113 97 2732 114 224 1711 987 527 150 512 527 925 181 84 413 673 1060 101 82 12440 315 422 221 388 767 296 361 253 224 928 99 784 82 408 1639 294 129 1072 573 271 256 189 112 279 122
internal_value=-0.00387765 -0.0182839 0.0124487 -0.00469059 0.00680638 -0.0263171 0.0224913 -0.0119859 0.00931484 -0.00185157 0.0248472 0.00771002 0.0106407 0.015008 0.0180609 0.0014457 0.0263608 -0.0134657 -0.00702685 0.000961844 -0.00565794 0.023287 0.00577793 0.00938992 -0.0189192 -0.0172065 0.00446337 0.00698073 -0.000362272 0.00202592 -0.00102623 0.00655932 -0.00255159 0.0139975 0.0162787 -0.00889605 -0.0272131 -0.008175 -0.0146369 -0.00591045 -0.00308061 -0.00983607 0.00495816 0.00339817 -0.0100118 -0.0143363 0.0245058 0.0212873 0.0117465 0.0171084 0.018406 0.00827637 -0.0144643 0.0177261 0.0055269 0.0185598 0.0225331 -0.00711765 0.0105185 -0.0104943 0.0195692 0.016194
internal_weight=46179 24532 21647 9113 13861 15419 7786 2552 9442 6561 5920 7034 2793 1866 1082 4419 4838 1006 1489 3773 2788 1943 4241 1130 1063 672 3111 1400 3063 1465 876 589 1598 2408 1348 1240 14413 399 536 334 1041 1158 477 873 847 338 1719 636 1230 746 664 2047 391 1204 1356 1103 678 509 404 262 974 401
internal_count=46179 24532 21647 9113 13861 15419 7786 2552 9442 6561 5920 7034 2793 1866 1082 4419 4838 1006 1489 3773 2788 1943 4241 1130 1063 672 3111 1400 3063 1465 876 589 1598 2408 1348 1240 14413 399 536 334 1041 1158 477 873 847 338 1719 636 1230 746 664 2047 391 1204 1356 1103 678 509 404 262 974 401
is_linear=0
shrinkage=0.03


Tree=51
num_leaves=63
num_cat=0
split_feature=0 8 0 1 6 1 11 0 9 9 0 3 11 6 9 3 10 2 11 10 1 3 9 11 0 8 0 11 4 3 8 4 2 10 6 6 8 10 0 8 3 0 8 8 3 8 0 2 10 10 3 10 11 10 6 9 10 0 8 11 10 10
split_gain=11974.2 2924.75 1431.64 226.711 176.155 172.131 127.016 123.475 97.6974 74.9042 64.9836 63.7766 53.7722 36.7723 48.8188 50.8003 35.7614 43.5135 32.9528 32.3719 31.8656 25.1591 25.0137 24.4394 23.9602 22.7719 22.0056 21.5516 21.3984 20.6887 19.6892 19.082 18.8228 18.023 17.2241 17.1344 16.7059 15.9618 15.6865 15.6361 15.4081 15.3173 14.4766 13.9878 15.6245 13.7462 13.2231 13.0404 12.5511 12.4305 12.4001 12.0415 11.9367 11.761 17.1847 11.5461 11.2413 11.2006 10.8006 12.3339 10.6264 10.6055
threshold=0.03500000000000001 -1.0000000180025095e-35 1.425 0.40500000000000008 0.9919160630702849 2.2816666665000001 1.0000000180025095e-35 1.0000000180025095e-35 0.78656609248549303 0.78656609248549303 0.21500000000000002 0.62500000000000011 0.6830127018922193 0.9919160630702849 -0.5 0.57500000000000007 0.68301270189221941 1.0000000180025095e-35 0.93301270189221952 0.25000000000000011 1.0000000180025095e-35 0.35000000000000003 -0.12940952255126037 0.25000000000000017 0.37500000000000006 0.25881904510252091 2.1150000000000007 0.6830127018922193 0.68285714285714294 0.57500000000000007 -0.37940952255126059 0.9125000000000002 0.55000000000000016 -0.5 0.97587888928342192 0.21090423132313618 -0.70710678118654735 0.25000000000000011 2.7350000000000008 -0.98296291314453399 0.95000000000000007 0.74500000000000011 0.12940952255126045 0.37940952255126054 0.95000000000000007 -0.91597561503675329 0.065000000000000016 0.75000000000000011 1.0000000180025095e-35 -0.24999999999999994 0.25000000000000006 0.68301270189221941 -0.68301270189221952 0.68301270189221941 0.49212782510116915 0.37940952255126048 -0.24999999999999994 1.8250000000000004 0.37940952255126054 0.25000000000000017 0.93301270189221952 -0.6830127018922193
decision_type=10 2 10 10 2 10 2 10 2 2 10 10 2 2 2 10 2 10 2 2 10 10 2 2 10 2 10 2 10 10 2 8 10 2 2 2 2 2 10 2 10 10 2 2 10 2 10 10 2 2 10 2 2 2 2 2 2 10 2 2 2 2
left_child=1 4 3 10 8 6 19 42 27 18 25 50 31 36 15 -15 17 -16 45 26 -9 -7 28 30 -24 -2 -4 29 33 -1 47 -11 56 40 -13 -30 -5 -22 51 -18 41 -12 -3 44 -17 -6 -27 -10 -26 -35 -8 -23 -48 -31 -55 -29 -14 -52 60 -60 -37 -44
right_child=2 7 5 13 9 21 11 20 23 12 22 34 32 14 16 43 39 -19 -20 -21 37 38 24 -25 48 46 -28 55 35 53 -32 -33 -34 49 -36 58 -38 -39 -40 -41 -42 -43 61 -45 -46 -47 52 -49 -50 -51 57 -53 -54 54 -56 -57 -58 -59 59 -61 -62 -63
leaf_value=4.4451224732217439e-05 5.0118551137226931e-05 -0.00011427586321257585 0.0008365660263453872 0.0002144332409143776 -1.5503102336656382e-05 0.0070313536221222692 0.0050631259032040783 -0.00011751705838169749 -4.00946971212009e-05 -3.0380463458697859e-05 0.00022848366857230378 0.00046358566450888539 -9.8083638935127575e-07 0.0027944665971239287 -0.00015838403098261927 0.0018874887306830534 0.0019748424416064594 0.000667039947164113 -5.775373645804769e-05 0.0020511525349798526 -5.6513965535492439e-05 0.0031385435929608017 0.0003033413321671905 -0.00011427586321257585 -0.00048116218026972974 -9.0237513282006765e-05 0.0022143546188636699 -6.8730033697352079e-05 6.661307491282263e-05 -3.2308909468438584e-05 -0.00011427586321257585 -0.00012038779678307284 -0.00011427586321257585 -0.00018465576959519927 0.0028514276083267632 0.00081111900986692283 0.00067408777486545183 2.8541644233587468e-06 0.006086926312721448 0.001472251699534537 6.1783618032270964e-05 0.0012309496396682737 -0.00011427586321257585 0.00049116976958404998 0.00071338739363649092 2.3685022377811641e-05 6.0440488472043424e-05 -0.0001185329456886846 -4.4676294837090666e-05 0.00011204834935913398 0.0032575686858454197 0.0056652281878610735 -5.9798787968595896e-05 -0.00014127860104071546 -6.2661732512829055e-05 -0.00015449904332108042 -0.00012590637436637745 0.0049167671818158582 0.00056800844277799618 5.1542809459426058e-05 0.00021269734107684664 -0.00011427586321257585
leaf_weight=155 1675 1902 1060 526 684 2135 900 513 153 1945 372 97 117 814 302 878 193 942 481 730 152 833 382 325 116 319 549 185 270 573 372 109 374 186 457 672 1282 109 877 240 216 279 2805 251 413 2370 337 219 106 1447 284 258 861 134 160 181 212 295 360 218 84 9722
leaf_count=155 1675 1902 1060 526 684 2135 900 513 153 1945 372 97 117 814 302 878 193 942 481 730 152 833 382 325 116 319 549 185 270 573 372 109 374 186 457 672 1282 109 877 240 216 279 2805 251 413 2370 337 219 106 1447 284 258 861 134 160 181 212 295 360 218 84 9722
internal_value=-0.00390262 -0.0186165 0.0119611 0.00597948 -0.00479657 0.0216576 0.0175074 -0.0265687 -0.011607 -0.00213571 0.00266549 0.0229941 -0.00584119 0.0104605 0.012055 0.0148409 0.00813468 0.00554217 0.00075509 0.0127308 -0.0148645 0.0260746 0.0049055 -0.0184206 -0.000793388 -0.000638898 0.0103416 -0.00634989 0.00574421 -0.00410557 -0.0153826 -0.00338686 -0.0129972 0.0040064 0.0142703 0.0084486 0.00689884 -0.00629771 0.0235856 0.015553 0.0075 0.00980061 -0.0271954 0.0116267 0.012887 0.00190507 -0.0033004 -0.0104558 -0.00860987 0.0021481 0.02625 0.0211264 -0.00185154 -0.00591014 -0.0107797 -0.0125886 -0.00772727 0.0227069 0.0098427 0.00673575 0.0122061 -0.0275742
internal_weight=46168 23952 22216 13741 8749 8475 4372 15203 2457 6292 7900 2033 2757 5841 4033 2356 1677 1244 3535 2339 774 4103 4708 1069 604 3192 1609 1388 4104 1022 744 2054 703 2500 554 1604 1808 261 1968 433 867 651 14429 1542 1291 3054 1517 372 222 1633 1479 1091 1198 867 294 366 329 579 1334 578 756 12527
internal_count=46168 23952 22216 13741 8749 8475 4372 15203 2457 6292 7900 2033 2757 5841 4033 2356 1677 1244 3535 2339 774 4103 4708 1069 604 3192 1609 1388 4104 1022 744 2054 703 2500 554 1604 1808 261 1968 433 867 651 14429 1542 1291 3054 1517 372 222 1633 1479 1091 1198 867 294 366 329 579 1334 578 756 12527
is_linear=0
shrinkage=0.03


Tree=52
num_leaves=63
num_cat=0
split_feature=0 8 0 6 0 5 0 8 1 11 8 6 0 11 0 0 11 2 1 11 6 8 2 8 11 2 0 1 8 10 3 2 2 1 8 3 11 1 10 6 5 1 7 5 5 3 11 7 7 8 8 7 3 11 6 5 3 0 3 1 10 11
split_gain=11752.2 2876.02 1458.8 205.166 193.978 170.499 134.596 93.5918 69.6725 58.3784 58.2711 56.6403 52.751 49.7286 45.7364 43.2798 71.6265 42.4857 31.8093 30.9724 35.8981 29.3638 28.0315 27.2203 26.9665 26.2072 23.1573 22.0796 21.6857 21.1177 19.5336 21.7154 18.5045 18.0913 17.9729 16.8746 16.7193 16.0236 15.2391 15.1243 14.9208 14.3858 23.9506 13.4955 13.1665 13.8827 15.0578 26.4539 34.4118 22.1362 18.3968 15.5085 14.1899 13.2305 19.0587 15.8306 13.045 13.0341 12.971 12.7181 12.2102 12.156
threshold=0.03500000000000001 -1.0000000180025095e-35 1.5050000000000001 0.9919160630702849 0.47500000000000003 0.22500000000000003 1.0000000180025095e-35 -0.60355339059327362 2.4850000000000008 1.0000000180025095e-35 -0.60355339059327362 0.9919160630702849 0.13500000000000004 0.6830127018922193 0.97500000000000009 2.4350000000000005 -0.5 0.35000000000000003 1.0000000180025095e-35 1.0000000180025095e-35 0.94457821059868363 0.37940952255126054 0.55000000000000016 0.91597561503675362 0.93301270189221952 0.8500000000000002 2.1350000000000002 1.0050000000000001 0.37940952255126054 1.0000000180025095e-35 0.95000000000000007 1.0000000180025095e-35 0.75000000000000011 1.1850000000000003 0.12940952255126045 0.45000000000000007 0.6830127018922193 0.025000000000000005 0.25000000000000011 0.69300588406246244 0.22500000000000003 0.015000000000000001 0.019447123111539701 0.45000000000000007 0.95000000000000007 0.95000000000000007 -0.24999999999999994 1.0000000180025095e-35 0.33846812998483961 0.78656609248549325 -0.91597561503675329 0.57152695789059449 0.62500000000000011 0.6830127018922193 0.81569335171151025 0.63333333333333341 0.25000000000000006 1.3250000000000004 0.57500000000000007 2.3550000000000004 -0.6830127018922193 1.0000000180025095e-35
decision_type=10 2 10 2 10 10 10 2 10 2 2 2 10 2 10 10 2 10 10 2 2 2 10 2 2 10 10 10 2 2 10 10 10 10 2 10 2 10 2 2 8 10 10 10 10 10 2 10 10 2 2 10 10 2 2 10 10 10 10 10 2 2
left_child=1 3 4 7 12 15 34 25 19 17 24 43 21 -12 28 16 29 -6 -8 26 -21 41 -15 33 61 36 -7 57 30 59 31 -13 39 44 40 -16 -1 58 -20 -9 -3 -2 -43 -11 45 46 50 -48 52 51 -14 -50 -49 55 -55 -47 -18 -19 -23 -4 -36 -5
right_child=2 6 5 10 9 8 18 32 -10 11 13 14 23 22 35 -17 56 27 38 20 -22 37 -24 -25 -26 -27 -28 -29 -30 -31 -32 -33 -34 -35 60 -37 -38 -39 -40 -41 -42 42 -44 -45 -46 53 47 48 49 -51 -52 -53 -54 54 -56 -57 -58 -59 -60 -61 -62 -63
leaf_value=7.7160008925550647e-06 0.00018450365850001562 -0.0001108475873161986 0.00059993100317452417 4.135175022096273e-05 4.967394822699429e-05 0.00085445177582201828 -0.00011399154663024656 -0.00011458893605200169 0.0043934184258413991 0.0011946673847563888 -3.7032868701408124e-05 0.00018533444582618462 0.0006539083969490881 -7.5626317506781945e-05 0.0028792372136510229 0.0070421189920818082 0.0050620681849541799 0.0005085470659300477 -4.9155507505506674e-05 1.0908612887051693e-05 0.0037398434418560115 -0.00010128009858518172 -0.0001108475873161986 -5.77399284756274e-05 -6.0540118601785341e-05 -0.00012271962824743493 0.0022601883808474003 0.0012877475812674421 0.00031276951462338878 0.0019559117103166036 0.00029161703888398228 0.0020594196283708001 -0.0001108475873161986 0.0020372745963884247 -0.0001108475873161986 0.0018792852196712684 -0.00014510828228496788 4.9494359450715123e-06 1.1853164663364629e-05 -0.00011081911816385196 -0.0001108475873161986 -0.00011491364882784054 2.1863008959518027e-05 0.00011576499993074557 0.00039469206621084321 0.00030948418647334318 -2.0200744400184143e-05 0.0021556743449899366 0.00054977757017408209 0.00037647012272197918 0.0010460567281885195 -0.00022114000091956755 0.00076632118393755359 0.0002288809822508428 -0.00030688870443280349 3.262372872250646e-05 0.0034301735810374754 -0.00015248108309275421 -8.0328268051907406e-05 0.0025432096558712118 -0.0001108475873161986 3.6037716533718693e-08
leaf_weight=419 643 900 213 1218 840 759 507 224 1025 183 2032 111 480 337 691 2256 1247 1800 160 86 728 160 396 388 486 835 657 1096 462 458 166 866 649 131 2804 576 132 292 105 191 1047 86 436 499 205 397 641 140 254 86 129 332 204 110 157 1069 494 139 481 93 9693 1856
leaf_count=419 643 900 213 1218 840 759 507 224 1025 183 2032 111 480 337 691 2256 1247 1800 160 86 728 160 396 388 486 835 657 1096 462 458 166 866 649 131 2804 576 132 292 105 191 1047 86 436 499 205 397 641 140 254 86 129 332 204 110 157 1069 494 139 481 93 9693 1856
internal_value=-0.00398266 -0.0185499 0.0117133 -0.00487124 0.00595327 0.0219509 -0.0264375 -0.0122399 0.0166493 0.00930686 -0.00201549 0.0120844 0.00229991 -0.005282 0.0139297 0.0255712 0.0228292 0.00675697 -0.0142044 0.013662 0.0183313 -0.00165793 -0.0119755 0.004058 0.000522325 -0.00709445 0.0109668 0.00840909 0.0105542 0.0151373 0.012771 0.0143865 -0.0189296 0.00473939 -0.0270903 0.018194 -0.00201087 -0.00562099 -0.00575188 -0.0139183 -0.024348 0.00151801 -0.00217973 0.00430454 0.00439477 0.0040125 0.00555801 0.00407117 0.00707965 0.00312036 0.00959016 0.00102215 0.0147826 0.00198962 -0.00414179 0.00310838 0.026194 0.00647938 -0.00827103 0.00899023 -0.0275156 0.00156098
internal_weight=46257 23991 22266 8775 14250 8016 15216 2450 3255 7429 6325 3554 6821 2765 2872 4761 2505 3875 772 2230 814 2098 733 4723 3560 1386 1416 3035 1605 764 1143 977 1064 4335 14444 1267 551 933 265 415 1947 1165 522 682 4204 3999 2266 1657 1016 672 609 586 344 1733 267 1466 1741 1939 641 306 12497 3074
internal_count=46257 23991 22266 8775 14250 8016 15216 2450 3255 7429 6325 3554 6821 2765 2872 4761 2505 3875 772 2230 814 2098 733 4723 3560 1386 1416 3035 1605 764 1143 977 1064 4335 14444 1267 551 933 265 415 1947 1165 522 682 4204 3999 2266 1657 1016 672 609 586 344 1733 267 1466 1741 1939 641 306 12497 3074
is_linear=0
shrinkage=0.03


Tree=53
num_leaves=63
num_cat=0
split_feature=0 8 0 1 6 5 0 9 0 0 11 9 1 11 6 9 7 5 1 9 6 8 11 8 8 5 8 11 5 11 5 2 11 2 0 1 2 1 11 5 8 5 10 2 10 6 2 5 9 1 0 0 8 11 9 0 0 8 11 2 2 2
split_gain=11270.1 2918.97 1428.15 187.718 175.42 165.893 114.199 106.767 69.0978 66.1016 85.7661 61.3848 51.6032 47.6204 34.8617 39.0045 36.0887 31.3288 27.9698 25.311 39.183 24.3637 22.588 25.0317 22.1833 21.776 21.6866 19.9476 19.6082 19.5395 19.3173 19.0163 17.8826 17.0309 17.003 16.0519 15.9442 15.9238 15.2988 15.2124 21.2519 14.0218 13.0413 14.7126 12.8632 11.8924 11.8191 14.3307 14.9931 11.6944 11.1909 11.177 10.9558 11.0225 10.7287 12.5268 10.7277 13.3315 13.9059 13.0829 12.2442 10.4919
threshold=0.03500000000000001 -1.0000000180025095e-35 1.5250000000000001 0.58500000000000008 0.9919160630702849 0.35000000000000003 1.0000000180025095e-35 0.78656609248549303 0.21500000000000002 2.4350000000000005 1.0000000180025095e-35 0.78656609248549303 2.2816666665000001 0.6830127018922193 0.9919160630702849 -0.5 1.0049262279169096 0.15000000000000005 1.0000000180025095e-35 -0.70710678118654757 0.9919160630702849 0.25881904510252091 0.25000000000000017 -0.37940952255126059 -0.70710678118654735 0.083333333333333315 -0.91597561503675329 0.93301270189221952 0.95000000000000007 0.93301270189221952 0.63333333333333341 0.8500000000000002 1.0000000180025095e-35 0.55000000000000016 0.065000000000000016 2.4450000000000007 0.75000000000000011 1.2450000000000003 0.6830127018922193 0.22500000000000003 0.12940952255126045 0.083333333333333315 1.0000000180025095e-35 0.25000000000000006 -0.6830127018922193 0.92930638923935771 0.55000000000000016 0.22500000000000003 -0.12940952255126037 0.32500000000000007 2.2450000000000006 2.1050000000000004 0.91597561503675362 -0.9330127018922193 0.1294095225512602 0.015000000000000001 1.1250000000000002 0.37940952255126054 0.25000000000000017 0.95000000000000007 0.65000000000000002 0.35000000000000003
decision_type=10 2 10 10 2 10 10 2 10 10 2 2 10 2 2 2 10 10 10 2 2 2 2 2 2 10 2 2 10 2 10 10 2 10 10 10 10 10 2 8 2 10 2 10 2 2 10 10 2 10 10 10 2 2 2 8 10 2 2 10 10 10
left_child=1 4 3 8 7 9 39 31 21 10 25 26 32 -13 24 17 42 -16 -8 20 29 -2 23 36 -5 -4 54 -28 34 -10 45 38 51 -15 -23 -27 -9 -34 -1 40 -3 -20 43 -17 -41 -26 52 -48 -49 -50 -14 -7 53 -21 55 -6 57 59 -59 -22 -58 -12
right_child=2 6 5 14 11 12 18 22 19 -11 61 13 50 33 15 16 -18 -19 41 46 56 28 -24 -25 30 35 27 -29 -30 -31 -32 -33 37 -35 -36 -37 -38 -39 -40 44 -42 -43 -44 -45 -46 -47 47 48 49 -51 -52 -53 -54 -55 -56 -57 60 58 -60 -61 -62 -63
leaf_value=1.0536868219447673e-05 6.041251667274209e-05 -0.00010752215969671263 0.0022554167518764648 7.0144772279078779e-05 0.00012050486985971386 0.00065067075072052785 -0.00011075539220272145 -2.6817908163047901e-05 0.00026476230593225185 0.0066639791603785798 0.005212925567183716 -3.8804965189110944e-05 0.0020458452889942514 -8.6375859937696842e-05 0.0024602122902948271 -0.00010142003685186085 -5.534342519942059e-05 0.0015734274568079531 4.6858204885574145e-06 0.00070233913475054141 0.0019881885166008364 -0.00010187395806508929 -0.00010752215969671263 -0.00010752215969671263 0.001201036191727931 0.0010848823979289141 2.0696868821176681e-05 -5.0840693709113347e-05 0.00027971550225368291 -0.00037977764177162226 0.00050802725318099676 -0.00011097012071311109 0.0014991213573670636 -0.00010752215969671263 -3.1938238901769269e-05 0.0023641348151541204 -0.00011275855299915358 0.0037977170122758721 -0.00013756960885406627 -0.00010752215969671263 -0.00010752215969671263 -6.7023644049112217e-05 0.0014064726124720303 0.0010254998658503452 -0.00010752215969671263 0.00039236354117596587 0.00054987896794201805 0.00025628112801463347 -0.00020867367877944269 0.00021250152070992538 0.0041535049529558554 0.0019032827111168686 -0.00010966372995668278 8.0399064069548577e-05 -3.0856641839397661e-05 -0.00011274290828722232 0.0029081677344708653 0.0017096138780885888 0.00016949065673848849 0.00068317965715926571 0.001646280942055336 0.0040249259347212782
leaf_weight=411 1748 881 725 396 98 539 514 145 1012 2543 904 2006 228 354 530 125 294 1725 86 93 263 306 336 363 300 461 2401 249 92 87 641 853 188 407 1151 158 215 343 135 1669 5415 177 561 238 6382 98 532 1444 173 146 690 476 163 1365 698 139 132 84 271 220 114 548
leaf_count=411 1748 881 725 396 98 539 514 145 1012 2543 904 2006 228 354 530 125 294 1725 86 93 263 306 336 363 300 461 2401 249 92 87 641 853 188 407 1151 158 215 343 135 1669 5415 177 561 238 6382 98 532 1444 173 146 690 476 163 1365 698 139 132 84 271 220 114 548
internal_value=-0.00412775 -0.0183923 0.0113158 0.00568333 -0.00466462 0.0216389 -0.0263881 -0.0114681 0.00319889 0.0246124 0.0214087 -0.00203054 0.0151886 -0.00538656 0.010438 0.0120639 0.00772765 0.0144016 -0.0151542 0.00509016 0.00767857 -0.000300182 -0.0186509 -0.0156215 0.00649721 0.0159257 0.000560513 0.00194644 -0.00303871 0.00368182 0.00879808 -0.00602143 0.0118293 -0.0117717 -0.00388889 0.0117581 -0.0099723 0.016297 -0.00164534 -0.0269954 -0.0258599 -0.00715909 0.0106378 0.00618132 -0.02788 0.013985 0.00364565 0.00503049 0.00372449 -0.00215625 0.020827 0.00947835 0.00168311 0.00250857 -0.00336538 0.00214286 0.0117235 0.0100834 0.00564607 0.0133264 0.017247 0.0264694
internal_weight=46041 23934 22107 14304 8810 7803 15124 2458 9396 5339 2796 6352 2464 2767 4908 3473 1218 2255 777 6099 2183 3297 1059 723 1435 1344 3585 2650 1549 1099 1039 1399 1546 761 1457 619 360 531 546 14347 6296 263 924 363 8051 398 3916 2295 1763 319 918 1015 1621 1458 935 237 1084 838 355 483 246 1452
internal_count=46041 23934 22107 14304 8810 7803 15124 2458 9396 5339 2796 6352 2464 2767 4908 3473 1218 2255 777 6099 2183 3297 1059 723 1435 1344 3585 2650 1549 1099 1039 1399 1546 761 1457 619 360 531 546 14347 6296 263 924 363 8051 398 3916 2295 1763 319 918 1015 1621 1458 935 237 1084 838 355 483 246 1452
is_linear=0
shrinkage=0.03


Tree=54
num_leaves=63
num_cat=0
split_feature=1 9 1 9 9 9 9 9 5 9 11 1 2 9 2 6 9 1 3 11 9 1 3 10 1 9 9 6 9 11 10 10 7 3 1 7 10 2 4 5 11 7 11 5 3 9 11 1 10 9 10 11 7 6 3 2 11 6 7 1 9 11
split_gain=9256.75 1665.41 985.358 168.337 184.353 283.775 225.957 156.138 139.98 138.362 205.955 88.0177 85.8918 80.873 71.305 58.7074 58.0791 57.1349 54.4273 50.1388 47.7567 47.2917 43.5256 42.9708 40.4853 39.9483 39.5792 32.2604 31.019 30.8694 29.0145 24.6365 24.3926 54.0239 24.3576 23.6006 22.944 22.9102 22.5065 22.0876 21.7402 20.5009 19.7955 19.1034 18.8978 18.7791 15.6238 15.4008 18.5758 14.411 19.2205 13.1362 13.1199 12.6627 12.5743 12.0836 11.7013 11.4476 10.9671 10.6303 10.4348 10.4011
threshold=0.045000000000000005 -0.5 1.635 1.0000000180025095e-35 0.1294095225512602 0.25881904510252057 0.37940952255126048 0.91597561503675351 0.22500000000000003 -0.12940952255126037 1.0000000180025095e-35 0.90333333350000011 0.75000000000000011 -0.78656609248549325 0.55000000000000016 0.9919160630702849 -0.37940952255126015 1.0000000180025095e-35 0.95000000000000007 -0.5 -0.37940952255126015 2.6150000000000007 0.45000000000000007 -0.24999999999999994 1.0000000180025095e-35 -0.37940952255126015 0.98296291314453421 0.9919160630702849 -0.12940952255126037 1.0000000180025095e-35 0.93301270189221952 -0.24999999999999994 0.84086977036804045 0.35000000000000003 0.17500000000000002 1.4989711938271608 0.68301270189221941 0.75000000000000011 0.083333333333333315 0.63333333333333341 0.6830127018922193 1.0147758284600392 0.6830127018922193 0.22500000000000003 0.8500000000000002 0.78656609248549303 1.0000000180025095e-35 0.32500000000000007 0.25000000000000011 -0.60355339059327384 0.25000000000000011 0.6830127018922193 0.94744514347092235 0.21090423132313618 0.8500000000000002 0.95000000000000007 -0.5 0.27367423887636216 0.11092710445089241 0.74500000000000011 -0.70710678118654757 -0.5
decision_type=10 2 10 2 2 2 2 2 10 2 2 10 8 2 8 2 2 10 10 2 2 10 10 2 10 2 2 2 2 2 2 2 10 10 10 10 2 10 10 10 2 10 2 8 8 2 2 10 2 2 2 2 10 2 10 10 2 2 10 10 2 2
left_child=1 13 11 9 24 36 -7 12 16 10 25 28 39 14 -1 -9 38 20 21 41 23 51 46 -12 -5 -3 40 -14 32 53 -25 -31 33 -2 -30 59 -6 -38 -4 45 -17 -13 -29 -11 -16 -8 -21 48 -35 -24 -51 52 -10 -15 -44 58 57 -27 -50 -34 -40 -57
right_child=2 3 8 4 5 6 7 15 18 43 17 19 27 29 44 26 -18 -19 -20 22 -22 -23 49 30 -26 56 -28 42 34 31 -32 -33 35 47 -36 -37 37 -39 60 -41 -42 -43 54 -45 -46 -47 -48 -49 55 50 -52 -53 -54 -55 -56 61 -58 -59 -60 -61 -62 -63
leaf_value=0.0033143129687884174 0.0023359672264507102 3.7185104700364295e-05 0.0061740557822072663 -0.00010429649490581126 -4.6375639553450708e-05 -0.00010429649490581126 -0.00010453133054184415 -0.00010429649490581126 0.0023879744897287846 0.00035509549313269043 -4.4129636528161591e-05 0.00077648393704219049 -0.00010429649490581126 -5.0169272931445043e-05 0.0015432574494456501 -0.00010429649490581126 0.0011273088639595342 -5.8749372778172916e-05 0.00079028092163152986 0.0011563741034669543 -0.00010429649490581126 0.004511438521173949 0.0015394813662492292 -0.00010429649490581126 -2.5116132161617111e-05 -0.00013093090963589259 -0.00010429649490581126 -0.00010429649490581126 -7.3119760144781378e-05 0.00033103057783834988 -8.4886602311031684e-05 -0.00011402213814805071 -0.00010374488714694159 3.5865743280843913e-05 0.0002861710513773576 0.0003650123558647661 0.00032218737426775517 -3.0279606358039048e-05 0.0042792099658293479 -0.00010429649490581126 -0.00010429649490581126 -0.00020654497838017635 -0.00010429649490581126 -5.601207592630915e-05 0.00022120059482212267 -0.00010429649490581126 0.0033231448202001241 0.00060823239975980523 0.00093444215468352181 -0.00021716293649259381 0.0012344533001111091 0.0037599270260340253 0.0010417243949868188 0.00054433137387039363 -0.00010429649490581126 0.00032315143534920464 -0.0001074327304366398 -5.3589023396177422e-05 0.00020927575283165786 0.00036798574725641531 0.0019040143550459927 6.0856830374187293e-05
leaf_weight=486 427 594 2708 1799 831 1912 3685 1577 1109 270 198 1137 2141 93 449 2037 209 228 339 124 936 867 876 366 135 90 1383 1834 405 203 120 499 381 973 1244 85 234 194 1133 1018 747 134 508 391 463 1942 703 2480 155 120 175 294 221 526 439 99 262 349 191 96 134 393
leaf_count=486 427 594 2708 1799 831 1912 3685 1577 1109 270 198 1137 2141 93 449 2037 209 228 339 124 936 867 876 366 135 90 1383 1834 405 203 120 499 381 973 1244 85 234 194 1133 1018 747 134 508 391 463 1942 703 2480 155 120 175 294 221 526 439 99 262 349 191 96 134 393
internal_value=-0.00423102 -0.0145926 0.01319 -0.0169101 -0.0179007 -0.0170629 -0.0179666 -0.0168837 0.0218446 -0.0110696 -0.0136927 0.007236 -0.0148729 0.00775368 0.0127806 -0.0209295 0.0253333 -0.020119 0.0166796 0.0112936 -0.0220975 0.0182143 0.0142571 -0.0160292 -0.0267597 -0.00451389 -0.0190523 -0.0178793 0.00532035 0.00242814 -0.0208214 -0.00187767 0.00644196 0.00714558 0.00172727 0.00053286 -0.0032619 0.00237762 0.0261444 -0.0126437 -0.0169767 0.00662736 -0.0157333 0.00140483 0.00782037 -0.011903 0.019529 0.00613001 0.00402318 0.0105205 0.00476351 0.0151754 0.0138843 0.00730645 -0.0192722 0.0072944 -0.00935897 -0.00634091 0.011585 -0.00207113 0.0227839 0.00425963
internal_weight=46151 28939 17212 26220 22416 20482 19223 17311 7014 3804 3143 10198 11567 2719 1398 5744 4184 1848 2830 3269 1620 2491 1998 684 1934 1295 4167 4922 6929 1321 486 702 5280 4718 1649 562 1259 428 3975 6645 2784 1271 2781 661 912 5627 827 4291 1811 1171 295 1624 1330 619 947 838 701 439 346 477 1267 492
internal_count=46151 28939 17212 26220 22416 20482 19223 17311 7014 3804 3143 10198 11567 2719 1398 5744 4184 1848 2830 3269 1620 2491 1998 684 1934 1295 4167 4922 6929 1321 486 702 5280 4718 1649 562 1259 428 3975 6645 2784 1271 2781 661 912 5627 827 4291 1811 1171 295 1624 1330 619 947 838 701 439 346 477 1267 492
is_linear=0
shrinkage=0.03


Tree=55
num_leaves=63
num_cat=0
split_feature=0 8 0 0 6 3 0 8 1 8 8 8 1 11 11 4 3 1 4 11 3 11 8 1 2 2 0 11 1 8 10 8 1 6 7 1 2 11 2 11 10 3 8 10 4 1 2 1 0 4 8 3 3 3 8 10 10 10 0 6 7 1
split_gain=10843.3 2983.51 1332.58 185.32 153.994 138.587 134.4 110.055 84.6112 66.1218 56.8811 53.955 47.7684 33.0485 32.9159 30.6253 37.4057 30.039 29.498 27.9783 30.8111 27.9407 32.1525 24.2361 23.9242 23.5022 21.4484 30.0149 21.0629 21.0449 19.6071 19.3644 18.8678 18.4675 16.5111 16.5072 15.8286 15.3613 15.0545 14.5584 14.0473 14.0252 14.7092 13.86 12.9835 12.7979 12.7731 12.2137 11.4996 11.3739 11.0382 10.3711 10.2908 10.2478 10.2213 10.1594 10.0262 10.0184 10.6327 9.97987 11.1121 14.3104
threshold=0.03500000000000001 -1.0000000180025095e-35 1.6250000000000002 0.31500000000000006 0.9919160630702849 0.62500000000000011 1.0000000180025095e-35 -0.60355339059327362 0.9850000000000001 -0.91597561503675329 -0.37940952255126059 0.37940952255126054 2.4850000000000008 0.6830127018922193 0.93301270189221952 0.64166666666666683 0.57500000000000007 0.082500000000000018 0.058333333333333307 -0.5 0.35000000000000003 0.25000000000000017 -0.37940952255126059 1.0000000180025095e-35 0.55000000000000016 0.15000000000000005 1.1950000000000001 1.0000000180025095e-35 1.8350000000000002 0.12940952255126045 -0.24999999999999994 0.91597561503675362 0.17500000000000002 0.97587888928342192 0.99095200782781923 0.60333333350000007 0.75000000000000011 0.25000000000000017 0.25000000000000006 -0.5 -0.6830127018922193 0.25000000000000006 0.60355339059327384 -0.93301270189221908 0.9125000000000002 2.0450000000000004 0.55000000000000016 1.2850000000000004 0.025000000000000005 0.083333333333333315 -0.91597561503675329 0.8500000000000002 0.95000000000000007 0.95000000000000007 -0.70710678118654735 1.0000000180025095e-35 1.0000000180025095e-35 0.25000000000000011 2.9250000000000003 0.26924950830363353 0.24175075764359885 0.17500000000000002
decision_type=10 2 10 10 2 10 10 2 10 2 2 2 10 2 2 10 10 10 10 2 10 2 2 10 10 10 10 2 10 2 2 2 10 2 10 10 10 2 10 2 2 10 2 2 8 10 10 10 10 10 2 10 10 10 2 2 2 2 10 2 10 10
left_child=1 4 3 17 7 9 29 24 15 56 14 18 30 -12 44 26 -17 31 -11 28 -21 22 36 48 -1 -13 38 -28 34 -3 52 -2 -29 -22 51 -27 -9 -26 39 -5 -31 42 -40 -20 -6 -37 -15 -32 -8 -25 -39 -10 54 -30 -7 -43 -4 58 -14 -19 -61 -62
right_child=2 6 5 8 10 12 23 21 19 11 13 25 57 46 -16 16 -18 59 43 20 33 -23 -24 49 37 35 27 32 53 40 47 -33 -34 -35 -36 45 -38 50 41 -41 -42 55 -44 -45 -46 -47 -48 -49 -50 -51 -52 -53 -54 -55 -56 -57 -58 -59 -60 60 61 -63
leaf_value=3.6909474428816337e-05 8.0153611732577259e-07 -0.00010116760005863691 0.00011505496197138809 -0.00011867936054323208 6.7823386779817043e-06 0.00020175517677124361 -0.00010397392193491159 -2.0338791307628697e-05 0.001274983948714352 0.0061897651672348473 -0.00011137213301569074 0.0021004042523188105 0.0025900988249286283 -0.00011414022296487741 -6.3288881862814768e-05 0.0026622455345387806 0.00048318575075580471 -1.2778433717201832e-06 0.0021642657442623825 0.0027217607719774981 0.00061547973222561829 -0.00010116760005863691 -0.00010116760005863691 2.6156757273727846e-06 -4.193740674979433e-05 0.0024054152680231143 0.00026110024077209915 0.0025086710713807664 0.0023816700960584331 -0.00010116760005863691 0.0010119325186778707 -6.573593166220655e-05 0.00083935810965583997 0.0017043012968317112 -0.00014883429670270009 -0.00024094699304496979 -0.00010611995712093831 -6.2938083381348321e-05 0.0020745243390738154 0.00019658714261985635 -0.00010116760005863691 0.00016954469271150628 0.00013354748561084456 0.004630109984880529 -7.524150710173481e-05 0.0012396482312415163 -0.00010116760005863691 0.0027874919306344918 -0.00012287577358465276 -7.666107177260868e-05 -0.00012819522205500779 0.00036018267926276216 0.00058862533173431348 0.0011093859790515972 0.0020394213131694977 0.00034686647732968813 0.0015328869794835878 0.0057412906102265017 0.0043658154191124343 0.00029936106979805877 -5.6363275028694299e-05 0.00025247977278369045
leaf_weight=232 2320 1935 92 379 4097 112 409 148 343 2682 1043 318 359 159 619 320 1925 485 166 701 291 326 368 97 652 102 363 202 246 2819 216 502 119 939 167 80 219 244 189 700 9643 1290 127 1227 231 119 208 568 102 165 272 421 176 120 530 1215 132 273 168 451 290 790
leaf_count=232 2320 1935 92 379 4097 112 409 148 343 2682 1043 318 359 159 619 320 1925 485 166 701 291 326 368 97 652 102 363 202 246 2819 216 502 119 939 167 80 219 244 189 700 9643 1290 127 1227 231 119 208 568 102 165 272 421 176 120 530 1215 132 273 168 451 290 790
internal_value=-0.00423275 -0.0182184 0.0108692 0.00571764 -0.00434063 0.0213495 -0.0262844 -0.0107108 0.00803838 0.0242366 -0.00187323 0.0249968 0.0154307 -0.00718639 -0.00035772 0.00614495 0.00901603 0.000892746 0.0262537 0.0120409 0.0143323 -0.0179944 -0.0147147 -0.0140698 -0.00518201 0.0166935 0.00473719 0.00963504 0.00862096 -0.0269392 0.0124267 -0.00110521 0.0163043 0.0114541 0.00621245 0.0106291 -0.00839674 -0.006929 0.00387593 0.000861111 -0.0273979 0.00502835 0.0109779 0.0226614 0.000568261 0.00555 -0.0149185 0.0158217 -0.0178711 -0.00661597 -0.010793 0.00807843 0.00915751 0.0147139 0.0109176 0.00427374 0.00826667 0.0214232 0.0189205 0.00368865 0.00487598 0.00321924
internal_weight=46203 23988 22215 14895 8818 7320 15170 2461 10057 4918 6357 4694 2402 1410 4947 6829 2245 4838 4075 3228 1931 1061 735 773 1400 619 4584 684 1297 14397 1602 2822 321 1230 931 301 367 1168 3900 1079 12462 2821 316 1393 4328 199 367 784 511 262 516 764 818 366 642 2505 224 800 527 2016 1531 1080
internal_count=46203 23988 22215 14895 8818 7320 15170 2461 10057 4918 6357 4694 2402 1410 4947 6829 2245 4838 4075 3228 1931 1061 735 773 1400 619 4584 684 1297 14397 1602 2822 321 1230 931 301 367 1168 3900 1079 12462 2821 316 1393 4328 199 367 784 511 262 516 764 818 366 642 2505 224 800 527 2016 1531 1080
is_linear=0
shrinkage=0.03


Tree=56
num_leaves=63
num_cat=0
split_feature=0 8 0 5 0 6 9 1 1 9 1 0 1 8 8 2 9 2 9 3 2 8 3 8 2 8 0 6 5 4 6 3 9 2 3 1 2 4 2 8 7 5 5 3 9 5 6 6 2 2 7 4 3 8 5 8 7 9 9 0 8 5
split_gain=10502.8 3013.5 1402.01 199.283 190.016 177.682 105.679 101.979 74.0296 70.2878 65.1709 57.0863 40.0555 34.8167 33.3995 31.2964 31.1005 34.6145 30.3703 56.842 27.975 27.8042 24.289 32.925 20.8828 18.9969 19.6412 18.2719 17.7406 17.1535 16.1401 15.7342 15.6723 14.6711 14.4439 14.2223 14.8095 14.0846 17.8133 13.7718 13.5396 13.6198 13.1301 21.5335 12.9482 15.2114 12.8136 12.7944 12.659 11.6043 11.5909 11.4717 14.4808 11.1915 10.7911 25.2895 18.5099 10.3417 13.3262 10.1847 13.5899 9.85383
threshold=0.025000000000000005 -1.0000000180025095e-35 1.5250000000000001 0.22500000000000003 0.31500000000000006 0.9919160630702849 0.78656609248549303 1.0000000180025095e-35 2.2816666665000001 0.91597561503675351 1.1050000000000002 2.4350000000000005 0.082500000000000018 -0.91597561503675329 0.37940952255126054 0.65000000000000002 -0.70710678118654757 0.25000000000000006 -0.70710678118654757 0.45000000000000007 0.75000000000000011 0.91597561503675362 0.75000000000000011 -0.98296291314453399 0.55000000000000016 0.12940952255126045 1.0000000180025095e-35 0.9919160630702849 0.15000000000000005 0.78333333333333355 0.81569335171151025 0.25000000000000006 0.1294095225512602 0.35000000000000003 0.95000000000000007 0.33500000000000008 0.25000000000000006 0.8583333333333335 0.8500000000000002 -0.37940952255126059 0.13843492147990422 0.35000000000000003 1.0000000180025095e-35 0.35000000000000003 -0.70710678118654757 0.55000000000000016 0.96010100249940655 0.21090423132313618 0.45000000000000007 0.15000000000000005 0.32111383899728652 0.58333333333333337 0.35000000000000003 -0.37940952255126059 0.15000000000000005 0.60355339059327384 0.92818200677527163 -0.70710678118654757 -0.60355339059327384 1.0850000000000002 0.37940952255126054 0.71666666666666667
decision_type=10 2 10 10 10 2 2 10 10 2 10 10 10 2 2 10 2 10 2 10 10 2 10 2 8 2 10 2 8 10 2 10 2 10 10 10 10 10 10 2 10 10 8 10 2 10 2 2 10 10 10 10 10 2 10 2 10 2 2 10 2 10
left_child=1 5 4 11 12 6 20 25 16 42 18 13 21 -4 33 39 17 -5 19 59 -1 40 23 -12 31 28 -27 50 -3 -9 -10 -11 51 -15 -19 -34 -37 38 -29 -8 41 48 43 -7 45 -25 -14 -22 -2 -16 -21 54 -53 -17 55 56 -20 -48 -59 60 -6 -18
right_child=2 7 3 8 10 9 15 29 30 24 22 -13 46 14 49 53 61 34 32 27 47 -23 -24 44 -26 26 -28 37 -30 -31 -32 -33 35 -35 -36 36 -38 -39 -40 -41 -42 -43 -44 -45 -46 -47 57 -49 -50 -51 -52 52 -54 -55 -56 -57 -58 58 -60 -61 -62 -63
leaf_value=6.8502901211272942e-06 -1.1278992721715508e-05 -9.8132572056877808e-05 0.0011221697648883049 0.0038624912367461709 0.0033804147914909227 3.0321055946353273e-07 -2.8046924706705998e-05 -1.4080196305028547e-05 0.0022327104971178869 -0.0001107160162759311 0.00012772669510212608 0.0062504692327828137 1.8445322030791153e-05 0.0047769969937678167 0.0017712107385001784 -0.00010206069905260207 0.00063159162032915884 0.0021012518170899176 0.0021792437308614477 0.00028043517113470016 -0.00012034472539671708 -6.8962196029454504e-05 0.00094953066101243931 0.0035279912631434496 -9.9434283311253821e-05 -9.8132572056877808e-05 -0.00010085470427686425 0.001592481817203374 -9.8132572056877808e-05 -0.00010018060442796607 0.0036427594011117139 1.3944671088051263e-05 -0.00036897646048131939 0.0033632635912747132 0.00066083641080221368 -0.00031639151661297409 0.00070478761611860211 0.0012531254811624965 0.00022308700120216669 -0.00010023477181392025 -0.00018602468746814599 -3.2302875791805237e-05 -1.0708812953493379e-05 6.8886344425691355e-05 0.0011686622012621328 0.0024090428506300188 0.0010210143176370735 -5.3936007843406602e-05 0.00018221836354359315 0.0014027268247998157 -9.0386139996794226e-05 0.0023431976182588968 0.00037629435097431493 -9.8132572056877808e-05 0.00014632897793016839 6.2567741065607533e-05 6.7703995704777579e-05 -0.00019924808670798987 0.00022949781770655812 0.0029029166960224811 0.00074232287041998632 -0.00038589180675433317
leaf_weight=387 505 749 243 260 135 1584 147 230 123 415 139 2235 870 845 273 388 312 954 426 1184 312 587 1039 459 670 12333 424 368 1160 83 1156 285 96 752 300 101 92 352 386 165 90 1584 2647 613 553 150 144 627 483 298 141 106 1011 358 1592 768 152 81 877 206 130 99
leaf_count=387 505 749 243 260 135 1584 147 230 123 415 139 2235 870 845 273 388 312 954 426 1184 312 587 1039 459 670 12333 424 368 1160 83 1156 285 96 752 300 101 92 352 386 165 90 1584 2647 613 553 150 144 627 483 298 141 106 1011 358 1592 768 152 81 877 206 130 99
internal_value=-0.00429934 -0.0183158 0.0102864 0.020535 0.00485211 -0.00415862 -0.0111195 -0.0264413 0.0147707 -0.00148673 0.00735997 0.0245061 0.000247032 0.0212811 0.0224896 -0.018187 0.0110436 0.0130297 0.00595281 0.00832931 -0.00547099 -0.0018 0.0117129 0.014447 -0.00748359 -0.026803 -0.0272276 0.00647615 -0.0239529 -0.0094586 0.0203672 -0.00385164 0.00436364 0.0247247 0.0109482 -0.00237931 0.00231959 0.00932249 0.00699338 -0.0101597 -0.000495682 -9.32763e-05 0.000210526 0.00192448 0.0160963 0.0191311 0.00361885 -0.00826596 0.00266936 0.0162063 0.00409502 0.00484467 0.00743292 -0.0215261 0.00385846 0.00583519 0.0105699 0.00576609 0.00462982 0.0178602 0.0138722 0.00371359
internal_weight=46234 23577 22657 7850 14807 8598 2384 14979 3204 6214 9586 4646 5221 2411 2168 1058 1925 1514 7246 2902 1326 3249 2340 1301 1370 14666 12757 2431 1909 313 1279 700 4344 1597 1254 289 193 1106 754 312 2662 2572 4844 2197 1162 609 1972 939 988 571 1325 4055 1117 746 2938 1346 578 1102 958 471 265 411
internal_count=46234 23577 22657 7850 14807 8598 2384 14979 3204 6214 9586 4646 5221 2411 2168 1058 1925 1514 7246 2902 1326 3249 2340 1301 1370 14666 12757 2431 1909 313 1279 700 4344 1597 1254 289 193 1106 754 312 2662 2572 4844 2197 1162 609 1972 939 988 571 1325 4055 1117 746 2938 1346 578 1102 958 471 265 411
is_linear=0
shrinkage=0.03


Tree=57
num_leaves=63
num_cat=0
split_feature=0 0 0 9 0 9 5 6 1 9 6 0 1 11 0 9 1 9 9 11 3 0 5 2 9 0 6 11 2 1 10 10 9 11 10 1 7 0 11 11 9 3 6 5 1 7 5 5 2 6 11 9 9 7 0 10 10 9 1 7 5 0
split_gain=10422.7 1336.43 222.255 151.715 154.958 151.023 149.927 68.9918 61.7884 61.3301 60.0284 57.1811 56.8368 53.4514 43.406 42.9591 42.9332 43.6961 281.422 36.8983 47.826 39.7031 36.4721 26.277 25.8067 25.7362 24.5651 23.7733 22.9588 22.0256 21.9878 21.9443 21.1093 25.39 20.6292 18.0317 18.7982 17.8629 37.1514 17.6426 17.5408 17.1242 16.49 16.0769 15.4926 14.2093 14.5194 12.8056 12.7976 14.3562 19.2342 19.2062 17.2453 14.5925 12.4283 12.4248 12.2249 11.9812 23.2614 23.5147 11.4921 13.7931
threshold=0.025000000000000005 1.6650000000000003 0.51500000000000012 0.37940952255126048 1.0000000180025095e-35 0.91597561503675351 0.15000000000000005 0.9919160630702849 1.1050000000000002 -0.37940952255126015 0.9919160630702849 0.15500000000000003 2.4850000000000008 1.0000000180025095e-35 1.0000000180025095e-35 0.98296291314453421 0.015000000000000001 0.1294095225512602 0.25881904510252057 0.25000000000000017 0.57500000000000007 1.1050000000000002 0.55000000000000016 0.8500000000000002 -0.70710678118654757 2.4150000000000005 0.9919160630702849 0.6830127018922193 0.45000000000000007 0.81500000000000006 0.68301270189221941 -0.5 -0.12940952255126037 -0.24999999999999994 0.25000000000000011 0.12500000000000003 0.6615580348404777 2.5150000000000001 -0.5 -0.68301270189221952 0.78656609248549303 0.75000000000000011 0.9919160630702849 0.35000000000000003 1.0000000180025095e-35 0.99095200782781923 0.083333333333333315 0.55000000000000016 0.35000000000000003 0.24817607891553481 1.0000000180025095e-35 -0.9159756150367534 -0.5 1.0000000180025095e-35 2.7250000000000005 1.0000000180025095e-35 1.0000000180025095e-35 0.1294095225512602 1.0000000180025095e-35 0.068578436683185987 0.083333333333333315 0.77500000000000013
decision_type=10 10 10 2 10 2 10 2 10 2 2 10 10 2 10 2 8 2 2 2 10 10 10 10 2 10 2 2 10 10 2 2 2 2 2 10 10 10 2 2 2 10 2 10 10 10 10 8 10 2 2 2 2 10 10 2 2 2 10 10 10 10
left_child=3 2 11 4 16 7 9 23 19 37 -7 57 13 25 31 27 17 -1 -19 28 21 35 24 43 41 -8 -15 -12 39 48 45 40 -6 44 47 -21 -37 38 56 55 -9 -10 54 -5 -34 46 -26 -33 -13 -50 52 -52 -51 -53 -14 -4 -3 -2 -59 -60 -30 -62
right_child=1 6 8 5 32 10 12 14 22 -11 15 29 42 26 -16 -17 -18 18 -20 20 -22 -23 -24 -25 30 -27 -28 -29 60 -31 -32 34 33 -35 -36 36 -38 -39 -40 -41 -42 -43 -44 -45 -46 -47 -48 -49 49 50 51 53 -54 -55 -56 -57 -58 58 59 -61 61 -63
leaf_value=-9.5188594895171465e-05 -4.8596607073546842e-05 0.001241157902401145 -0.00038536495596378206 -9.5188594895171465e-05 -9.7975384831729901e-05 -9.5188594895171465e-05 0.00079144205077686931 -9.5188594895171465e-05 0.003177706203091951 0.0008908141755323292 -9.5188594895171465e-05 -1.5824009936308767e-05 0.0012550268659757766 0.00098915952584159952 1.3891322615094993e-05 -9.5188594895171465e-05 -8.3949986317030049e-05 -3.557833674314831e-05 -9.5188594895171465e-05 0.00037151635592016813 0.00058256159829127849 0.0029259757898922071 0.00096691892384444917 -9.5188594895171465e-05 0.0021443250134407111 0.0022565667901613645 0.0035675459607569702 -9.5188594895171465e-05 0.0008241348320013397 0.0011164117322832769 0.0023785006913086904 -9.5320358605266632e-05 -9.443325420445109e-05 -1.3064656853706071e-05 -9.5188594895171465e-05 0.0033411446003425056 0.0012315146882152625 0.0066721485418169491 0.0047303420450686955 0.0001512566674948177 -9.5188594895171465e-05 0.0013681675821164397 0.0041011424005395515 -9.5188594895171465e-05 -1.2348865341908931e-05 0.00019600445145308951 0.00076393168788541912 -9.5188594895171465e-05 1.1795411042265224e-05 0.00058799209202828957 0.00073797506355331483 -7.5906660175535578e-05 0.00020937088419194859 0.00021617357049991069 0.0042627096169866666 -2.7331817607094688e-05 0.0021321593603511736 0.00014674963976263883 -8.9820889466036446e-05 1.5760070951720202e-05 0.00044362768476578242 0.00029770837450272396
leaf_weight=2883 2058 134 106 498 431 1626 905 1660 576 158 2013 816 112 94 158 1389 80 711 1916 236 1122 305 960 1750 145 445 773 736 263 331 232 1191 108 299 3587 179 266 1738 1179 602 870 299 1118 809 101 240 237 633 774 314 253 467 934 917 101 177 309 482 80 150 823 1093
leaf_count=2883 2058 134 106 498 431 1626 905 1660 576 158 2013 816 112 94 158 1389 80 711 1916 236 1122 305 960 1750 145 445 773 736 263 331 232 1191 108 299 3587 179 266 1738 1179 602 870 299 1118 809 101 240 237 633 774 314 253 467 934 917 101 177 309 482 80 150 823 1093
internal_value=-0.00429178 0.0102928 0.0053459 -0.0182878 -0.0221761 -0.0167862 0.0210981 -0.0147459 0.00887942 0.0254902 -0.020732 0.00167876 0.0167371 0.0137827 -0.0132926 -0.0188016 -0.0240708 -0.0243876 -0.0215639 0.00695921 0.0100142 0.0148328 0.0125688 -0.0185906 0.0151734 0.010037 0.0195968 -0.0166145 0.00485481 0.00365717 0.0114386 -0.0136024 -0.010883 -0.00671906 -0.014684 0.0107771 0.0143274 0.0263493 0.0240296 0.000778781 -0.0112841 0.0188014 0.0216441 -0.015344 -0.0147143 0.00847512 0.0120627 -0.0172932 0.00310322 0.00386066 0.00483368 0.00269231 0.00763811 0.00129964 0.0138785 -0.00538732 0.0165541 -0.00175388 0.00159888 -0.00623377 0.00650917 0.0056964
internal_weight=45952 22503 15437 23449 6529 16920 7066 11156 7861 3518 5764 7576 3548 2217 8099 4138 5590 5510 2627 5172 2108 986 2689 3057 1729 1350 867 2749 3064 4806 854 7941 939 508 5411 681 445 3360 1622 885 2530 875 1331 1307 209 622 382 1824 4475 3659 2885 1637 1248 1384 213 283 443 2770 712 230 2179 1916
internal_count=45952 22503 15437 23449 6529 16920 7066 11156 7861 3518 5764 7576 3548 2217 8099 4138 5590 5510 2627 5172 2108 986 2689 3057 1729 1350 867 2749 3064 4806 854 7941 939 508 5411 681 445 3360 1622 885 2530 875 1331 1307 209 622 382 1824 4475 3659 2885 1637 1248 1384 213 283 443 2770 712 230 2179 1916
is_linear=0
shrinkage=0.03


Tree=58
num_leaves=63
num_cat=0
split_feature=0 0 5 1 9 0 9 2 1 6 0 9 6 9 9 9 2 6 9 3 7 9 1 0 10 9 3 10 0 10 4 4 5 10 5 0 2 1 7 0 4 10 2 2 5 7 1 9 9 9 6 5 6 9 0 4 10 3 9 6 1 7
split_gain=10113.5 1298.69 198.18 174.162 156.47 177.26 154.63 78.2887 78.0012 60.2905 51.037 50.8719 44.0104 43.9036 43.3857 292.019 42.9624 39.751 59.3845 51.5594 38.5844 37.9331 34.3691 29.4097 27.8994 26.8643 25.0734 22.7555 21.9916 17.5847 16.8649 16.3739 16.0652 16.0412 14.3797 14.3761 13.5731 12.7668 13.8195 12.7562 12.5762 12.3795 18.6746 11.6634 19.624 11.6471 11.5357 11.7264 14.3038 18.0074 11.1362 10.6076 10.6012 10.3724 13.0895 12.5836 12.4187 11.4572 10.3123 9.93878 9.31744 9.29408
threshold=0.025000000000000005 1.5250000000000001 0.15000000000000005 0.33500000000000008 0.37940952255126048 1.0000000180025095e-35 0.91597561503675351 0.65000000000000002 2.5050000000000003 0.9919160630702849 0.21500000000000002 -0.70710678118654757 0.9919160630702849 -0.70710678118654757 0.25881904510252057 0.1294095225512602 0.25000000000000006 0.9919160630702849 -0.5 0.57500000000000007 0.99095200782781923 0.98296291314453421 1.0000000180025095e-35 1.0000000180025095e-35 0.68301270189221941 -0.78656609248549325 0.95000000000000007 0.25000000000000011 1.1950000000000001 -0.6830127018922193 0.11666666666666667 0.78333333333333355 0.15000000000000005 0.25000000000000011 0.63333333333333341 2.4350000000000005 0.25000000000000006 2.2150000000000003 0.26297565536849205 0.77500000000000013 1.0000000180025095e-35 1.0000000180025095e-35 0.25000000000000006 0.8500000000000002 0.71666666666666667 0.93935989104528439 0.015000000000000001 -0.12940952255126037 1.0000000180025095e-35 0.1294095225512602 0.68180145234509759 0.15000000000000005 0.80250532449306278 -0.12940952255126037 0.40500000000000008 0.083333333333333315 -0.5 0.95000000000000007 -0.12940952255126037 0.9919160630702849 2.1550000000000007 0.9010966579947971
decision_type=10 10 10 10 2 10 2 8 10 2 10 2 2 2 2 2 10 2 2 10 10 2 10 10 2 2 10 2 10 2 8 10 8 2 10 10 10 10 10 10 8 2 10 10 10 10 10 2 2 2 2 10 2 2 10 10 2 10 2 2 10 10
left_child=4 3 11 10 5 14 7 23 13 -8 -2 35 29 16 15 22 -4 37 19 39 41 30 -1 34 -22 28 59 -13 31 -9 -11 -12 -23 45 -6 -3 -10 38 43 -19 -14 42 58 -5 -45 -15 47 -7 -49 -50 -46 -44 -38 55 -55 56 -27 -57 -20 -18 61 -21
right_child=1 2 8 17 6 46 9 12 36 21 25 27 40 33 -16 -17 26 18 20 60 24 32 -24 -25 -26 53 -28 -29 -30 -31 -32 -33 -34 -35 -36 -37 52 -39 -40 -41 -42 -43 51 44 50 -47 -48 48 49 -51 -52 -53 -54 54 -56 57 -58 -59 -60 -61 -62 -63
leaf_value=-9.2332937048316324e-05 -1.5799874979832314e-05 0.0040246239446904628 0.0037700808611208017 0.0010892522901747596 -9.2560727615268243e-05 -9.4889801603606429e-05 -9.2332937048316324e-05 -9.2332937048316324e-05 0.005071315676851088 -9.2332937048316324e-05 0.00019860263373624537 0.0011404741198519279 -9.5478621439626263e-05 0.00045357313570829364 -9.2332937048316324e-05 -3.220926802609561e-05 0.0010928952959967145 0.0012133676411725722 0.00022840376108634443 0.00092805979948350605 -0.00019599947626918301 -9.2332937048316324e-05 -9.4319528448271961e-05 2.1585662349394747e-05 0.00093723922410063462 0.00027733342150974404 0.00055558706076092924 0.0026429129001352115 0.0020793208529041696 -9.2332937048316324e-05 -9.2332937048316324e-05 0.00060113187846289593 -9.2332937048316324e-05 0.0020543292925461793 -9.2332937048316324e-05 0.0065127882133403855 0.0019375951475308589 0.0023079618965850131 0.00019223755797064535 0.0027279787383225704 -9.2332937048316324e-05 0.0010194260976191744 0.0020481575388391566 0.00062858107535444297 -2.9884641502335302e-05 -0.00067915284906709748 -7.2643421517641637e-06 -2.0814151911049299e-05 -9.1600256578317556e-05 -4.5867419079701402e-05 0.00030494989547126956 0.00055024277189553192 0.0034760254884100361 3.3934572882476223e-05 -0.00036207571976396523 0.0002860726150930254 -7.7783207782770194e-05 4.5218071238011319e-05 -0.00037475717352397186 0.0024161070590663376 0.0021185833615747344 0.00011187510138479323
leaf_weight=2808 3560 1253 437 86 4694 352 1581 496 352 1333 590 287 286 308 1953 699 284 267 118 1483 393 664 121 124 115 255 338 477 201 1877 1417 573 742 142 664 1730 99 108 1321 683 3170 869 103 270 280 102 153 147 142 153 106 309 872 360 103 1010 474 716 90 1111 147 105
leaf_count=2808 3560 1253 437 86 4694 352 1581 496 352 1333 590 287 286 308 1953 699 284 267 118 1483 393 664 121 124 115 255 338 477 201 1877 1417 573 742 142 664 1730 99 108 1321 683 3170 869 103 270 280 102 153 147 142 153 106 309 872 360 103 1010 474 716 90 1111 147 105
internal_value=-0.00442927 0.00996398 0.019864 0.00471353 -0.0181575 -0.0221106 -0.0166426 -0.0146048 0.0152521 -0.020657 0.00166008 0.0248372 -0.0170274 0.0123393 -0.0241473 -0.0221879 0.0142607 0.00820689 0.00976297 0.0126768 0.00584084 -0.0187491 -0.0263447 -0.0120263 -0.00129666 0.00386645 0.012128 0.0178824 0.00734066 -0.0201811 -0.0166848 0.00574742 -0.0227719 0.00477396 -0.0123605 0.0266119 0.0212311 0.00484807 0.00431686 0.0182965 -0.0148568 0.00827517 0.00502415 0.00759085 0.00621005 0.00175182 -0.0100949 -0.0115472 -0.00826185 -0.0120608 0.00186047 0.00871671 0.0193519 0.00224049 -0.001875 0.0030171 -0.000287671 0.00441228 -0.00229665 0.013904 0.00959101 0.00891126
internal_weight=46063 22487 7792 14695 23576 6528 17048 11311 4045 5737 7842 3747 5829 2722 5581 3628 2170 6853 4682 2685 1997 4156 2929 5482 508 4282 1733 764 1364 2373 2750 1163 1406 552 5358 2983 1323 2171 2063 950 3456 1489 620 742 656 410 947 794 442 295 386 412 971 2918 463 2455 729 1726 208 1395 1735 1588
internal_count=46063 22487 7792 14695 23576 6528 17048 11311 4045 5737 7842 3747 5829 2722 5581 3628 2170 6853 4682 2685 1997 4156 2929 5482 508 4282 1733 764 1364 2373 2750 1163 1406 552 5358 2983 1323 2171 2063 950 3456 1489 620 742 656 410 947 794 442 295 386 412 971 2918 463 2455 729 1726 208 1395 1735 1588
is_linear=0
shrinkage=0.03


Tree=59
num_leaves=63
num_cat=0
split_feature=9 8 9 1 11 8 1 6 5 3 8 6 2 11 11 8 8 1 9 6 11 10 6 2 8 9 11 3 2 8 3 2 10 8 9 11 11 11 11 10 8 3 6 11 6 5 2 2 10 10 5 9 9 10 2 10 6 2 8 10 3 8
split_gain=8280.7 3950.95 917.306 717.047 293.522 285.312 167.878 156.803 150.976 141.755 103.914 80.6007 69.8422 68.5509 65.8115 64.7582 50.8006 50.3487 42.2622 34.2483 41.2621 33.6599 29.7701 28.2854 27.3085 27.2404 26.2847 26.2265 25.6388 25.0152 23.8861 22.9772 29.1709 22.1665 22.1458 21.8672 21.8125 20.8961 20.3178 20.1622 20.012 19.824 19.1251 19.0646 18.2517 18.0467 16.8689 16.8439 16.2708 16.095 16.0648 15.812 15.2783 13.9166 25.4716 13.736 13.7238 13.6051 13.4638 12.7741 12.7469 12.3072
threshold=-0.5 -1.0000000180025095e-35 1.0000000180025095e-35 1.635 1.0000000180025095e-35 -0.60355339059327362 0.015000000000000001 0.9919160630702849 0.15000000000000005 0.45000000000000007 0.60355339059327384 0.31179268315033476 0.55000000000000016 0.6830127018922193 0.6830127018922193 0.91597561503675362 0.91597561503675362 1.0000000180025095e-35 -0.12940952255126037 0.9919160630702849 -0.24999999999999994 -0.24999999999999994 0.9919160630702849 0.55000000000000016 0.37940952255126054 -0.70710678118654757 0.25000000000000017 0.95000000000000007 0.65000000000000002 -0.37940952255126059 0.8500000000000002 1.0000000180025095e-35 0.68301270189221941 0.12940952255126045 -0.70710678118654757 0.6830127018922193 -0.68301270189221952 -0.5 -0.24999999999999994 0.68301270189221941 0.37940952255126054 0.95000000000000007 0.75185124348285037 0.93301270189221952 0.23251122184542691 0.15000000000000005 0.35000000000000003 0.95000000000000007 0.93301270189221952 1.0000000180025095e-35 0.15000000000000005 0.1294095225512602 -0.70710678118654757 1.0000000180025095e-35 0.75000000000000011 -0.6830127018922193 0.27367423887636216 0.25000000000000006 0.25881904510252091 -0.93301270189221908 0.95000000000000007 -0.91597561503675329
decision_type=2 2 2 10 2 2 10 2 10 8 2 2 10 2 2 2 2 10 2 2 2 2 2 10 2 2 2 10 10 2 8 10 2 2 2 2 2 2 2 2 2 10 2 2 2 10 10 10 2 2 8 2 2 2 10 2 2 10 2 2 10 2
left_child=3 5 4 9 16 11 15 26 24 10 45 37 34 18 -9 21 -3 33 39 20 44 -6 61 -16 46 30 29 58 -8 56 -21 32 -20 50 40 -12 42 -2 -27 -13 -10 53 -18 -24 47 -1 -5 -11 -23 -48 -4 -39 -22 57 -55 -35 -7 -33 -14 -54 -41 -15
right_child=1 2 17 8 6 7 28 14 12 19 35 13 27 22 23 -17 36 -19 31 25 52 48 43 -25 -26 38 -28 -29 -30 -31 -32 41 -34 55 -36 -37 -38 51 -40 60 -42 -43 -44 -45 -46 -47 49 -49 -50 -51 -52 -53 59 54 -56 -57 -58 -59 -60 -61 -62 -63
leaf_value=0.0030041016563161571 -3.6039695913837853e-05 7.3148422386108415e-05 -8.9562948936866836e-05 0.0060448015229320031 -4.8506242439102681e-05 -9.3758852047652898e-05 0.0001500080436114824 -1.9244776543176476e-05 0.0040562839463959086 0.00085511072655870791 0.0003330288401084222 0.00047857762853950381 0.0027102994555095973 -6.2299114479717041e-05 -6.809217234868228e-05 -8.9562948936866836e-05 -0.00011553857551236407 -1.513174481427594e-05 -5.8415190579535066e-05 0.001917876539027583 0.00011537352288580298 -8.9562948936866836e-05 1.5125507450998668e-05 -8.952389759923557e-05 0.0016704673398226664 0.00075529987248063035 -8.9562948936866836e-05 0.00069087146395657825 -7.0457247598158047e-05 -8.9562948936866836e-05 0.00062859906774888677 -1.5769436934513128e-05 4.7169411209493501e-05 -8.9562948936866836e-05 0.00096644257682406082 -8.943044505420008e-05 -9.3194584469603103e-05 -0.00013796689525247662 4.141172058377938e-05 0.0022225162660862645 0.00093840704723325446 5.1833977037982549e-06 9.9670710019207273e-06 -4.2058292686239228e-05 0.00069642473487378841 0.0026384598007619391 0.0031402025838279551 2.9622981318430611e-05 -9.0024886046807679e-05 0.005200726111101406 -8.9562948936866836e-05 -0.00011110873767651093 0.00021138670449889928 0.00023645351995775523 2.3466057828325274e-05 -8.9562948936866836e-05 -4.8045898250146049e-05 6.2118626975699972e-05 0.001147435888020056 -0.00014678191651628481 0.00013234823479581407 -0.00013264778345094611
leaf_weight=821 497 987 751 1794 203 142 130 2043 1307 214 436 833 1263 223 342 932 110 126 585 981 1241 402 1256 415 309 419 337 333 106 373 1169 344 497 2638 176 202 456 192 734 342 109 1025 415 615 851 651 361 563 122 732 1158 283 90 943 580 8763 209 1130 308 382 97 147
leaf_count=821 497 987 751 1794 203 142 130 2043 1307 214 436 833 1263 223 342 932 110 126 585 981 1241 402 1256 415 309 419 337 333 106 373 1169 344 497 2638 176 202 456 192 734 342 109 1025 415 615 851 651 361 563 122 732 1158 283 90 943 580 8763 209 1130 308 382 97 147
internal_value=-0.00431791 -0.01332 -0.0228017 0.0136026 -0.0099146 -0.00112408 -0.0183386 -0.0080088 0.0209951 0.00794974 0.0147229 0.00164859 0.0166772 0.00257252 -0.00428418 -0.0217048 -0.00179787 -0.0265059 0.0041587 0.00579684 0.0036535 -0.0149588 -0.00194023 -0.0118338 0.0257116 0.00796308 -0.0178249 0.0127874 0.00531646 -0.0145655 0.00995816 0.0029383 -0.000941828 -0.0266847 0.0213183 0.00460094 -0.00662933 -0.00653649 0.00423744 0.00904949 0.0225688 0.0039821 -0.00245247 -0.000400641 0.00707182 0.0191039 0.026624 0.00374036 -0.0189714 0.0236106 -0.0236387 -0.0110294 0.000402567 0.00521348 0.00722441 -0.0271926 -0.00877841 0.0031322 0.0144084 -0.00418605 0.01425 -0.0097035
internal_weight=46195 30749 17299 15446 3863 13450 1895 3861 6692 8754 2110 9589 3496 8617 2800 1659 1968 13436 6376 6644 3341 727 2241 757 3196 3303 1061 1904 236 724 2150 5104 1082 13310 1592 638 981 972 1153 1272 1416 4022 525 1871 1628 1472 2887 777 524 1093 1909 475 1713 2997 1523 11401 351 1474 1571 472 439 370
internal_count=46195 30749 17299 15446 3863 13450 1895 3861 6692 8754 2110 9589 3496 8617 2800 1659 1968 13436 6376 6644 3341 727 2241 757 3196 3303 1061 1904 236 724 2150 5104 1082 13310 1592 638 981 972 1153 1272 1416 4022 525 1871 1628 1472 2887 777 524 1093 1909 475 1713 2997 1523 11401 351 1474 1571 472 439 370
is_linear=0
shrinkage=0.03


Tree=60
num_leaves=63
num_cat=0
split_feature=0 8 1 6 0 0 0 8 3 5 0 1 8 5 8 8 6 8 8 10 2 1 8 8 1 4 2 8 3 5 8 8 8 4 3 10 0 4 5 3 0 1 10 1 8 10 7 10 1 5 0 0 7 10 10 2 7 2 6 8 10 0
split_gain=9945.41 3072.66 1188.57 183.466 171.881 162.171 132.096 101.973 68.137 67.4827 55.4659 53.7476 47.1667 46.7829 33.1838 32.6894 29.4741 28.9362 32.2175 23.6084 23.4841 23.0925 22.683 22.4203 21.2039 20.7188 20.3242 18.5542 21.2216 17.8937 16.6958 16.5546 17.4898 17.2152 15.4569 15.4159 15.2828 19.1512 14.9407 18.5543 14.5942 13.8083 13.7764 13.6413 13.5137 13.2171 12.8065 12.7544 12.5913 12.1756 11.5645 11.3882 11.3207 11.0334 19.4627 15.8168 10.8197 10.7169 10.1708 11.1088 11.2173 9.67721
threshold=0.03500000000000001 -1.0000000180025095e-35 1.5350000000000004 0.9919160630702849 0.65500000000000014 2.4550000000000005 1.0000000180025095e-35 -0.60355339059327362 0.25000000000000006 0.22500000000000003 1.6650000000000003 0.095000000000000015 -0.37940952255126059 0.083333333333333315 -0.91597561503675329 0.37940952255126054 0.9919160630702849 0.60355339059327384 -0.98296291314453399 -0.6830127018922193 0.55000000000000016 2.9950000000000006 0.78656609248549325 0.12940952255126045 1.0000000180025095e-35 0.41666666666666669 0.75000000000000011 -0.98296291314453399 0.75000000000000011 0.083333333333333315 0.60355339059327384 0.37940952255126054 -0.70710678118654735 0.083333333333333315 0.57500000000000007 -0.6830127018922193 1.1250000000000002 0.58333333333333337 1.0000000180025095e-35 0.35000000000000003 0.025000000000000005 0.63500000000000012 0.25000000000000011 1.1850000000000003 -0.5 0.68301270189221941 1.0070054473180547 0.68301270189221941 1.0000000180025095e-35 0.15000000000000005 0.065000000000000016 0.075000000000000025 1.053418561078624 1.0000000180025095e-35 -0.24999999999999994 0.95000000000000007 0.75785361842105281 0.35000000000000003 0.69300588406246244 0.37940952255126054 -0.5 0.45500000000000007
decision_type=10 2 10 2 10 10 10 2 10 10 10 10 2 10 2 2 2 2 2 2 10 10 2 2 10 8 10 2 10 10 2 2 2 10 10 2 10 10 8 10 10 10 2 10 2 2 10 2 10 8 10 10 10 2 2 8 10 10 2 2 2 10
left_child=1 3 4 7 11 8 23 26 14 10 17 22 38 -7 -4 -16 -10 18 46 -14 -9 45 48 49 40 -21 -1 -11 30 -26 56 32 42 -34 36 -25 37 41 39 -5 -8 -20 57 -13 -22 -15 -6 50 61 -3 -24 -50 -17 54 55 -40 -29 -18 -30 60 -60 -2
right_child=2 6 5 12 9 13 24 20 16 27 -12 43 19 21 15 52 31 -19 34 25 44 -23 47 35 29 -27 -28 28 58 -31 -32 -33 33 -35 -36 -37 -38 -39 53 -41 -42 -43 -44 -45 -46 -47 -48 -49 51 -51 -52 -53 -54 -55 -56 -57 -58 -59 59 -61 -62 -63
leaf_value=4.8841291646630878e-06 5.0086255446702637e-05 -8.6876060468760844e-05 0.001025983651823307 2.4545912148322966e-06 0.0015686330038381944 0.0061264708081310891 -8.9356219087392233e-05 -8.8802099696447517e-05 0.00086371231713568998 -0.00011262603158830736 0.0029767408600053758 0.00020889905837534139 6.4131374204035547e-06 0.0026333347305480623 0.0040866241656158236 0.00074915361706798017 -0.0002168004673142787 0.0002078209737381853 -0.00012616023342402444 -9.3912035775022232e-05 -9.1436125915997894e-05 0.00493728545942956 -8.539827832218138e-05 -8.6876060468760844e-05 1.2411686873429291e-05 -8.683818067125851e-05 -8.5792441590110325e-05 0.0018555885255158199 0.00018389912051568056 -7.6626847085228995e-05 0.000155715497215112 0.00063226350824089445 0.0036215326585475219 0.0025032747653445926 0.0013410068770471106 -8.6876060468760844e-05 0.0026952582554048269 0.0032644866750112726 1.0721093672815418e-05 6.4511178429136368e-05 -0.00010887021603378599 0.0021116326971389685 0.0019559156720681901 0.0013612887133550562 -8.6876060468760844e-05 0.0059422790627953566 -0.00032177985983568606 -6.5510464070848496e-05 -8.7308096187806348e-05 -8.6876060468760844e-05 -4.3515067054755716e-06 -9.2198186028453513e-06 0.0011821353756534102 6.4894455349511454e-06 -8.34862421692097e-05 -0.00010840818446215284 0.0008827043983275387 0.0011012798677168549 0.00033234226264408054 0.00017341252451210848 0.0008677328280805879 0.00040591896624521851
leaf_weight=404 1608 763 184 1607 229 1597 406 237 604 220 385 4367 315 797 1006 125 88 655 88 659 435 637 177 2785 83 418 1018 741 678 173 219 271 334 1134 379 9650 464 105 832 636 96 160 203 132 414 191 80 366 128 1156 841 502 81 1249 404 237 130 209 328 430 1035 302
leaf_count=404 1608 763 184 1607 229 1597 406 237 604 220 385 4367 315 797 1006 125 88 655 88 659 435 637 177 2785 83 418 1018 741 678 173 219 271 334 1134 379 9650 464 105 832 636 96 160 203 132 414 191 80 366 128 1156 841 502 81 1249 404 237 130 209 328 430 1035 302
internal_value=-0.00444466 -0.0178426 0.0100194 -0.00382021 0.00508271 0.0197762 -0.0260676 -0.0106895 0.0159127 0.00881935 0.0125962 0.00227564 -0.00110884 0.0248526 0.0213457 0.0231492 0.0132384 0.0107173 0.013008 -0.00598708 -0.0176081 0.0212362 -0.000290446 -0.0267126 -0.013834 -0.00809833 -0.00539705 0.00627446 0.00679674 -0.00677043 0.0102841 0.0148259 0.0157847 0.0174404 0.0152381 -0.0271848 0.0175672 0.0127966 0.000259766 0.00207219 -0.0174155 0.00819277 0.0108982 0.00451333 -0.0199412 0.0183215 0.00435484 -0.00337906 0.00139315 -0.0236406 -0.00164868 -0.00228209 0.0121739 -0.00123393 -0.00299186 -0.000869159 0.0121445 0.00674497 0.00525485 0.00643813 0.00776393 0.00260597
internal_weight=46187 23977 22210 8865 14749 7461 15112 2508 4239 6326 2545 8423 6357 3222 1396 1212 2843 2160 1505 1392 1086 1625 3924 14354 758 1077 1422 3781 3561 256 1090 2239 1968 1468 1196 12435 817 353 4965 2243 502 248 500 4499 849 988 309 1384 2540 1919 1018 630 206 2722 1473 1069 871 297 2471 1793 1363 1910
internal_count=46187 23977 22210 8865 14749 7461 15112 2508 4239 6326 2545 8423 6357 3222 1396 1212 2843 2160 1505 1392 1086 1625 3924 14354 758 1077 1422 3781 3561 256 1090 2239 1968 1468 1196 12435 817 353 4965 2243 502 248 500 4499 849 988 309 1384 2540 1919 1018 630 206 2722 1473 1069 871 297 2471 1793 1363 1910
is_linear=0
shrinkage=0.03


Tree=61
num_leaves=63
num_cat=0
split_feature=9 8 9 1 11 8 1 3 6 5 8 6 2 8 6 1 9 11 9 11 2 8 11 8 3 11 11 4 2 3 11 6 8 4 11 6 8 5 8 8 11 5 1 11 8 8 8 2 5 4 7 4 2 7 5 6 7 4 8 8 4 6
split_gain=7979.39 3954.81 849.485 731.718 280.713 267.742 173.804 161.305 136.47 136.156 96.6746 76.7447 70.1935 62.5698 59.8147 49.4498 42.4026 42.3638 41.8703 36.7315 32.6215 31.6807 29.5319 29.0359 28.1626 27.5573 25.1452 25.0917 24.7155 24.6108 23.1245 23.7073 22.2822 21.7554 21.3117 20.3302 18.9636 19.0109 18.8924 18.8425 18.8215 18.0471 17.8058 16.9391 16.8774 16.8731 15.5657 15.4034 14.4243 14.3692 14.1358 13.1903 12.5082 11.8489 12.9534 11.8401 11.3875 11.2803 10.951 10.5879 10.5132 10.2745
threshold=-0.5 -1.0000000180025095e-35 1.0000000180025095e-35 1.8350000000000002 1.0000000180025095e-35 -0.60355339059327362 0.015000000000000001 0.35000000000000003 0.9919160630702849 0.15000000000000005 0.60355339059327384 0.96010100249940655 0.55000000000000016 0.91597561503675362 0.9919160630702849 1.0000000180025095e-35 -0.12940952255126037 0.6830127018922193 -0.70710678118654757 1.0000000180025095e-35 0.55000000000000016 0.37940952255126054 0.25000000000000017 0.91597561503675362 0.95000000000000007 -0.24999999999999994 0.6830127018922193 0.17499999999999996 1.0000000180025095e-35 0.75000000000000011 0.6830127018922193 0.43196237513855623 0.37940952255126054 0.37222222222222229 -0.5 0.23251122184542691 0.12940952255126045 0.15000000000000005 0.37940952255126054 -0.37940952255126059 -0.68301270189221952 1.0000000180025095e-35 2.4150000000000005 1.0000000180025095e-35 0.60355339059327384 -0.5 1.0000000180025095e-35 0.15000000000000005 0.083333333333333315 0.17499999999999996 0.6615580348404777 0.9125000000000002 0.35000000000000003 0.44278167043495786 0.55000000000000016 0.56988722470830055 0.94949559701744335 0.17499999999999996 -0.91597561503675329 0.37940952255126054 0.31666666666666671 0.75185124348285037
decision_type=2 2 2 10 2 2 10 8 2 10 2 2 10 2 2 10 2 2 2 2 10 2 2 2 10 2 2 10 10 8 2 2 2 10 2 2 2 10 2 2 2 8 10 2 2 2 2 10 10 10 10 8 10 8 10 2 10 10 2 2 8 2
left_child=3 5 4 7 23 11 13 10 22 21 48 30 38 33 19 36 41 51 29 35 -19 52 39 -3 42 -20 28 -8 34 -16 31 43 -21 -6 -18 57 37 -4 45 55 61 50 -14 -2 -27 -11 -31 -30 -1 -28 -13 -10 -5 54 -43 -7 59 -9 -32 -50 -38 -25
right_child=1 2 15 9 6 8 27 14 17 12 -12 16 24 -15 18 -17 26 20 25 32 -22 -23 -24 40 -26 44 49 -29 47 46 58 -33 -34 -35 -36 -37 60 -39 -40 -41 -42 53 -44 -45 -46 -47 -48 -49 56 -51 -52 -53 -54 -55 -56 -57 -58 -59 -60 -61 -62 -63
leaf_value=0.0030186335313830723 -4.9146816890943202e-05 3.3005553545273813e-05 -8.4269778654698027e-05 0.0057594261167632143 -8.9128493962583122e-05 -8.8693042138517948e-05 0.00024816322455943379 0.00040162103509619045 -2.3457429080335803e-05 0.0022288338765102467 0.00018915348483792836 0.0026101029159149108 0.00150668450801543 -8.4269778654698027e-05 0.0022277912157903351 -1.918761427143179e-05 -7.9162609476993165e-05 -5.7233317274431532e-05 0.00062037415325967376 7.682312930032436e-05 -8.4233035251120753e-05 0.0016409661908684298 -8.4269778654698027e-05 -0.00010939173167437138 0.00052789516264950098 0.00046643943638981623 1.6390886606806154e-05 -3.7280836097219415e-05 0.00025362364522563434 0.0011751095599604659 -7.5685516810156781e-05 1.6788458734996017e-05 -0.00014337193721824208 -8.4269778654698027e-05 1.3802370754443654e-05 0.00053059229252744452 -8.4269778654698027e-05 -8.4269778654698027e-05 0.00070128242262298913 -8.4269778654698027e-05 -8.6802410037417391e-05 0.0010621746889642283 0.0030619266587749027 -0.00011816764743894293 -8.5664962297199849e-05 0.0040685247457758296 0.00048040434550408376 5.452148347032324e-05 0.003123171588797716 -3.572785502471116e-05 0.0015238820441159601 -9.6239805851144737e-05 0.0043031897941362869 0.00028861994085275789 0.00026199649635893677 -3.8963702717533963e-05 0.0011614580757608808 3.942002070880064e-05 -0.00012198444213706867 0.0011143947722764358 -8.4269778654698027e-05 2.3617180224732789e-06
leaf_weight=640 791 958 760 1720 327 195 107 114 1931 339 575 80 665 948 941 137 399 344 486 1067 403 266 321 107 244 421 568 138 203 775 221 952 379 406 633 1090 5739 1197 99 350 458 149 688 205 464 1013 900 3074 500 1002 397 99 1002 629 229 162 94 796 142 158 5596 400
leaf_count=640 791 958 760 1720 327 195 107 114 1931 339 575 80 665 948 941 137 399 344 486 1067 403 266 321 107 244 421 568 138 203 775 221 952 379 406 633 1090 5739 1197 99 350 458 149 688 205 464 1013 900 3074 500 1002 397 99 1002 629 229 162 94 796 142 158 5596 400
internal_value=-0.00459086 -0.0134238 -0.0229249 0.013009 -0.0104961 -0.00124407 -0.0185885 0.00777364 -0.00798476 0.0211595 0.0154116 0.00140775 0.0166874 -0.0220273 0.00575061 -0.0264862 0.00290467 -0.00452484 0.00825226 0.00285466 -0.0106283 0.0257143 -0.0173178 -0.00238565 0.0123342 0.00400146 0.0017602 0.005 0.00294432 0.0104776 -0.00336073 -0.0020626 -0.000787837 -0.0154087 -0.00110358 0.00548726 -0.0266712 -0.0238866 0.0214669 -0.0138559 -0.0060559 0.00743434 0.0140251 -0.00529589 0.000846501 0.0223947 0.00828759 0.00421904 0.0196841 -0.0014895 0.0122385 -0.00227474 0.0266838 0.00514881 0.00934037 -0.00896648 0.0168127 0.00217344 -0.0103022 0.0182094 -0.0271498 -0.00206693
internal_weight=46193 30757 17278 15436 3849 13479 1926 9400 3805 6036 1967 9674 3048 1681 7433 13429 7363 2777 3987 3446 747 2988 1028 1923 1597 1371 5879 245 4309 2616 2311 1948 1446 733 1032 2000 13292 1957 1451 707 965 1484 1353 996 885 1352 1675 3277 1392 1570 477 2030 2722 1007 378 357 752 910 363 658 11335 507
internal_count=46193 30757 17278 15436 3849 13479 1926 9400 3805 6036 1967 9674 3048 1681 7433 13429 7363 2777 3987 3446 747 2988 1028 1923 1597 1371 5879 245 4309 2616 2311 1948 1446 733 1032 2000 13292 1957 1451 707 965 1484 1353 996 885 1352 1675 3277 1392 1570 477 2030 2722 1007 378 357 752 910 363 658 11335 507
is_linear=0
shrinkage=0.03


Tree=62
num_leaves=63
num_cat=0
split_feature=0 8 0 5 6 1 1 8 0 11 8 8 0 11 1 8 11 11 6 11 8 6 0 8 8 1 0 11 2 11 5 1 5 6 7 3 1 11 2 5 2 5 5 3 3 4 2 7 11 8 3 7 2 8 1 7 4 7 8 6 4 4
split_gain=9404.72 3030.22 1193.58 187.881 164.339 139.428 100.126 89.7728 64.594 55.517 52.7145 50.8293 46.3175 43.4909 40.0103 39.5336 30.033 29.9528 27.3091 25.861 25.0593 24.356 24.1903 24.5654 24.1054 22.2964 21.2397 34.2942 27.8907 20.2835 20.2079 20.1605 20.1582 18.1687 21.2243 37.1462 18.8304 17.7651 17.4573 16.2226 16.0634 15.7342 14.3556 13.7278 13.5093 13.6977 13.4324 13.1813 13.1182 15.8641 13.0315 12.8682 12.5355 12.4912 12.389 62.4761 12.2167 12.0302 15.9925 15.5785 12.0123 12.0043
threshold=0.025000000000000005 -1.0000000180025095e-35 1.635 0.15000000000000005 0.96010100249940655 0.32500000000000007 1.0000000180025095e-35 -0.37940952255126059 2.5550000000000002 1.0000000180025095e-35 -0.91597561503675329 -0.37940952255126059 0.15500000000000003 0.6830127018922193 1.1850000000000003 0.37940952255126054 0.6830127018922193 0.6830127018922193 0.9919160630702849 0.93301270189221952 0.25881904510252091 0.32212462018004401 1.0000000180025095e-35 1.0000000180025095e-35 -0.91597561503675329 2.5650000000000004 1.1450000000000002 0.25000000000000017 0.35000000000000003 1.0000000180025095e-35 0.15000000000000005 2.5150000000000001 0.22500000000000003 0.2422058823782218 0.6615580348404777 0.25000000000000006 0.79500000000000015 0.6830127018922193 0.55000000000000016 0.71666666666666667 0.15000000000000005 0.15000000000000005 0.55000000000000016 0.35000000000000003 0.8500000000000002 0.78333333333333355 0.35000000000000003 0.93688952110004753 -0.24999999999999994 0.60355339059327384 0.11666666666666667 0.98818824404761918 0.25000000000000006 0.37940952255126054 1.0000000180025095e-35 1.0000000180025095e-35 0.17499999999999996 0.088025157232704418 0.78656609248549325 0.50021524203698764 0.96250000000000002 0.31666666666666671
decision_type=10 2 10 10 2 10 10 2 10 2 2 2 10 2 10 2 2 2 2 2 2 2 10 2 2 10 10 2 10 2 8 10 10 2 10 10 10 2 10 10 10 10 10 10 10 10 10 10 2 2 10 10 10 2 10 10 10 10 2 2 8 8
left_child=1 4 5 10 7 12 22 17 9 -5 -4 19 20 -13 33 46 25 21 -11 60 54 29 23 30 -19 32 28 -28 -14 -1 -3 -10 47 -7 35 -35 37 -36 -15 56 -17 -29 -18 53 45 -37 -12 -16 57 -50 -38 -39 -20 -30 -2 -56 -21 58 59 -45 -6 -25
right_child=2 6 3 8 11 14 -8 -9 31 18 15 13 26 38 16 40 42 24 52 39 -22 -23 -24 61 -26 -27 27 41 43 -31 -32 -33 -34 34 36 44 50 51 -40 -41 -42 -43 -44 48 -46 -47 -48 -49 49 -51 -52 -53 -54 -55 55 -57 -58 -59 -60 -61 -62 -63
leaf_value=-8.337662577482315e-05 0.00012047831775597676 -8.1741685295057086e-05 0.00099928409810369468 0.00090463334710424222 7.2324869766225014e-06 2.6286224540606332e-05 -4.5649762667726691e-05 -8.1741685295057086e-05 0.0020141244690634057 0.00025313934164691295 0.0054482022681134473 -8.1741685295057086e-05 -5.4136258479592112e-05 -9.519176406740447e-05 0.0017339764887458486 0.0020081075933986482 0.0026536499708462173 -5.0474604334697863e-05 0.0044370783820061131 2.5776969094242017e-05 -5.6391482514316204e-05 -1.5732899211556972e-05 -8.4198337736294873e-05 -8.1741685295057086e-05 -0.0001017006658100495 0.0032189761219424515 0.00017287269465501102 0.0023991180844552813 0.001975930973986329 -0.00010058232530816275 -8.1741685295057086e-05 0.0039931227996183238 0.00053188813183995183 0.0027062180061642608 0.00015947288874040011 0.00098871739056006526 0.0013158997113450143 -0.00010450306108399809 -8.1706044193587138e-05 -0.0001481798805813446 0.0011629362723042979 0.0014762842236363647 0.0013363188586561943 0.00018681214703480494 0.0003784614243333706 0.0016463842980196503 0.0041287354539408395 0.00063274443378679823 0.00016525500772869537 -9.3480051035313284e-05 0.00028875888651879068 -0.00046839431546032308 0.0027506837361969288 0.00016337993140916915 -0.00013029941352154668 3.4552164175251726e-05 -6.6378308839493984e-05 2.0337917123425599e-05 5.1948896490616054e-05 0.00082882581229045988 -6.6333877156964213e-05 -8.1741685295057086e-05
leaf_weight=444 808 748 178 1439 4179 576 301 464 404 102 1851 1079 926 171 375 256 415 127 301 173 1248 682 401 6120 234 176 312 113 140 141 1159 891 1052 193 696 486 264 133 216 110 223 112 150 270 1776 333 1011 297 1468 485 525 80 541 213 84 536 347 510 358 281 243 6335
leaf_count=444 808 748 178 1439 4179 576 301 464 404 102 1851 1079 926 171 375 256 415 127 301 173 1248 682 401 6120 234 176 312 113 140 141 1159 891 1052 193 696 486 264 133 216 110 223 112 150 270 1776 333 1011 297 1468 485 525 80 541 213 84 536 347 510 358 281 243 6335
internal_value=-0.00488036 -0.0180925 0.0089672 0.0190511 -0.00389502 0.00425091 -0.0262064 -0.0112088 0.0143028 0.0113633 0.0240085 -0.00154625 0.00145709 -0.00646217 0.00716923 0.0248564 0.0103041 -0.00788214 0.0170159 -0.000118741 -0.00174823 -0.00570189 -0.0265558 -0.0267604 -0.0154972 0.00849027 0.00311043 0.00875465 0.00245701 -0.0101877 -0.0235377 0.0196991 0.00744348 0.00564092 0.00628482 0.0078953 0.00363743 0.000692308 -0.0150773 -0.00580032 0.0168125 0.0176549 0.0163781 0.00361514 0.0069453 0.0101341 0.0261963 0.0115007 0.00302401 0.00142784 0.00702532 -0.00686916 0.01879 0.00923729 0.00096571 -0.00222222 -0.00357006 0.00521831 0.00728571 0.0104891 0.000691838 -0.0272519
internal_weight=46262 23674 22588 7197 8610 15391 15064 2092 3678 2383 3519 6518 7864 1466 7527 3341 2465 1628 944 5052 2676 1267 14763 14362 361 1900 5188 537 4651 585 1907 1295 1724 5062 4486 2788 1698 909 387 630 479 225 565 3725 2595 819 2862 672 3372 1953 789 213 842 353 1428 620 520 1419 909 551 4422 12455
internal_count=46262 23674 22588 7197 8610 15391 15064 2092 3678 2383 3519 6518 7864 1466 7527 3341 2465 1628 944 5052 2676 1267 14763 14362 361 1900 5188 537 4651 585 1907 1295 1724 5062 4486 2788 1698 909 387 630 479 225 565 3725 2595 819 2862 672 3372 1953 789 213 842 353 1428 620 520 1419 909 551 4422 12455
is_linear=0
shrinkage=0.03


Tree=63
num_leaves=63
num_cat=0
split_feature=0 8 0 0 5 9 1 11 3 4 0 1 4 8 0 1 9 8 0 8 11 1 10 1 9 11 10 0 8 11 11 3 4 3 10 0 11 8 5 7 5 10 7 11 3 4 5 8 10 10 5 8 4 3 5 10 11 7 3 3 4 11
split_gain=9218.73 3054.4 1214.15 172.018 159.48 120.154 115.715 63.0798 68.5629 60.3514 59.5744 54.8968 47.9041 47.2622 40.0088 36.6028 34.884 32.9506 26.9034 26.6096 26.1264 24.711 24.3264 25.2277 22.8191 21.4678 20.5871 20.3246 20.0867 19.9184 19.0726 18.7696 18.735 23.9124 18.266 17.8886 27.3383 17.3015 15.6071 15.5985 15.3734 14.7723 14.1891 13.2239 28.8896 13.2154 13.1121 12.9902 15.5327 13.4692 12.7588 12.4261 12.2576 12.1142 12.0729 14.3922 11.4066 11.2494 12.7498 11.1311 11.0203 10.5774
threshold=0.025000000000000005 -1.0000000180025095e-35 1.7250000000000003 0.66500000000000015 0.15000000000000005 0.91597561503675351 1.0000000180025095e-35 0.25000000000000017 0.57500000000000007 0.083333333333333315 0.13500000000000004 2.1350000000000002 0.11666666666666667 -0.91597561503675329 1.1050000000000002 2.1950000000000007 0.78656609248549303 0.37940952255126054 1.0000000180025095e-35 1.0000000180025095e-35 1.0000000180025095e-35 0.79500000000000015 0.68301270189221941 1.1050000000000002 -0.5 0.6830127018922193 0.25000000000000011 2.4150000000000005 0.37940952255126054 0.6830127018922193 1.0000000180025095e-35 0.95000000000000007 0.8583333333333335 0.95000000000000007 -0.6830127018922193 2.9050000000000007 1.0000000180025095e-35 0.37940952255126054 0.15000000000000005 1.0070054473180547 0.22500000000000003 -0.24999999999999994 0.32111383899728652 -0.24999999999999994 0.35000000000000003 0.96250000000000002 0.083333333333333315 0.25881904510252091 -0.24999999999999994 0.93301270189221952 0.083333333333333315 -0.70710678118654735 0.8583333333333335 0.95000000000000007 0.71666666666666667 1.0000000180025095e-35 0.25000000000000017 0.85515616333305766 0.35000000000000003 0.57500000000000007 0.58333333333333337 0.6830127018922193
decision_type=10 2 10 10 10 2 10 2 10 8 10 10 8 2 10 10 2 2 10 2 2 10 2 10 2 2 2 10 2 2 2 8 10 10 2 10 2 2 10 10 10 2 10 2 10 8 10 2 2 2 10 2 10 10 10 2 2 10 10 10 10 2
left_child=1 5 3 10 13 9 18 15 14 -1 28 20 -7 -4 60 22 30 41 19 38 27 32 24 -24 -5 31 -19 -6 -2 -18 45 -14 43 37 -21 36 -13 42 -3 54 -23 56 -34 44 -12 -11 -16 57 -49 -50 -8 -35 -31 -46 55 -26 -15 58 -45 -22 -9 -53
right_child=2 6 4 7 11 12 50 8 -10 16 21 35 25 17 46 -17 29 26 -20 34 59 40 23 -25 39 -27 -28 -29 -30 52 -32 -33 33 51 -36 -37 -38 -39 -40 -41 -42 -43 -44 47 53 -47 -48 48 49 -51 -52 61 -54 -55 -56 -57 -58 -59 -60 -61 -62 -63
leaf_value=1.6589403504751794e-05 1.9246278701871149e-06 -7.9289434736205374e-05 0.00062793046410917206 0.00044526404320631142 0.00058649134793887614 -8.1157692787061438e-05 2.2403278106628531e-06 0.00082487143637621221 0.00075741846369605371 1.7891257615955981e-05 -0.00010016378277237087 0.0018619254022900289 -8.1157692787061438e-05 0.0027504892505051818 0.0026853746717069703 0.0020833851580168896 -7.3074331564154671e-05 0.00075844745450065801 -8.1621489023040673e-05 -7.9289434736205374e-05 0.0031353475766246596 0.0016556736726934011 0.00028014374495673216 0.0017282396030327872 -5.1728053526911287e-05 -7.9254862867779517e-05 0.0022386739100600296 0.0017698357345830678 -6.0554251183440336e-05 -7.7834602372587602e-05 -3.4187113740822834e-05 -7.9289434736205374e-05 0.0017341355267743018 -4.7789990228384417e-05 -7.9289434736205374e-05 0.0041545692570080939 0.0046664200313801764 0.00010855925315243504 -7.9289434736205374e-05 -0.00029853319234864008 0.00078023154189140864 0.0054236489218418516 0.0003618690235367579 0.0020311137492859256 0.00031920017313062345 -6.3405105075455763e-05 0.0026454394290703555 8.1506092899466211e-05 -0.0002129833857255245 2.2383104608829502e-05 -8.2299186072982237e-05 0.00027380063439128222 -0.00010531939976103296 9.9786635216775877e-05 -0.00030446475117011982 0.00051818448285290857 0.0048103610441633656 -0.00042221172015308698 9.5849087408309442e-05 0.0017703997626656212 0.0023482124829939536 -0.0001729647613662616
leaf_weight=2144 1402 744 123 1668 619 807 96 397 1240 1019 426 940 464 400 342 324 897 155 417 2816 249 110 650 364 445 319 239 287 1116 242 2091 328 291 272 9588 595 392 175 1167 169 534 1958 88 240 722 162 458 466 449 181 210 602 103 793 164 347 411 144 910 272 216 118
leaf_count=2144 1402 744 123 1668 619 807 96 397 1240 1019 426 940 464 400 342 324 897 155 417 2816 249 110 650 364 445 319 239 287 1116 242 2091 328 291 272 9588 595 392 175 1167 169 534 1958 88 240 722 162 458 466 449 181 210 602 103 793 164 347 411 144 910 272 216 118
internal_value=-0.00487326 -0.0179606 0.00888488 0.00436615 0.0196507 -0.00367261 -0.0261081 0.00797642 0.0115863 -0.00176603 0.00165597 0.0150402 -0.0102866 0.0243505 0.0161033 0.00565586 -0.00373422 0.0250601 -0.0264875 -0.0267079 0.0105672 0.00316927 0.00482931 0.00880788 0.00338225 -0.0143255 0.0168608 0.00747519 -0.0022628 -0.00801287 -0.00210816 -0.011652 0.00255699 0.00539108 -0.0272213 0.0183454 0.0163841 0.0103784 -0.023363 7.9929e-05 0.00874419 0.0262202 0.0139737 0.00154432 0.00338311 0.000939086 0.0205243 5.01882e-05 -0.00235187 -0.00541997 -0.00781759 0.00259819 -0.0141329 0.00532322 0.0015674 0.00310214 0.0227217 0.00208494 0.00307559 0.0159195 0.0103094 0.00466019
internal_weight=46077 23614 22463 15823 6640 8576 15038 6784 2653 6658 9039 3354 1918 3286 1413 4131 4514 3163 14732 14315 1427 6521 3807 1014 2793 1111 394 906 2518 1242 3272 792 5877 1546 12404 1927 1332 554 1911 1125 644 2769 379 4331 1941 1181 800 2390 1096 630 306 992 345 1515 956 792 811 1294 1150 521 613 720
internal_count=46077 23614 22463 15823 6640 8576 15038 6784 2653 6658 9039 3354 1918 3286 1413 4131 4514 3163 14732 14315 1427 6521 3807 1014 2793 1111 394 906 2518 1242 3272 792 5877 1546 12404 1927 1332 554 1911 1125 644 2769 379 4331 1941 1181 800 2390 1096 630 306 992 345 1515 956 792 811 1294 1150 521 613 720
is_linear=0
shrinkage=0.03


Tree=64
num_leaves=63
num_cat=0
split_feature=7 8 1 8 8 8 6 5 8 10 1 1 1 8 1 11 11 8 11 3 11 1 2 8 2 2 7 6 11 2 8 4 8 3 2 8 3 10 11 2 8 11 2 8 5 10 2 8 5 8 2 3 7 4 1 10 10 6 6 7 1 3
split_gain=7389.68 1948.52 915.683 197.627 345.525 495.013 164.236 151.317 120.805 84.121 81.9568 68.6759 63.256 60.955 55.5888 50.9373 47.5843 43.0419 38.4303 43.8066 36.7191 35.3216 33.2956 32.6947 30.551 29.1568 28.4136 34.4928 27.762 27.431 27.097 26.9835 21.9678 21.5069 21.1556 20.8731 18.7151 17.9602 17.7031 16.923 16.3082 16.1719 15.8579 15.815 15.671 15.1519 20.4033 15.2832 14.9545 14.4741 14.4157 26.4993 14.2443 14.2153 14.1817 14.1811 13.721 13.7016 13.371 15.809 20.8903 17.7659
threshold=1.0000000180025095e-35 -1.0000000180025095e-35 1.635 0.91597561503675362 0.25881904510252091 0.37940952255126054 0.9919160630702849 0.083333333333333315 -0.70710678118654735 -0.5 0.41500000000000004 1.0000000180025095e-35 2.5050000000000003 -0.60355339059327362 1.0000000180025095e-35 0.6830127018922193 0.6830127018922193 -0.91597561503675329 -0.5 0.11666666666666667 -0.5 1.0000000180025095e-35 0.15000000000000005 0.37940952255126054 0.35000000000000003 0.75000000000000011 0.91205306799336661 0.9919160630702849 0.6830127018922193 0.35000000000000003 -0.91597561503675329 0.58333333333333337 0.78656609248549325 0.75000000000000011 0.55000000000000016 0.37940952255126054 0.95000000000000007 0.68301270189221941 0.25000000000000017 0.8500000000000002 0.98296291314453421 1.0000000180025095e-35 0.35000000000000003 1.0000000180025095e-35 0.63333333333333341 0.25000000000000011 0.55000000000000016 -0.70710678118654735 0.15000000000000005 -0.5 1.0000000180025095e-35 0.11666666666666667 1.0007132667617691 0.96250000000000002 0.10500000000000002 -0.93301270189221908 1.0000000180025095e-35 0.78953051963513776 0.46864169028679781 0.24175075764359885 0.17500000000000002 0.95000000000000007
decision_type=10 2 10 2 2 2 2 10 2 2 10 8 10 2 10 2 2 2 2 10 2 10 10 2 10 10 10 2 2 8 2 10 2 10 10 2 10 2 2 10 2 2 10 2 10 2 10 2 8 2 10 10 10 10 10 2 2 2 2 10 10 10
left_child=1 6 10 4 43 29 8 17 25 50 35 13 16 38 20 53 45 -4 24 30 40 28 -14 42 52 -1 27 -21 -11 -6 37 -17 -30 55 -10 58 57 -20 -8 -40 -5 49 -19 48 -26 47 -47 -9 -3 -36 -7 -52 56 -15 -37 -29 -12 -24 -2 61 -61 -60
right_child=2 3 7 14 5 9 11 12 34 21 18 -13 22 15 -16 31 -18 23 19 26 -22 -23 36 -25 44 -27 -28 33 32 -31 -32 -33 -34 -35 41 54 -38 -39 39 -41 -42 -43 -44 -45 -46 46 -48 -49 -50 -51 51 -53 -54 -55 -56 -57 -58 -59 59 60 -62 -63
leaf_value=1.6291050239615433e-05 -1.4906054880881036e-05 -7.6910751694119202e-05 0.0013670715454862314 -7.6910751694119202e-05 0.0046661671088306057 -8.000458308566649e-05 3.9747509972866864e-05 0.00028116420332758571 -7.8722962003449594e-05 -7.6910751694119202e-05 -0.00011031840599235925 -0.00015267329543820678 0.0052706576470441793 -1.1037774903423693e-05 -2.5358036223532803e-05 -8.3594675918864403e-05 0.0029195188825263505 0.0052346035020254195 -8.1334535685690092e-05 0.00030651577501104697 -7.6910751694119202e-05 -2.8364678389142006e-05 0.0011128979001559479 0.0014063951296333658 0.00064402908698865668 -8.5279763334657942e-05 8.7641398499282987e-06 0.00060612537006748068 -7.6910751694119202e-05 0.0012847354758682319 0.0019593829329347299 -7.6877216981746145e-05 -7.6910751694119202e-05 0.00067632914900459082 -8.1465666595259399e-05 -8.8628033712656682e-05 0.00081510173629286526 0.0027816305966980892 1.2645980776260206e-05 -4.3748640489001112e-05 -7.6910751694119202e-05 -7.6910751694119202e-05 0.0040751507902354886 -7.6910751694119202e-05 0.00024021875658961675 0.0033982701726175532 0.0017235283199331485 0.0013855775836287187 -7.6910751694119202e-05 -7.685470395259353e-05 -7.7637736958080948e-05 -7.6910751694119202e-05 -0.00029271418513634459 -8.8521678074672517e-05 3.0421301594367106e-06 0.0022014985637565216 0.00072437492255842111 0.0031191674578707794 0.00086303470549205501 -0.00019371353585245126 0.00029589821588409804 9.5662594690440914e-05
leaf_weight=482 919 754 161 1065 115 346 1763 319 250 4620 203 127 378 1967 163 486 484 1530 126 861 3599 125 95 266 941 1044 428 86 1055 357 460 299 555 965 253 307 100 177 1673 616 539 336 843 1916 1077 223 379 1003 1174 233 397 2113 173 92 666 873 143 1236 510 188 712 738
leaf_count=482 919 754 161 1065 115 346 1763 319 250 4620 203 127 378 1967 163 486 484 1530 126 861 3599 125 95 266 941 1044 428 86 1055 357 460 299 555 965 253 307 100 177 1673 616 539 336 843 1916 1077 223 379 1003 1174 233 397 2113 173 92 666 873 143 1236 510 188 712 738
internal_value=-0.00490572 -0.0143356 0.0103978 -0.0199317 -0.017996 -0.0149721 -0.00334546 0.018796 -0.00978838 -0.0165078 0.00481239 -0.000960991 0.0151991 -0.000556764 -0.0248072 -0.00392267 0.012005 0.0242056 0.00689438 0.00873523 -0.0253478 -0.0184314 0.019442 0.025125 0.00400709 -0.00436149 0.00719664 0.00830223 -0.0187482 0.0149683 0.0151963 -0.0104198 -0.0221601 0.0105351 -0.0175023 0.00145509 0.0173254 0.00819079 0.00180607 6.55022e-05 -0.0215327 -0.0198299 0.0262468 -0.0256073 0.00567608 0.00988052 0.0138308 0.00807256 -0.0236392 -0.0162628 -0.0122226 -0.0114217 -0.00248077 -0.00144175 -0.00237166 0.0137187 0.00103746 0.0182658 0.00266949 0.00396463 0.000932297 0.00614892
internal_weight=46084 28514 17570 18893 13527 9683 9621 7017 2598 9211 10553 7023 4217 6896 5366 2844 2408 2800 6513 3976 5203 6355 1809 2639 2537 1526 3213 2785 6230 472 763 785 1610 1924 1072 4040 1431 303 4052 2289 1604 822 2373 3844 2018 1924 602 1322 1928 486 2856 2510 519 2059 973 959 346 1331 3067 2148 900 1248
internal_count=46084 28514 17570 18893 13527 9683 9621 7017 2598 9211 10553 7023 4217 6896 5366 2844 2408 2800 6513 3976 5203 6355 1809 2639 2537 1526 3213 2785 6230 472 763 785 1610 1924 1072 4040 1431 303 4052 2289 1604 822 2373 3844 2018 1924 602 1322 1928 486 2856 2510 519 2059 973 959 346 1331 3067 2148 900 1248
is_linear=0
shrinkage=0.03


Tree=65
num_leaves=63
num_cat=0
split_feature=0 0 5 0 9 0 6 9 9 9 3 0 9 11 9 9 4 10 1 1 11 9 11 1 3 0 1 10 6 1 1 3 10 5 4 3 2 2 1 11 9 2 6 10 1 11 9 5 3 4 3 9 5 2 3 9 3 9 4 1 11 3
split_gain=9198.36 1098.79 180.318 167.753 235.106 153.863 120.05 91.0519 54.845 54.3988 119.911 51.8324 49.8949 43.8634 42.3131 297.414 41.611 34.0877 30.6602 30.3965 46.1229 28.798 27.2443 23.6003 23.4737 22.2734 27.7986 22.0289 20.8277 20.8041 20.1057 19.7065 17.3822 17.1117 16.0771 16.072 15.8997 15.8635 15.5174 14.9427 14.8651 23.0339 15.8335 14.0975 13.9608 13.336 13.2729 13.1829 23.252 19.6018 13.0863 12.748 12.5156 13.1445 19.1819 12.717 12.502 12.2274 11.8405 11.8211 11.8064 13.0738
threshold=0.025000000000000005 1.6950000000000001 0.15000000000000005 1.0000000180025095e-35 0.37940952255126048 0.33500000000000008 0.9919160630702849 0.98296291314453421 -0.37940952255126015 -0.70710678118654757 0.62500000000000011 2.5550000000000002 0.78656609248549303 1.0000000180025095e-35 0.25881904510252057 0.1294095225512602 0.51666666666666683 1.0000000180025095e-35 1.0000000180025095e-35 2.7550000000000003 1.0000000180025095e-35 -0.12940952255126037 0.6830127018922193 1.0000000180025095e-35 0.62500000000000011 1.1050000000000002 0.18500000000000003 -0.5 0.97587888928342192 0.082500000000000018 0.47500000000000003 0.8500000000000002 0.25000000000000011 0.15000000000000005 0.58333333333333337 0.11666666666666667 0.35000000000000003 0.15000000000000005 2.2816666665000001 0.25000000000000017 -0.12940952255126037 0.25000000000000006 0.97587888928342192 -0.6830127018922193 0.32500000000000007 0.6830127018922193 -0.60355339059327384 0.95000000000000007 0.95000000000000007 0.8583333333333335 0.35000000000000003 0.78656609248549303 0.71666666666666667 1.0000000180025095e-35 0.11666666666666667 -0.12940952255126037 0.11666666666666667 0.78656609248549303 1.0000000180025095e-35 2.9550000000000005 0.25000000000000017 0.8500000000000002
decision_type=10 10 10 10 2 10 2 2 2 2 10 10 2 2 2 2 8 2 10 10 2 2 2 10 10 10 10 2 2 10 10 10 2 10 10 10 10 10 10 2 2 10 2 2 10 2 2 10 10 10 10 2 10 10 10 2 10 2 10 10 2 10
left_child=3 5 8 4 14 29 12 16 19 10 25 13 35 38 15 18 27 40 -1 20 32 23 -18 -5 -15 26 34 57 45 47 36 -30 -3 -9 -7 -6 -19 -13 -4 44 56 -42 -43 -37 50 -12 -32 48 49 -2 -31 -24 53 55 -55 -48 -11 -8 -29 -39 61 -14
right_child=1 2 11 21 6 9 7 33 -10 17 28 37 60 24 -16 -17 22 30 -20 -21 -22 -23 51 -25 -26 -27 -28 58 31 39 46 -33 -34 -35 -36 43 -38 59 -40 -41 41 42 -44 -45 -46 -47 52 -49 -50 -51 -52 -53 -54 54 -56 -57 -58 -59 -60 -61 -62 -63
leaf_value=-7.4603429143295624e-05 -1.4762231087275014e-05 0.0013326869156979526 0.00062973891036019415 -7.691642038269123e-05 -7.4733699297585879e-05 -0.00036323026994661555 -7.7632162822578301e-05 -7.4603429143295624e-05 0.00060492309326804384 0.00048430538074250765 0.0003736452880639551 0.004587729056805722 -7.4603429143295624e-05 0.0033534452638085475 -7.4603429143295624e-05 -3.059114092619837e-05 -7.4603429143295624e-05 -2.1884621227097818e-05 -8.1562282382806621e-05 0.0056589626480391588 0.0042675629647113541 -3.0397156381240284e-05 -7.4603429143295624e-05 -1.3961756646912654e-05 0.0016709221904050119 0.0026746890943439182 0.0021062694378728942 -7.6959488642569759e-05 0.0017510297520870644 -7.805837067143127e-05 0.0011647628035942766 0.0004605578193926979 0.0020838932304664192 -7.4603429143295624e-05 0.00083264166399365819 -7.4603429143295624e-05 0.00028887313242481448 0.0021691015967159159 0.001487419161347031 -5.8704366972801152e-05 -0.00038033203599827613 -0.00034489832325054201 0.00039227424228438252 -7.4603429143295624e-05 0.00058116613729556688 -0.00023491984174705714 0.00067530855949538417 0.00019806530150039633 -7.4642885743063511e-05 0.00021646400169079942 0.00011865667611064327 -7.4603429143295624e-05 0.00013109354884135226 0.0026227954394655085 0.00089944355807368816 -0.0001993577412356129 0.00011448533808250726 -7.4603429143295624e-05 -7.4603429143295624e-05 0.0035715019757919697 -7.4603429143295624e-05 -7.4603429143295624e-05
leaf_weight=2828 1735 381 825 310 94 91 1307 681 145 507 1364 264 671 535 1920 732 2083 430 118 1409 1057 781 608 134 336 768 377 2861 659 127 154 1130 461 727 115 467 827 628 510 794 148 87 244 1379 400 250 194 161 1102 287 837 619 212 129 761 160 1597 1333 1898 405 815 1147
leaf_count=2828 1735 381 825 310 94 91 1307 681 145 507 1364 264 671 535 1920 732 2083 430 118 1409 1057 781 608 134 336 768 377 2861 659 127 154 1130 461 727 115 467 827 628 510 794 148 87 244 1379 400 250 194 161 1102 287 837 619 212 129 761 160 1597 1333 1898 405 815 1147
internal_value=-0.00480083 0.00886436 0.018784 -0.017937 -0.0185311 0.0044536 -0.0167444 -0.0151782 0.0236508 0.00662616 0.00897161 0.0139812 -0.0208898 0.0111735 -0.0238543 -0.0219516 -0.0142325 0.00457898 -0.0262029 0.0244424 0.0219316 -0.00712072 -0.0170341 -0.0132135 0.0164106 0.0165311 0.0120719 -0.012977 0.00596651 0.000380235 0.00683054 0.00819553 0.0166548 -0.0223563 0.00318841 -0.0172179 0.00398251 0.0187442 0.00774701 0.0026679 0.00207817 -0.0026875 0.00171687 -0.0178343 0.00457143 0.00349226 0.00905028 -0.00112295 -0.0015552 0.000355907 0.0026114 -0.0205945 0.00815374 0.0093012 0.0112458 0.00439437 0.0031639 -0.0107686 -0.0141996 0.0170309 -0.0235877 -0.022199
internal_weight=46116 22603 6956 23513 22288 15647 16690 12117 3453 10204 4754 3503 4573 2206 5598 3678 10709 5450 2946 3308 1899 1225 3310 444 871 1351 583 7399 3403 5443 2867 1789 842 1408 206 1940 1257 1297 1335 2158 2583 479 331 1846 1364 1614 1610 3285 3124 2022 964 1227 1456 1244 890 354 2104 2640 4759 1033 2633 1818
internal_count=46116 22603 6956 23513 22288 15647 16690 12117 3453 10204 4754 3503 4573 2206 5598 3678 10709 5450 2946 3308 1899 1225 3310 444 871 1351 583 7399 3403 5443 2867 1789 842 1408 206 1940 1257 1297 1335 2158 2583 479 331 1846 1364 1614 1610 3285 3124 2022 964 1227 1456 1244 890 354 2104 2640 4759 1033 2633 1818
is_linear=0
shrinkage=0.03


Tree=66
num_leaves=63
num_cat=0
split_feature=0 0 0 9 5 9 0 5 9 9 2 9 3 10 0 5 9 9 9 1 10 0 2 3 11 1 2 0 1 10 9 11 1 0 10 2 0 7 4 11 9 7 11 3 9 10 1 9 1 4 5 7 10 2 4 10 5 1 0 10 10 11
split_gain=8770.05 1110.09 193.076 191.646 169.66 147.056 96.6301 76.5157 59.1658 52.6106 58.7809 51.5923 75.5402 48.5188 48.146 44.8765 43.5082 307.756 36.2554 34.6051 31.9876 27.7199 27.766 26.2677 22.6873 45.2692 22.2027 19.609 18.9977 22.8245 18.285 17.8305 17.4677 17.4594 16.4837 14.6311 13.9433 14.5962 13.6144 12.7341 11.9983 10.9906 10.9811 10.7948 10.7508 10.7318 11.3145 10.5646 19.4973 21.4589 13.8126 10.5917 10.5232 10.3257 10.2863 10.2642 11.8531 10.2574 11.0639 10.2566 10.253 10.2177
threshold=0.015000000000000001 1.7050000000000003 0.49500000000000005 0.37940952255126048 0.15000000000000005 0.91597561503675351 1.0000000180025095e-35 0.55000000000000016 -0.37940952255126015 -0.70710678118654757 0.35000000000000003 -0.5 0.75000000000000011 0.25000000000000011 0.115 0.15000000000000005 0.25881904510252057 0.1294095225512602 -0.70710678118654757 1.0000000180025095e-35 0.25000000000000011 1.0000000180025095e-35 0.55000000000000016 0.25000000000000006 0.25000000000000017 2.9050000000000007 1.0000000180025095e-35 2.4550000000000005 0.54500000000000015 1.0000000180025095e-35 0.98296291314453421 0.6830127018922193 0.22400000000000003 2.4850000000000008 -0.6830127018922193 0.55000000000000016 1.1050000000000002 0.18333970658185586 0.083333333333333315 0.25000000000000017 0.78656609248549303 0.89601980198019826 0.93301270189221952 0.45000000000000007 0.98296291314453421 0.25000000000000011 3.0750000000000006 -0.12940952255126037 0.015000000000000001 0.78333333333333355 0.22500000000000003 0.04259855736514994 0.25000000000000011 0.25000000000000006 0.083333333333333315 1.0000000180025095e-35 0.083333333333333315 1.0450000000000002 1.1250000000000002 -0.93301270189221908 -0.24999999999999994 -0.5
decision_type=10 10 10 2 10 2 10 8 2 2 10 2 10 2 10 8 2 2 2 10 2 10 10 10 2 10 10 10 10 2 2 2 10 10 2 8 10 10 10 2 2 10 2 10 2 2 10 2 10 10 10 10 2 10 10 2 10 10 10 2 2 2
left_child=3 2 14 6 8 7 16 21 20 10 45 12 18 26 47 31 17 19 23 -1 24 22 39 36 25 -3 -13 -22 38 41 35 44 -16 43 -9 53 37 -4 -20 -5 59 -30 -36 -12 -7 46 -6 48 49 -2 -49 -50 -11 -17 -42 -14 -57 -28 -59 -24 -41 -53
right_child=1 4 11 5 9 15 -8 34 -10 52 33 13 55 -15 32 30 -18 -19 28 -21 27 -23 40 -25 -26 -27 57 -29 29 -31 -32 -33 -34 -35 42 -37 -38 -39 -40 60 54 -43 -44 -45 -46 -47 -48 50 51 -51 -52 61 -54 -55 -56 56 -58 58 -60 -61 -62 -63
leaf_value=-7.2365326268996767e-05 -7.6513839454472464e-05 0.0012733792494595147 0.00050937103368471268 -7.4654656894595529e-05 0.0024395451070431599 -7.2365326268996767e-05 -7.1162220245937909e-05 -7.2365326268996767e-05 0.00056921360971110165 0.00016082822981250189 0.0026749313908716083 -0.00035934654931850884 0.00032790555402923511 0.00067477189788094744 1.9334824345295704e-05 -7.2365326268996767e-05 -7.2365326268996767e-05 -2.6516497890615538e-05 -1.8503346894823412e-05 -7.6622600932602574e-05 0.0030199616202509763 3.754868214338184e-05 -7.2361803734456275e-05 0.0018496826914820652 0.0041150427216852499 0.0041292853210002064 -3.0344690516811295e-05 0.0058063754946670416 0.0014593106200017475 0.0017609330140594089 -7.2365326268996767e-05 -7.2365326268996767e-05 0.00024216738955596138 0.002270134815077571 -7.2365326268996767e-05 -7.2365326268996767e-05 0.0025209267750703223 0.0023219258226560018 0.00058890780395331988 -7.235849255198821e-05 -7.5342005432286305e-05 0.00019046684212784519 -7.2365326268996767e-05 0.0012901662435309557 -7.2365326268996767e-05 0.0051236022867415373 0.0043585167429445832 3.8211810979885579e-05 0.0001098523516395414 -1.2544719814809348e-05 -5.8048720590269709e-05 5.6443123495981197e-05 0.0018198313871524117 -7.2365326268996767e-05 -7.2365326268996767e-05 0.0014721827283785468 0.00050168605093086293 0.0012181286318820616 0.00012043674573489427 -7.2564078604233818e-05 -7.4654656894595529e-05 -8.4768847711266511e-05
leaf_weight=2799 500 437 82 2283 565 1320 556 811 153 308 185 201 1504 945 3004 145 1931 726 272 119 704 85 152 1061 530 350 829 1184 198 238 1169 569 2352 837 3062 1717 402 113 242 815 155 200 325 971 602 274 131 602 119 291 772 93 111 248 912 118 1613 115 173 1659 830 278
leaf_count=2799 500 437 82 2283 565 1320 556 811 153 308 185 201 1504 945 3004 145 1931 726 272 119 704 85 152 1061 530 350 829 1184 198 238 1169 569 2352 837 3062 1717 402 113 242 815 155 200 325 971 602 274 131 602 119 291 772 93 111 248 912 118 1613 115 173 1659 830 278
internal_value=-0.00496113 0.00811215 0.00388099 -0.0180723 0.0183534 -0.0164181 -0.0226174 -0.014394 0.0231319 0.0136033 0.0150101 0.00708559 0.00853243 0.00321996 0.000557913 -0.020305 -0.0238074 -0.0218601 0.0121324 -0.0262076 0.0240019 -0.0124449 -0.0126576 0.0149729 0.0203718 0.0170939 -0.000500379 0.026522 0.0080278 0.0114914 -0.0226189 -0.0172512 0.00219526 0.0120512 -0.0175899 -0.020919 0.0200167 0.0133163 0.00372816 -0.0110104 -0.014901 0.00706767 -0.0185153 0.00964564 -0.0158502 0.0210711 0.0190244 -0.00274473 -0.00470359 -0.00761364 -0.000916364 0 0.00364286 -0.0156091 -0.0174438 0.00540482 0.00698037 0.00115385 0.00602076 -0.013394 -0.00898542 -0.0025
internal_weight=46047 23057 16317 22990 6740 16859 6131 11089 3358 3382 2963 8306 6043 2263 8011 5770 5575 3644 2808 2918 3205 6891 6806 1658 1317 787 1318 1888 1150 636 3279 2491 5356 1993 4198 2110 597 195 514 3928 2878 398 3387 1156 1922 970 696 2655 1281 791 1374 490 419 393 1067 3235 1731 1117 288 1811 1645 371
internal_count=46047 23057 16317 22990 6740 16859 6131 11089 3358 3382 2963 8306 6043 2263 8011 5770 5575 3644 2808 2918 3205 6891 6806 1658 1317 787 1318 1888 1150 636 3279 2491 5356 1993 4198 2110 597 195 514 3928 2878 398 3387 1156 1922 970 696 2655 1281 791 1374 490 419 393 1067 3235 1731 1117 288 1811 1645 371
is_linear=0
shrinkage=0.03


Tree=67
num_leaves=63
num_cat=0
split_feature=0 8 1 0 6 5 1 9 3 9 8 9 1 4 8 1 8 10 9 10 7 6 0 8 5 8 0 8 10 9 5 8 3 3 10 0 6 4 9 3 7 4 5 1 7 0 4 1 10 10 5 3 1 1 7 5 9 8 10 3 4 10
split_gain=8663.86 3143.08 1006.94 199.882 186.389 138.28 135.806 88.3942 75.9392 98.9196 53.5041 50.3525 47.4644 45.2507 43.345 35.5936 27.0591 26.4722 26.2482 27.5225 25.6751 24.6498 21.9781 23.8473 21.9845 21.9523 20.491 19.5945 19.5646 21.7336 17.5897 17.2869 17.1106 16.7446 16.5871 15.84 15.7018 14.9543 14.5782 13.0406 15.2213 12.8936 12.7123 12.4196 12.3904 11.992 11.2196 11.0052 10.8664 14.8013 10.7203 10.7064 16.3792 10.6551 10.5915 10.5738 10.3976 10.1753 9.95123 9.89373 9.76202 9.52777
threshold=0.025000000000000005 -1.0000000180025095e-35 1.8350000000000002 0.87500000000000011 0.96010100249940655 0.15000000000000005 1.0000000180025095e-35 0.91597561503675351 0.45000000000000007 -0.70710678118654757 -0.91597561503675329 0.78656609248549303 0.32500000000000007 0.51666666666666683 0.37940952255126054 2.9550000000000005 -0.91597561503675329 -0.24999999999999994 -0.9159756150367534 0.68301270189221941 0.82682435789051689 0.97587888928342192 1.0000000180025095e-35 1.0000000180025095e-35 0.15000000000000005 0.91597561503675362 1.1250000000000002 0.78656609248549325 -0.24999999999999994 -0.60355339059327384 0.15000000000000005 -0.70710678118654735 0.95000000000000007 0.57500000000000007 -0.6830127018922193 0.15500000000000003 0.88495649876721172 0.083333333333333315 0.1294095225512602 0.75000000000000011 0.54400185157398517 0.2166666666666667 0.95000000000000007 1.2850000000000004 0.90630163053010859 3.1350000000000002 0.78333333333333355 0.64500000000000013 1.0000000180025095e-35 -0.6830127018922193 0.083333333333333315 0.62500000000000011 0.025000000000000005 0.24500000000000002 0.79675286078534435 0.82500000000000007 -0.9159756150367534 0.37940952255126054 -0.5 0.75000000000000011 0.29285714285714293 -0.5
decision_type=10 2 10 10 2 10 10 2 10 2 2 2 10 8 2 10 2 2 2 2 10 2 10 2 8 2 10 2 2 2 10 2 10 10 2 10 2 10 2 10 10 8 10 10 10 10 10 10 2 2 10 10 10 10 10 10 2 2 2 10 10 2
left_child=1 4 3 12 7 10 22 31 9 26 -4 16 25 61 17 18 38 37 33 -20 21 -14 23 24 -3 35 -5 -11 29 32 -8 50 53 -7 -25 36 -2 58 -6 40 -23 -18 54 -30 -19 -17 59 -22 49 -15 -1 -27 -53 -10 56 -50 -37 -55 -12 -33 -21 -13
right_child=2 6 5 8 11 15 30 -9 28 27 14 13 20 48 -16 45 41 44 19 60 47 39 -24 34 -26 51 -28 -29 43 -31 -32 46 -34 -35 -36 42 -38 -39 -40 -41 -42 -43 -44 -45 -46 -47 -48 -49 55 -51 -52 52 -54 57 -56 -57 -58 -59 -60 -61 -62 -63
leaf_value=2.8863134687225655e-05 -6.0372717050174808e-05 -7.0194366480926863e-05 0.00019761995097744065 0.0011834928570269264 7.4935932445767531e-05 0.0029002023275073417 8.3250467551134518e-06 -7.0195403636979649e-05 0.0018596189468102796 0.00079926430571820189 0.0039721368181027611 1.0705741454205104e-05 0.00016579327246444092 -7.0098578508583166e-05 0.0012817178544680407 0.0032635500164026614 3.8963043802976647e-05 0.0034005101181255244 0.00092465238213237336 0.0041990875415461029 -9.1486749545012508e-05 0.0021110477429317049 -7.2474061163832352e-05 -7.0194366480926863e-05 -7.0194366480926863e-05 -7.1361830725212859e-05 0.0027338246639913031 -0.00020014239985486569 0.00059246634559813685 -0.00014486132397587004 -7.4323922904624508e-05 -2.2743172243754499e-05 8.8667794786523443e-05 0.0021157328831279288 -7.0194366480926863e-05 0.00025252192677140134 1.6112287804320758e-05 0.0022001368136688616 -2.8877911761693992e-05 0.0004059812172825951 0.0012725072245394584 7.4800008662506336e-06 0.00048035818124003731 0.0015240043296715366 0.0052912769978291788 0.0047481136390996204 -7.2580813996003658e-05 0.00018747208033636915 -7.0161837809924987e-05 -7.1463549064301014e-05 -6.6603477699042269e-05 -5.9256552959025231e-05 7.5258615751150579e-05 0.0011727741827496085 0.00040377373778666576 2.8973081326441606e-06 4.7494947018760296e-05 -9.7303144924082432e-05 0.0022931415462171243 -7.5102673364807449e-05 0.0018390559374172721 -3.9484553973883649e-05
leaf_weight=125 790 763 109 146 174 412 112 473 213 1141 410 670 1181 97 253 498 1451 460 1030 115 521 244 412 2819 1179 337 902 113 1278 473 197 126 392 691 9495 464 1411 249 684 918 378 1258 183 631 1504 235 185 436 409 254 1049 300 163 444 80 121 3126 136 107 168 93 1327
leaf_count=125 790 763 109 146 174 412 112 473 213 1141 410 670 1181 97 253 498 1451 460 1030 115 521 244 412 2819 1179 337 902 113 1278 473 197 126 392 691 9495 464 1411 249 684 918 378 1258 183 631 1504 235 185 436 409 254 1049 300 163 444 80 121 3126 136 107 168 93 1327
internal_value=-0.00497593 -0.0177052 0.00830689 0.0044208 -0.00321629 0.0186412 -0.0259961 -0.0109168 0.0088569 0.0131046 0.0231232 -0.000674837 0.00194816 -0.00362626 0.0238773 0.0141268 0.00170684 0.0249799 0.01231 0.00929782 0.00469693 0.00618295 -0.0264108 -0.0266101 -0.0234689 0.000472648 0.0199047 0.00741036 0.00611267 0.00372514 -0.00629032 -0.00763603 0.00589376 0.0156793 -0.0271035 0.00109001 -0.000940054 0.0201825 -0.00293364 0.00868267 0.0120385 0.00317712 0.00224961 0.00818325 0.0268397 0.0199046 -0.0124375 0.000469729 -0.00928571 -0.0133807 -0.00566809 -0.00419476 -0.00122845 0.00842569 0.00186325 -0.00655367 0.00162072 0.00629948 0.0231081 -0.00874576 0.0192344 -0.00112613
internal_weight=46115 23548 22567 16401 8571 6166 14977 2126 5869 2302 3092 6445 10532 2878 2983 3074 3567 2730 2341 1238 3678 2721 14668 14256 1942 6854 1048 1254 3567 1658 309 1653 1185 1103 12314 6054 2201 766 858 1540 622 2709 3853 1909 1964 733 479 957 881 351 1174 800 463 793 3670 530 3590 580 517 294 208 1997
internal_count=46115 23548 22567 16401 8571 6166 14977 2126 5869 2302 3092 6445 10532 2878 2983 3074 3567 2730 2341 1238 3678 2721 14668 14256 1942 6854 1048 1254 3567 1658 309 1653 1185 1103 12314 6054 2201 766 858 1540 622 2709 3853 1909 1964 733 479 957 881 351 1174 800 463 793 3670 530 3590 580 517 294 208 1997
is_linear=0
shrinkage=0.03


Tree=68
num_leaves=63
num_cat=0
split_feature=0 8 0 6 0 5 8 1 1 1 11 11 11 8 5 8 11 8 6 0 11 8 1 6 0 0 9 2 0 8 1 7 8 10 0 9 7 10 6 10 8 10 5 0 5 10 9 1 8 11 8 6 10 1 10 10 11 10 8 1 5 10
split_gain=8595.98 3156.1 1120.75 183.405 170.81 163.713 107.058 77.0198 63.9809 56.9724 61.1577 54.4892 50.7268 59.3494 47.7027 42.1653 28.7382 34.4219 27.9062 24.5177 36.8883 24.2785 23.4879 22.9488 21.8378 18.726 18.35 18.3459 17.2872 28.1377 25.8759 22.9036 17.2479 16.9463 16.9767 16.3639 19.7001 28.6067 15.6661 15.5987 14.6262 14.4753 14.4314 14.1674 14.1201 13.8106 13.3658 21.6718 12.6614 19.6828 13.7333 18.0155 12.5849 12.2374 17.0702 16.8984 12.1789 11.841 11.4703 11.3869 11.38 11.0388
threshold=0.015000000000000001 -1.0000000180025095e-35 1.7250000000000003 0.9919160630702849 0.66500000000000015 0.083333333333333315 -0.37940952255126059 1.0000000180025095e-35 0.23500000000000001 2.6150000000000007 1.0000000180025095e-35 0.25000000000000017 0.6830127018922193 -0.37940952255126059 0.22500000000000003 -0.91597561503675329 -0.5 -0.70710678118654735 0.9919160630702849 2.7150000000000003 1.0000000180025095e-35 0.78656609248549325 1.1650000000000003 0.9919160630702849 1.1250000000000002 2.5950000000000002 0.78656609248549303 0.55000000000000016 0.065000000000000016 0.60355339059327384 1.0000000180025095e-35 0.019447123111539701 1.0000000180025095e-35 0.25000000000000011 3.0750000000000006 -0.12940952255126037 0.87984595903373053 -0.5 0.43196237513855623 0.25000000000000011 -0.91597561503675329 -0.24999999999999994 0.15000000000000005 1.0000000180025095e-35 0.083333333333333315 -0.6830127018922193 0.1294095225512602 1.0000000180025095e-35 0.37940952255126054 -0.5 0.91597561503675362 0.85657209643812438 0.68301270189221941 0.025000000000000005 0.25000000000000011 -0.24999999999999994 0.6830127018922193 1.0000000180025095e-35 -0.78656609248549303 1.7350000000000001 0.15000000000000005 -0.24999999999999994
decision_type=10 2 10 2 10 10 2 10 10 10 2 2 2 2 10 2 2 2 2 10 2 2 10 2 10 10 2 10 10 2 10 10 2 2 10 2 10 2 2 2 2 2 8 10 10 2 2 10 2 2 2 2 2 10 2 2 2 2 2 10 10 2
left_child=1 3 4 6 8 15 16 32 28 10 25 21 26 41 24 -4 38 44 -16 20 39 35 -10 -12 53 -7 40 -15 29 60 -31 -32 42 34 -11 36 -6 59 -1 -17 -5 -14 -3 45 -18 -34 48 -48 -30 50 51 -50 -37 55 -55 -13 -19 -21 -43 -38 -2 -51
right_child=2 7 5 12 11 9 -8 -9 22 33 23 14 13 27 18 19 17 56 -20 57 -22 -23 -24 -25 -26 -27 -28 -29 46 30 31 -33 43 -35 -36 52 37 -39 -40 -41 -42 58 -44 -45 -46 -47 47 -49 49 61 -52 -53 -54 54 -56 -57 -58 -59 -60 -61 -62 -63
leaf_value=-7.1328186214537285e-05 0.00015405071611009259 -6.8088535486499058e-05 0.00056377039364934544 -2.2940924823382413e-05 0.00048176223477653084 0.00078293021985158251 -6.8089541527870267e-05 -6.1122835535652481e-05 0.00020469151512985602 0.0020050755136294383 0.00040158960649400968 0.00083569108841521987 1.5620487671358739e-05 -8.1729159017641058e-05 -0.00016106759442469808 0.0013287559327535303 3.7859368561509679e-05 -7.5274524672539923e-05 0.0011953220759889657 0.0029624361607188902 0.0041038542140566401 -0.00010138255477506685 0.0016466840204463981 0.0029798066171415416 0.0021927350748124825 0.0017505669338856776 -1.0613588800014363e-05 -6.8056982675627231e-05 0.00012931138808858697 -7.7913363815216205e-05 3.2039196971728969e-05 -8.2512896545313506e-05 -6.8088535486499058e-05 0.005223489429464297 0.0036262615036853859 -7.6031264056494461e-05 -0.00038676939506831457 0.0014909654080948978 3.6505810231785659e-05 0.0021102824002833219 3.0299076138428081e-05 -5.1272342146454345e-06 -6.8088535486499058e-05 -6.8453659993265365e-05 -8.6241137922325351e-05 -6.8088535486499058e-05 0.00011776359036572002 -0.00013077608054081757 3.8935877770947066e-05 1.5659491830012318e-05 -1.4420581428101468e-05 0.00050330749241229316 0.0017528145043267018 0.0012330818521639104 0.0018970755192277639 -0.00037407145269516024 -7.1394175436450524e-05 0.0057233578940470839 -7.2408989190329395e-05 0.0015962906176667348 -4.3411274279854771e-05 -7.0545541918557957e-05
leaf_weight=299 327 742 111 254 2710 1160 534 229 3132 671 100 92 471 173 317 276 113 226 1098 178 781 341 300 943 691 394 2042 195 1565 460 103 132 2812 421 311 415 80 376 275 420 1790 601 1157 246 748 9561 227 279 234 536 422 240 113 232 177 88 87 995 525 86 639 968
leaf_count=299 327 742 111 254 2710 1160 534 229 3132 671 100 92 471 173 317 276 113 226 1098 178 781 341 300 943 691 394 2042 195 1565 460 103 132 2812 421 311 415 80 376 275 420 1790 601 1157 246 748 9561 227 279 234 536 422 240 113 232 177 88 87 995 525 86 639 968
internal_value=-0.00501904 -0.0179732 0.00790122 -0.00321454 0.00365912 0.0181766 -0.0104599 -0.026312 0.00107266 0.0142914 0.0116513 0.00728766 -0.000480833 -0.00444049 0.0106046 0.023798 -0.00686106 -0.00954894 0.00680085 0.0245568 0.0219418 0.00511645 0.00435188 0.0172701 0.0148009 0.00787138 0.00142403 -0.0152846 -0.000763085 -0.00337545 -0.00797414 0.000127119 -0.0265845 0.0191667 0.0169685 0.00580799 0.00660314 0.0118232 -0.00135652 0.0168723 0.00343276 -0.00193367 -0.0238579 -0.0269929 -0.00643852 -0.0271367 0.000207961 -0.0043787 0.000794251 -0.000574761 0.00294314 0.00644211 0.000907372 0.0105254 0.0133902 0.0039779 -0.0180573 0.0278279 -0.00377995 0.00143713 -6.20476e-05 -0.0026711
internal_weight=46221 23080 23141 8333 16380 6761 2282 14747 9564 4000 2597 6816 6051 1965 2695 2761 1748 1174 1415 2650 1477 4121 3432 1043 1280 1554 4086 368 6132 1661 695 235 14518 1403 982 3780 3252 542 574 696 2044 1597 1899 12619 861 12373 4471 506 3965 2400 896 474 528 589 409 180 313 1173 1126 166 966 1504
internal_count=46221 23080 23141 8333 16380 6761 2282 14747 9564 4000 2597 6816 6051 1965 2695 2761 1748 1174 1415 2650 1477 4121 3432 1043 1280 1554 4086 368 6132 1661 695 235 14518 1403 982 3780 3252 542 574 696 2044 1597 1899 12619 861 12373 4471 506 3965 2400 896 474 528 589 409 180 313 1173 1126 166 966 1504
is_linear=0
shrinkage=0.03


Tree=69
num_leaves=63
num_cat=0
split_feature=0 1 0 9 9 3 1 9 3 6 6 9 9 1 9 11 0 10 9 0 0 0 10 10 1 11 3 9 0 3 1 11 10 4 11 3 11 2 1 2 7 0 3 10 4 6 10 0 1 10 0 11 4 3 4 3 11 1 3 10 0 9
split_gain=8359.48 1036.6 182.722 182.495 131.444 128.827 94.7296 76.1865 121.395 63.8314 60.1428 53.2385 330.182 49.3576 49.1381 40.795 40.1585 36.9931 34.6724 30.6259 29.7395 29.324 25.4029 25.1829 30.4204 23.2994 22.8514 21.8883 21.6706 21.5677 21.2808 20.5257 20.1649 20.074 28.9683 18.7628 16.3529 14.7702 14.5194 14.0872 13.9559 13.6461 12.9456 12.7319 12.7196 10.9859 10.6478 10.0173 13.6838 9.62754 9.09432 8.73289 8.68719 8.59405 8.35089 27.9733 13.8515 16.6318 14.775 17.3615 13.4777 12.0157
threshold=0.015000000000000001 1.8350000000000002 0.47500000000000003 0.37940952255126048 0.91597561503675351 0.45000000000000007 1.0000000180025095e-35 -0.70710678118654757 0.75000000000000011 0.96010100249940655 0.9919160630702849 0.25881904510252057 0.1294095225512602 2.5650000000000004 -0.70710678118654757 0.6830127018922193 1.0000000180025095e-35 -0.24999999999999994 0.98296291314453421 1.0000000180025095e-35 0.15500000000000003 1.1050000000000002 0.68301270189221941 0.25000000000000011 0.45250000000000007 0.25000000000000017 0.35000000000000003 -0.5 2.4750000000000005 0.95000000000000007 2.9350000000000005 1.0000000180025095e-35 -0.6830127018922193 0.48333333333333339 0.6830127018922193 0.25000000000000006 1.0000000180025095e-35 0.55000000000000016 0.015000000000000001 0.25000000000000006 0.9973800264740782 1.3050000000000004 0.57500000000000007 0.25000000000000011 0.58333333333333337 0.9919160630702849 0.68301270189221941 0.75500000000000012 0.21500000000000002 -0.24999999999999994 2.3250000000000006 0.93301270189221952 0.58333333333333337 0.083333333333333315 0.8583333333333335 0.95000000000000007 0.25000000000000017 0.37500000000000006 0.35000000000000003 0.25000000000000011 0.42500000000000004 -0.5
decision_type=10 10 10 2 2 10 10 2 10 2 2 2 2 10 2 2 10 2 2 10 10 10 2 2 10 2 10 2 10 10 10 2 2 8 2 10 2 10 10 10 10 10 10 2 10 2 2 10 10 2 10 2 10 10 10 10 2 10 10 2 10 2
left_child=3 2 20 6 9 14 11 8 21 26 -6 12 16 45 17 18 -1 25 -12 33 -2 44 40 27 -25 30 -5 41 36 43 -3 -26 -28 -11 -35 -23 -19 -17 -8 -29 -16 -9 -33 -15 -4 -7 -10 48 -41 -47 -51 -14 -38 -42 56 -56 57 58 59 -22 -59 -58
right_child=1 5 7 4 10 13 38 23 46 19 15 -13 51 29 22 37 -18 28 -20 -21 54 35 -24 24 31 -27 32 39 -30 -31 -32 42 -34 34 -36 -37 52 -39 -40 47 53 -43 -44 -45 -46 49 -48 -49 -50 50 -52 -53 -54 -55 55 -57 61 60 -60 -61 -62 -63
leaf_value=-6.6045879421904095e-05 -2.7173013822883832e-05 0.0013935212810839213 0.00022949226055675342 -6.5972494032220892e-05 -6.6045879421904095e-05 0.00060799486504337227 -7.0170320886447921e-05 0.00053796615126901887 0.00039171630831308769 -6.8266530128734896e-05 -6.6045879421904095e-05 -6.6045879421904095e-05 -1.4932278522900629e-05 0.0025847457152764338 0.0014185510310502109 -6.6045879421904095e-05 -6.6400050193467412e-05 0.0011201831290245112 -6.6045879421904095e-05 4.3902439465229622e-05 -0.0001767586911697317 0.0025016711325053383 0.0027608732620009761 4.2730104229763559e-05 0.00047452817717926084 0.0037338493533538974 -6.6045879421904095e-05 -0.00022743523147344041 0.0053782398274374631 0.00084246440947082001 0.0031127868055644378 0.0021358032020358363 -6.6045879421904095e-05 -6.6045879421904095e-05 -6.6045879421904095e-05 0.0020104700957387961 0.0039037548574988212 -6.6045879421904095e-05 1.0818816716148662e-05 -0.00013099226982861547 0.00040257466224339093 6.5424932086431681e-05 0.00074574931289317511 0.0045759860838624098 0.0018021123385565186 0.0010313060328054069 0.00064800062251177068 -0.00011212039525311301 0.00050551318252855301 0.0016185043860161817 0.0024715584167708431 -5.5562428531922053e-05 0.0031590215214265627 -0.00028125257772045276 0.00067046987328856801 3.8229022099598995e-05 -0.00012832464139716227 0.00059104695089013596 0.00010453732204895123 4.5501167126242096e-05 -4.4876941334129337e-06 0.0001036771225676648
leaf_weight=2818 3340 329 179 258 1611 340 155 824 2114 5288 2049 1882 660 741 165 461 328 124 1025 87 131 634 148 576 657 495 639 468 1187 97 312 368 1832 1947 1141 747 381 657 130 115 82 458 214 403 391 517 681 516 296 491 158 150 103 90 449 819 652 312 1110 184 135 577
leaf_count=2818 3340 329 179 258 1611 340 155 824 2114 5288 2049 1882 660 741 165 461 328 124 1025 87 131 634 148 576 657 495 639 468 1187 97 312 368 1832 1947 1141 747 381 657 130 115 82 458 214 403 391 517 681 516 296 491 158 150 103 90 449 819 652 312 1110 184 135 577
internal_value=-0.00527202 0.00748734 0.0036553 -0.0180267 -0.0164245 0.0180224 -0.0224706 0.0065007 0.00915104 -0.0145216 -0.0200913 -0.0232951 -0.021304 0.0131769 0.021914 -0.0181875 -0.0257007 0.0233799 -0.0163902 -0.0132313 0.000245136 0.0148924 0.0130247 0.00369909 0.00642621 0.0191029 -0.0185165 0.00184839 0.0260746 0.0176087 0.0152804 0.00907258 -0.0194053 -0.0134153 -0.0153448 0.0172576 0.0213793 -0.0231099 -0.00555944 -0.000752149 0.00843195 0.00467654 0.0131732 0.0187598 0.00914186 0.00951559 0.00513948 0.00139009 0.00487864 0.0108997 0.0133385 -0.00421702 0.0238763 0.00242775 0.00187414 0.00392435 0.00103482 0.00265884 0.00107293 -0.0046519 0.00770089 -0.00143902
internal_weight=46228 23110 16947 23118 16995 6163 6123 9238 4746 11192 5803 5838 3956 2747 3416 4192 3146 2931 3074 8463 7709 1951 485 4492 1815 1136 2729 2677 1795 1241 641 1239 2471 8376 3088 1381 608 1118 285 1395 337 1282 582 1144 570 1506 2795 927 411 1166 649 810 484 172 4369 1268 3101 1872 1425 315 447 1229
internal_count=46228 23110 16947 23118 16995 6163 6123 9238 4746 11192 5803 5838 3956 2747 3416 4192 3146 2931 3074 8463 7709 1951 485 4492 1815 1136 2729 2677 1795 1241 641 1239 2471 8376 3088 1381 608 1118 285 1395 337 1282 582 1144 570 1506 2795 927 411 1166 649 810 484 172 4369 1268 3101 1872 1425 315 447 1229
is_linear=0
shrinkage=0.03


Tree=70
num_leaves=63
num_cat=0
split_feature=0 8 0 5 6 0 0 8 8 8 8 11 3 11 2 8 0 0 8 8 8 11 8 4 11 5 0 11 6 8 3 3 2 0 0 5 10 4 2 8 7 10 5 4 3 2 4 6 0 2 8 8 10 7 5 8 11 8 8 5 2 10
split_gain=8164.18 3208.47 982.594 174.135 165.029 123.531 112.838 104.593 69.5573 55.062 53.6472 50.5648 61.8396 47.3293 44.3333 40.2851 35.5472 35.411 25.4628 24.2121 24.0226 23.9893 22.7642 22.4425 21.3045 20.1716 19.6741 37.6963 19.5055 19.2937 22.0226 17.7395 16.8078 15.8298 15.4611 15.2123 14.9733 14.4478 14.2532 14.1005 20.051 12.9453 12.9165 12.712 16.1731 12.6393 12.4976 12.1932 12.0012 11.9433 11.9323 11.5468 11.2894 13.7138 11.1087 10.63 10.9663 10.3324 10.2735 19.2187 10.1684 14.1524
threshold=0.025000000000000005 -1.0000000180025095e-35 1.7250000000000003 0.15000000000000005 0.96010100249940655 0.66500000000000015 1.0000000180025095e-35 -0.60355339059327362 -0.91597561503675329 -0.37940952255126059 -0.70710678118654735 0.25000000000000017 0.57500000000000007 0.6830127018922193 0.35000000000000003 0.37940952255126054 1.1050000000000002 0.14500000000000005 0.37940952255126054 -0.37940952255126059 0.12940952255126045 1.0000000180025095e-35 0.78656609248549325 1.0000000180025095e-35 0.93301270189221952 0.15000000000000005 2.8250000000000006 1.0000000180025095e-35 0.97587888928342192 -0.98296291314453399 0.95000000000000007 0.95000000000000007 0.55000000000000016 1.175 2.5050000000000003 0.55000000000000016 -0.6830127018922193 0.48333333333333339 0.15000000000000005 0.37940952255126054 0.89601980198019826 1.0000000180025095e-35 1.0000000180025095e-35 0.64166666666666683 0.35000000000000003 0.55000000000000016 0.58333333333333337 0.9919160630702849 0.74500000000000011 0.8500000000000002 0.25881904510252091 -0.5 1.0000000180025095e-35 0.77709910850833686 0.55000000000000016 -0.60355339059327362 0.25000000000000017 0.37940952255126054 0.25881904510252091 0.083333333333333315 1.0000000180025095e-35 -0.6830127018922193
decision_type=10 2 10 10 2 10 10 2 2 2 2 2 10 2 10 2 10 10 2 2 2 2 2 8 2 8 10 2 2 2 10 10 10 10 10 10 2 10 10 2 10 2 8 10 10 10 10 2 10 8 2 2 2 10 10 2 2 2 2 10 10 2
left_child=1 4 5 8 7 17 20 32 -4 23 -5 22 16 49 18 26 39 50 51 21 25 35 29 60 55 -3 27 52 -14 33 46 34 -1 54 47 -9 -22 -15 -17 40 -13 -28 -38 -19 -45 -24 58 -16 -32 -11 -2 -12 -10 -54 -7 56 -25 -49 59 -31 -6 -62
right_child=2 6 3 10 9 11 -8 19 15 13 14 12 28 37 31 38 -18 43 -20 -21 36 -23 45 24 -26 -27 41 -29 -30 30 48 -33 -34 -35 -36 -37 42 -39 -40 -41 -42 -43 -44 44 -46 -47 -48 57 -50 -51 -52 -53 53 -55 -56 -57 -58 -59 -60 -61 61 -63
leaf_value=2.7574881356373863e-05 6.0775323216975813e-06 -6.4064503039246978e-05 0.00018793993602468916 0.0002307456957419629 6.1492257563352558e-06 0.00061794867526124948 -6.4408048687663395e-05 3.9885060604097958e-06 0.0013146143649372987 -1.0018250660526647e-05 0.0025756428915188951 0.0024307985036511257 -0.00020298392723957961 -7.4475045324255085e-05 0.00031943395666959027 0.0018192796276704781 0.0021586887642707098 6.2127897156651063e-05 0.000561300349004985 -6.4065478899377041e-05 -6.4064503039246978e-05 -6.7909952446306018e-05 -0.00019237855434286048 2.9422208777805249e-05 -7.8059084059248392e-05 -6.4064503039246978e-05 0.0030903778030347659 0.0040092941102792459 0.00094339603587441834 0.0021748732441698912 0.00060342161325771136 0.00062853347276128847 -6.0189144933693196e-05 -0.00048161068948447141 0.0023247687619064347 -6.8238331764995406e-05 -6.4064503039246978e-05 -6.4033896812701292e-05 0.00089166461866393206 9.8733969620025673e-05 0.00018364938930869366 0.0056044375853110786 -6.4064503039246978e-05 0.0012297972368897952 0.00018032763569979736 0.00034835878103212699 0.0013024164043920696 0.0020380752759564069 0.00013731777664546834 -7.7052325889108268e-05 -4.2640879313640447e-05 0.0035615598481646515 0.0015038286987709808 0.0022497767948572067 -0.00047349665839921753 -2.8783626662948298e-05 -3.4609782527229501e-06 0.00026607885503207639 0.00016466689039283387 0.00058555985423938695 1.0017528515625633e-05 9.1410709034751356e-05
leaf_weight=204 1454 770 138 371 1122 331 602 119 231 776 150 281 296 219 197 223 772 3574 117 475 2777 174 263 822 501 1170 192 1030 998 231 145 279 973 114 726 172 3198 176 178 215 114 904 6441 216 2622 89 726 685 1039 276 1224 709 80 363 86 738 1019 90 701 433 310 528
leaf_count=204 1454 770 138 371 1122 331 602 119 231 776 150 281 296 219 197 223 772 3574 117 475 2777 174 263 822 501 1170 192 1030 998 231 145 279 973 114 726 172 3198 176 178 215 114 904 6441 216 2622 89 726 685 1039 276 1224 709 80 363 86 738 1019 90 701 433 310 528
internal_value=-0.00524139 -0.0175954 0.0076461 0.0173184 -0.00299826 0.00359812 -0.025991 -0.0102691 0.0221587 -0.000624229 0.0124511 0.00664521 0.00986179 -0.00578039 0.0138016 0.0230575 0.0142733 0.00130679 0.0190379 -0.0177258 -0.026525 -0.0128112 0.00457321 0.000856973 -0.000740019 -0.0233694 0.0243342 0.0222757 0.00514286 0.00524823 0.00610806 0.0112083 -0.0043039 -5.6391e-05 0.0123602 -0.0075 -0.0270162 -0.0146212 0.0141045 0.00883797 0.012197 0.0275114 -0.0275882 0.00251676 0.0040155 -0.00271955 0.00795889 0.00986639 0.00283544 -0.00245014 -0.00159015 0.0208256 0.0167111 0.019527 0.0026555 0.000360465 0.0015798 0.0115593 0.00625915 0.00893233 0.00336563 0.00586412
internal_weight=46149 23562 22587 6663 8604 15924 14958 2117 3339 6487 3324 6834 2676 1447 2953 3201 1382 9090 976 940 14356 465 4158 5040 3080 1940 2800 1704 1294 3806 3275 1977 1177 531 1698 291 12416 395 401 610 395 1096 9639 6412 2838 352 2091 972 1184 1052 2678 859 674 443 417 2579 1841 775 1365 664 1960 838
internal_count=46149 23562 22587 6663 8604 15924 14958 2117 3339 6487 3324 6834 2676 1447 2953 3201 1382 9090 976 940 14356 465 4158 5040 3080 1940 2800 1704 1294 3806 3275 1977 1177 531 1698 291 12416 395 401 610 395 1096 9639 6412 2838 352 2091 972 1184 1052 2678 859 674 443 417 2579 1841 775 1365 664 1960 838
is_linear=0
shrinkage=0.03


Tree=71
num_leaves=63
num_cat=0
split_feature=0 8 0 0 6 5 8 1 3 8 8 8 1 2 0 2 8 2 8 8 8 10 10 8 0 10 7 8 8 1 10 1 5 4 1 8 1 10 4 7 7 4 10 8 3 3 1 0 4 1 7 6 3 5 1 5 3 6 5 4 8 3
split_gain=8109.94 3153.32 943.506 178.202 159.846 158.447 106.25 87.939 62.3549 78.0453 56.1096 48.5798 46.6419 42.9174 33.7826 33.7197 28.5654 28.5101 25.7815 25.6286 25.4709 25.218 24.5513 23.7155 23.4653 22.5008 23.3089 22.313 25.7975 22.2738 21.2446 20.4095 19.1867 19.0099 18.2891 17.8211 17.7613 17.1713 16.3476 16.1468 15.7185 14.7893 14.393 14.2112 13.7499 13.6114 16.1672 37.8625 14.4821 13.4106 16.723 26.4769 13.5363 12.6902 12.495 12.3031 11.7555 11.6819 11.6633 12.0899 11.6044 11.3015
threshold=0.015000000000000001 -1.0000000180025095e-35 1.9450000000000001 0.66500000000000015 0.96010100249940655 0.15000000000000005 -0.37940952255126059 1.0000000180025095e-35 0.57500000000000007 0.60355339059327384 -0.60355339059327362 -0.70710678118654735 0.23500000000000001 0.65000000000000002 2.7350000000000008 0.35000000000000003 0.37940952255126054 0.75000000000000011 -0.5 0.37940952255126054 0.12940952255126045 0.25000000000000011 -0.24999999999999994 -0.60355339059327362 0.065000000000000016 0.68301270189221941 0.98570308348105951 0.25881904510252091 -0.70710678118654735 0.015000000000000001 1.0000000180025095e-35 0.58500000000000008 0.15000000000000005 0.9125000000000002 2.1350000000000002 -0.91597561503675329 2.1350000000000002 1.0000000180025095e-35 0.75833333333333341 0.019447123111539701 1.0007132667617691 0.083333333333333315 -0.6830127018922193 -0.98296291314453399 0.35000000000000003 0.95000000000000007 1.0000000180025095e-35 0.12500000000000003 0.78333333333333355 1.1050000000000002 0.73696123728335639 0.97587888928342192 0.35000000000000003 0.55000000000000016 1.0000000180025095e-35 0.083333333333333315 0.8500000000000002 0.21090423132313618 0.71666666666666667 0.8583333333333335 -0.70710678118654735 0.62500000000000011
decision_type=10 2 10 10 2 10 2 10 10 2 2 2 10 8 10 10 2 10 2 2 2 2 2 2 10 2 10 2 2 10 2 10 8 8 10 2 10 2 8 10 10 10 2 2 10 10 10 10 10 10 10 2 10 10 10 10 10 2 10 10 2 10
left_child=1 4 3 12 6 14 17 20 9 11 35 25 19 44 27 16 18 53 30 21 32 -2 54 57 29 26 55 28 36 -21 -7 -29 -3 -15 -17 43 -4 -16 -37 -31 -33 -26 -22 -6 -12 46 -23 -48 -49 50 51 -14 -53 -1 -10 -5 -40 -19 -24 -60 -47 -30
right_child=2 7 5 8 10 15 -8 -9 22 -11 13 -13 49 33 37 34 -18 23 -20 24 42 45 58 -25 41 -27 -28 31 61 39 -32 40 -34 -35 -36 38 -38 -39 56 -41 -42 -43 -44 -45 -46 60 47 48 -50 -51 -52 52 -54 -55 -56 -57 -58 -59 59 -61 -62 -63
leaf_value=2.4493269347053173e-05 -1.6699802373801014e-05 -6.2142567948069572e-05 0.0003231198249680822 0.0020432915086307166 0.00011364560244119639 0.0010047068110454215 -6.2143514532395726e-05 -6.2954295189968654e-05 0.00066864712401661921 6.0695204581554802e-05 -3.6747396408448959e-05 0.0020834488403561856 6.8874908387849118e-05 -6.2112879908320255e-05 0.0029233973616013941 0.0010026302976751896 0.00013255621838811847 -8.1428270440951473e-05 0.0035292934720426283 -7.1134721875248095e-05 -6.2142567948069572e-05 0.00054761795241360948 0.00074087018858926435 -6.5159814292494182e-05 -7.6903458936108496e-05 0.0019690846925403639 -0.00026451896353345104 0.0040426260787221448 0.0044054364798702585 3.3651872197437511e-05 0.0034173495175255433 0.00082686503610714882 -6.2142567948069572e-05 -7.468470837090934e-05 0.0021436988642683629 2.9132167129185076e-05 0.0018936074442813832 0.0053539072721219636 -6.8537301116932629e-05 -6.9861994615411761e-05 0.0021954477935610811 3.5659415801701961e-06 -6.2142567948069572e-05 -2.2275241781872233e-05 2.5619155397768146e-05 -2.8790475859065826e-05 -0.00011747855507104417 8.7781400917395781e-06 0.0015074869932200608 0.0011772667691411025 -1.2823424432091904e-05 0.0021375648792643759 0.00043934007130693928 -7.5530364279126073e-05 0.00014685247320852079 0.00051735324879712496 1.4926986414543572e-05 -3.4956242978078591e-05 0.00015629497464770382 0.00073245146777649425 0.00018869174404115291 0.002618337363984413
leaf_weight=268 1598 766 86 260 102 157 464 228 294 732 981 1419 1096 1104 242 716 84 301 638 511 2835 470 1724 286 480 369 214 82 614 86 102 282 1155 160 1109 2102 225 1047 225 122 120 1848 9780 627 696 443 92 93 90 341 852 159 994 215 1685 313 307 474 662 244 246 134
leaf_count=268 1598 766 86 260 102 157 464 228 294 732 981 1419 1096 1104 242 716 84 301 638 511 2835 470 1724 286 480 369 214 82 614 86 102 282 1155 160 1109 2102 225 1047 225 122 120 1848 9780 627 696 443 92 93 90 341 852 159 994 215 1685 313 307 474 662 244 246 134
internal_value=-0.00522946 -0.0178047 0.00734659 0.00389666 -0.00302418 0.0180138 -0.0103932 -0.0261253 0.00722243 0.0103658 -0.000675654 0.0128222 0.00113106 -0.00370156 0.0230215 0.0129533 0.017444 -0.00660194 0.0190089 -0.000449013 -0.0264154 0.00150346 0.00496529 -0.00935028 -0.00239173 0.00824546 0.00536802 0.0199935 0.0224434 -0.007125 0.0109615 0.0145979 -0.0231478 -0.00787352 0.0105312 0.00197087 0.0150962 0.0266279 0.00311954 0.00114833 0.0117618 -0.000927437 -0.0269111 -0.00217808 -0.000554231 0.00439024 0.00719839 0.00141304 0.00929348 0.003921 0.00329787 0.00465333 0.00782496 -0.000557851 0.00243939 0.00851916 -0.00157598 -0.00661082 0.00686431 0.00410143 0.00134783 0.025474
internal_weight=46151 23076 23075 17437 8312 5638 2008 14764 7916 3307 6304 2575 9521 2941 2832 2806 981 1544 897 6079 14536 3032 4609 1061 3047 1156 787 1543 1059 719 259 484 1921 1264 1825 3363 311 1289 2634 208 402 2328 12615 729 1677 1434 745 275 183 3442 3101 2249 1153 483 1979 573 532 775 2630 906 689 748
internal_count=46151 23076 23075 17437 8312 5638 2008 14764 7916 3307 6304 2575 9521 2941 2832 2806 981 1544 897 6079 14536 3032 4609 1061 3047 1156 787 1543 1059 719 259 484 1921 1264 1825 3363 311 1289 2634 208 402 2328 12615 729 1677 1434 745 275 183 3442 3101 2249 1153 483 1979 573 532 775 2630 906 689 748
is_linear=0
shrinkage=0.03


Tree=72
num_leaves=63
num_cat=0
split_feature=0 8 0 5 6 8 1 0 1 11 0 8 11 11 8 3 2 8 8 1 1 8 10 6 6 11 4 1 3 10 2 10 8 0 2 3 8 8 8 5 8 8 11 10 10 11 4 6 0 10 1 11 11 6 2 11 1 0 1 0 2 0
split_gain=8014.53 3209.08 938.482 208.534 164.262 113.766 110.946 96.7675 79.1751 72.3997 56.2698 45.9536 57.6764 44.8126 40.8414 38.2286 37.2584 28.9971 28.9542 27.2977 27.2468 24.1201 21.5924 22.5122 20.6187 19.5232 18.5447 17.7541 20.5009 17.6197 17.0948 16.5928 17.1409 16.463 16.2425 16.4468 20.1295 26.0988 16.2291 16.0506 15.9832 15.9493 15.479 14.8329 14.8114 14.7129 16.4783 14.3562 12.2707 13.0848 22.4259 19.3038 11.7323 12.1217 11.4076 13.9526 12.9588 12.3165 11.9902 11.1468 11.1089 10.8676
threshold=0.015000000000000001 -1.0000000180025095e-35 1.425 0.15000000000000005 0.9919160630702849 -0.37940952255126059 0.32500000000000007 2.1350000000000002 1.0000000180025095e-35 1.0000000180025095e-35 3.0450000000000004 -0.37940952255126059 0.6830127018922193 1.0000000180025095e-35 0.91597561503675362 0.62500000000000011 0.55000000000000016 -0.70710678118654735 0.25881904510252091 2.6150000000000007 2.7150000000000003 1.0000000180025095e-35 0.68301270189221941 0.50843556410305413 0.9919160630702849 1.0000000180025095e-35 0.8583333333333335 0.015000000000000001 0.62500000000000011 -0.6830127018922193 0.55000000000000016 -0.24999999999999994 -0.5 1.1450000000000002 1.0000000180025095e-35 0.45000000000000007 0.60355339059327384 -0.91597561503675329 -0.91597561503675329 0.15000000000000005 0.78656609248549325 -0.5 -0.5 0.25000000000000011 0.25000000000000011 0.93301270189221952 0.9125000000000002 0.92930638923935771 0.13500000000000004 0.25000000000000011 1.0000000180025095e-35 1.0000000180025095e-35 0.93301270189221952 0.21090423132313618 0.35000000000000003 -0.5 0.22400000000000003 0.055000000000000007 1.0000000180025095e-35 1.1533333333333335 0.65000000000000002 0.042500000000000003
decision_type=10 2 10 10 2 2 10 10 10 2 10 2 2 2 2 10 10 2 2 10 10 2 2 2 2 2 10 10 10 2 10 2 2 8 10 10 2 2 2 8 2 2 2 2 2 2 8 2 10 2 10 2 2 2 10 2 10 10 10 10 10 10
left_child=1 4 6 7 5 16 14 9 21 -4 13 45 -13 19 24 41 42 52 31 -5 22 39 34 -24 48 -19 33 61 -29 -23 -14 32 -9 54 38 36 37 -36 -8 -3 -40 -15 -1 -20 -21 46 -6 -17 -2 50 -50 -51 53 -18 56 58 -26 -57 -56 -25 -7 -16
right_child=2 8 3 10 11 60 20 18 -10 -11 -12 12 30 15 27 47 17 25 43 44 -22 29 23 59 26 -27 -28 28 -30 -31 -32 -33 -34 -35 35 -37 -38 -39 40 -41 -42 -43 -44 -45 -46 -47 -48 -49 49 51 -52 -53 -54 -55 55 57 -58 -59 -60 -61 -62 -63
leaf_value=8.9062912494534491e-05 -5.3228947340099114e-05 -6.0278290909627484e-05 0.00049751322756264786 0.00057022642544446445 1.5468143949611337e-05 -6.214911047706603e-05 -0.00031942442416596695 0.0015087374265831627 -6.2950004525794438e-05 0.002546368737063306 0.0033157742329914647 -2.9472899347838272e-05 -7.3959234612473588e-05 0.0020793878983403125 -6.6422189267593604e-05 -0.00051447087935849514 -7.8753567976718632e-05 -6.4236387383270725e-05 0.0013904000648834113 0.0014886508963910467 0.0039919954999709725 -6.0278290909627484e-05 -6.1806661325260325e-05 0.00081266307244413645 -4.8441049337475463e-05 -6.3986849732127862e-05 0.00027705426357285662 -6.4756085398890679e-05 5.9964003584817553e-05 -6.0278290909627484e-05 -6.0249493511070645e-05 0.0047431903473085252 0.0038195574182701007 0.00054911748843890294 0.00082594018143638647 0.00029971129015197642 -0.00011168153498719565 0.0018508680098058292 0.0010234200392827829 -6.0278290909627484e-05 -9.8285601214993519e-05 0.0029610788721443808 -3.027779333591219e-05 0.0026475580291845107 0.0033240062079055764 -2.5162502772444829e-05 -7.3765367064746988e-05 0.0017836341127328284 0.00017070313628377541 0.00028349376883149842 -0.00012704375040505198 -1.4429546171206772e-05 -0.00010395870067339376 -1.1683406675482445e-05 0.00041390681578488281 -8.0228667200033332e-05 0.00059867870790515101 8.58878668394971e-05 5.835566826001554e-05 0.0017180079504774636 -6.0278171940371068e-05 -5.0968523123982213e-05
leaf_weight=117 934 741 698 1865 3855 159 248 114 223 845 456 1017 167 167 179 89 326 253 195 525 101 2799 179 1038 1060 171 733 148 193 9865 217 1405 406 250 399 3486 132 488 105 1159 113 624 188 336 161 558 209 514 381 343 640 546 83 598 329 259 115 1410 200 240 368 436
leaf_count=117 934 741 698 1865 3855 159 248 114 223 845 456 1017 167 167 179 89 326 253 195 525 101 2799 179 1038 1060 171 733 148 193 9865 217 1405 406 250 399 3486 132 488 105 1159 113 624 188 336 161 558 209 514 381 343 640 546 83 598 329 259 115 1410 200 240 368 436
internal_value=-0.0053463 -0.01785 0.00715109 0.0151482 -0.00290334 -0.0097924 0.00257592 0.0201075 -0.0262246 0.0142034 0.0106383 -0.000313745 -0.00507133 0.00948049 0.000242736 0.0138065 -0.00607945 -0.00810754 0.0238095 0.00711207 0.00549005 -0.0264964 0.00524498 0.00845679 0.00101653 -0.0146824 0.00231352 -0.00557994 -8.77193e-05 -0.0269751 -0.014961 0.0255296 0.0208445 0.00143212 0.00430209 0.00485353 0.00820588 0.00983108 -0.00102784 -0.023293 0.00493151 0.0181439 0.00343137 0.0175376 0.0122271 0.00112914 0.00175646 0.00809603 -0.000970123 0.000408163 -0.00190802 0.00306742 -0.00532738 -0.00434595 0.000880261 0.00215553 -0.0015051 0.000808383 0.00639623 0.00985145 -0.0219886 -0.00862013
internal_weight=46158 23073 23085 8400 8286 2263 14685 3999 14787 1543 4401 6023 1401 3945 8156 1394 1736 1431 2456 2551 6529 14564 6428 1457 7200 424 4356 956 341 12664 384 1925 520 3623 4971 4505 1019 887 466 1900 218 791 305 531 686 4622 4064 603 2844 1910 1021 889 1007 924 3373 2198 1175 1669 529 1278 527 615
internal_count=46158 23073 23085 8400 8286 2263 14685 3999 14787 1543 4401 6023 1401 3945 8156 1394 1736 1431 2456 2551 6529 14564 6428 1457 7200 424 4356 956 341 12664 384 1925 520 3623 4971 4505 1019 887 466 1900 218 791 305 531 686 4622 4064 603 2844 1910 1021 889 1007 924 3373 2198 1175 1669 529 1278 527 615
is_linear=0
shrinkage=0.03


Tree=73
num_leaves=63
num_cat=0
split_feature=0 8 0 6 1 5 0 9 11 3 9 11 1 11 1 1 11 6 0 11 8 8 5 1 0 0 10 11 1 8 9 3 1 7 10 5 9 11 7 5 3 10 5 11 7 3 1 3 0 11 6 11 8 6 7 10 9 0 10 1 10 6
split_gain=7960.34 3170.69 834.113 158.895 153.256 152.293 147.351 113.924 64.009 64.1079 54.3662 56.3046 41.6956 76.0449 38.678 33.0248 37.7015 31.6476 29.3905 24.684 23.7901 23.3938 22.9171 22.8152 22.3001 22.0868 21.2211 19.8159 18.4118 17.9066 24.8829 33.2169 28.1217 36.6291 18.7857 19.1297 17.2611 14.8774 14.6781 14.512 14.1968 14.0294 14.023 13.5899 29.0441 18.4001 14.341 15.5915 13.5662 13.3253 19.3571 13.191 17.6146 14.5224 13.215 12.9345 12.7481 12.6596 12.6194 12.2061 14.3248 12.0782
threshold=0.025000000000000005 -1.0000000180025095e-35 1.9450000000000001 0.96010100249940655 1.0000000180025095e-35 0.15000000000000005 0.69500000000000006 0.78656609248549303 0.25000000000000017 0.25000000000000006 0.91597561503675351 0.6830127018922193 2.8450000000000002 -0.5 0.29500000000000004 2.9550000000000005 1.0000000180025095e-35 0.97587888928342192 1.0000000180025095e-35 1.0000000180025095e-35 -0.37940952255126059 1.0000000180025095e-35 0.15000000000000005 2.4850000000000008 1.1050000000000002 1.1250000000000002 1.0000000180025095e-35 0.93301270189221952 2.3550000000000004 0.37940952255126054 -0.12940952255126037 0.95000000000000007 1.0000000180025095e-35 1.0000000180025095e-35 1.0000000180025095e-35 0.63333333333333341 -0.5 0.25000000000000017 0.088025157232704418 0.083333333333333315 0.62500000000000011 -0.6830127018922193 0.55000000000000016 0.25000000000000017 0.63028946988809553 0.8500000000000002 1.1450000000000002 0.35000000000000003 0.065000000000000016 0.6830127018922193 0.27367423887636216 -0.5 0.91597561503675362 0.21090423132313618 0.71594818862578424 1.0000000180025095e-35 0.37940952255126048 2.4250000000000003 1.0000000180025095e-35 1.1850000000000003 0.68301270189221941 0.39815385059138292
decision_type=10 2 10 2 10 10 10 2 2 10 2 2 10 2 10 10 2 2 10 2 2 2 8 10 10 10 2 2 10 2 2 10 10 10 2 10 2 2 10 10 10 2 10 2 10 10 10 10 10 2 2 2 2 2 10 2 2 10 2 10 2 2
left_child=1 3 6 7 18 12 14 49 23 24 27 -12 13 28 29 16 57 -11 21 20 -9 22 -3 26 -10 -19 36 -5 -4 30 31 58 34 -34 -32 -36 -8 -15 -33 -6 -18 -23 -29 61 45 -45 47 -46 -31 50 -1 52 53 -50 -53 -14 -51 -7 -2 -28 -61 -16
right_child=2 4 5 10 39 15 8 19 9 17 11 -13 55 37 43 -17 40 25 -20 -21 -22 41 -24 -25 -26 -27 59 42 -30 48 32 38 33 -35 35 -37 -38 -39 -40 -41 -42 -43 -44 44 46 -47 -48 -49 51 56 -52 54 -54 -55 -56 -57 -58 -59 -60 60 -62 -63
leaf_value=-6.6777769336113127e-05 0.00066259362540216306 -5.8469942182338657e-05 9.5431203412915663e-05 1.0910199748472449e-05 1.3249573910862327e-05 0.00065931257202622522 0.00035598460885553684 -6.2309295761772592e-05 0.0012817561291697554 -0.0001706525026345293 -6.2287479527952592e-05 -5.9549896892477755e-05 0.0024615618505874235 0.0028090424321658347 8.5433324911028116e-05 0.0029804065418259215 0.0036051338980765454 0.00060292166825851696 -6.0649360796954597e-05 -5.8470863938212725e-05 -5.8471508214405709e-05 -5.8469942182338657e-05 -5.8469942182338657e-05 0.0024098407731192105 0.0021308573206862253 0.0018128706612787521 0.00026836967801245056 -8.8772395310443217e-06 0.0013288128108304919 -6.6764198371619708e-05 -2.5785520239948907e-05 0.00011215544008166689 -0.00013257671774674011 -7.2640841528573628e-05 0.00054792636757858358 -5.1324365536887379e-05 -0.00013145210476031205 0.0043401048609961182 -0.00013018743267953156 -6.241124680968831e-05 0.00209526231179212 -5.8469942182338657e-05 -0.00012260193646675569 0.0014456084217927695 -5.0979688792000955e-05 9.7830500182429224e-05 0.00061650495151244873 -0.0004901387766018386 -2.3555279513888493e-05 -2.3315412451558838e-05 1.6905405063382204e-05 -5.0202155044711842e-05 -3.9172325064817813e-05 0.00036020845133220559 0.00014015087952489824 0.0050434210315421042 -9.3490101757659415e-05 0.0013890190198936835 0.0015756894651310412 0.00053717698551096591 0.0013910121152328194 0.00042865549496237258
leaf_weight=372 277 748 187 4470 95 680 1217 291 367 304 1061 386 219 545 439 619 415 738 404 347 292 2786 1171 275 726 839 1456 433 325 488 383 662 87 763 392 128 651 571 276 218 244 9561 188 297 224 376 147 171 153 145 519 1486 456 362 82 998 154 775 199 564 448 1433
leaf_count=372 277 748 187 4470 95 680 1217 291 367 304 1061 386 219 545 439 619 415 738 404 347 292 2786 1171 275 726 839 1456 433 325 488 383 662 87 763 392 128 651 571 276 218 244 9561 188 297 224 376 147 171 153 145 519 1486 456 362 82 998 154 775 199 564 448 1433
internal_value=-0.00535412 -0.0175023 0.00744219 -0.00304885 -0.0258536 0.0174978 0.00411573 -0.0101839 0.00721724 0.0106487 -0.000734057 -0.00586326 0.0223577 0.0191897 0.00158048 0.0124323 0.0106383 0.0072848 -0.0262968 -0.0180451 -0.0142295 -0.0265241 -0.0233906 0.00500217 0.016426 0.0089924 0.00446853 0.000724666 0.00959064 0.000213075 0.00178977 0.00474912 -0.000598632 -0.00451234 0.00308628 0.00679463 0.00205457 0.023581 0.00146965 -0.00506369 0.0165909 -0.0270092 -0.0042926 0.00432319 0.00185033 0.0060089 -0.00331492 -0.00628788 -0.00143659 -0.00403023 -0.0021861 -0.000555118 0.00219136 0.00598837 -0.00225621 0.0265764 -0.0095 0.00793269 0.011195 0.00629405 0.00882527 0.00592632
internal_weight=46085 23641 22444 8658 14983 5578 16866 2120 7585 2974 6538 1447 2845 1628 9281 2733 2114 1881 14670 930 583 14266 1919 4611 1093 1577 4336 5091 512 6194 3167 1414 1753 850 903 520 1868 1116 938 313 659 12347 621 3087 1215 673 542 395 3027 1190 891 2539 971 515 1568 1217 299 1455 476 2468 1012 1872
internal_count=46085 23641 22444 8658 14983 5578 16866 2120 7585 2974 6538 1447 2845 1628 9281 2733 2114 1881 14670 930 583 14266 1919 4611 1093 1577 4336 5091 512 6194 3167 1414 1753 850 903 520 1868 1116 938 313 659 12347 621 3087 1215 673 542 395 3027 1190 891 2539 971 515 1568 1217 299 1455 476 2468 1012 1872
is_linear=0
shrinkage=0.03


Tree=74
num_leaves=63
num_cat=0
split_feature=0 8 0 0 6 5 8 1 9 3 9 11 0 11 8 1 10 1 11 8 0 0 8 8 11 11 8 10 6 8 1 1 5 6 0 8 8 10 10 10 2 2 0 2 11 9 11 5 3 2 10 8 2 10 1 0 3 8 0 10 2 10
split_gain=7784.01 3089.38 884.215 166.404 155.86 151.663 109.192 96.0811 54.263 97.2901 48.6733 57.3373 43.8811 84.949 39.2756 35.7732 29.8709 34.5573 27.8271 26.0857 24.7996 23.8091 23.8045 21.9735 20.0451 18.756 22.3444 20.1182 18.3038 29.1659 18.143 17.4769 17.1119 16.9385 15.7676 15.6842 17.5777 15.6368 15.5837 15.0314 14.7029 14.3991 14.0051 13.7485 13.5752 13.5574 13.3336 13.0021 12.9217 21.9539 14.0687 12.839 12.5331 12.5232 12.4521 21.4178 12.4416 12.1545 11.6419 11.5236 10.7993 10.4589
threshold=0.015000000000000001 -1.0000000180025095e-35 1.925 0.52500000000000013 0.96010100249940655 0.15000000000000005 -0.70710678118654735 1.0000000180025095e-35 -0.70710678118654757 0.62500000000000011 0.78656609248549303 0.6830127018922193 2.7450000000000006 -0.5 0.37940952255126054 2.9450000000000007 0.25000000000000011 0.47500000000000003 1.0000000180025095e-35 -0.37940952255126059 0.065000000000000016 1.1050000000000002 1.0000000180025095e-35 -0.37940952255126059 1.0000000180025095e-35 0.25000000000000017 0.91597561503675362 -0.24999999999999994 0.54269012772290737 -0.70710678118654735 0.015000000000000001 2.3550000000000004 0.15000000000000005 0.69300588406246244 1.0000000180025095e-35 -0.91597561503675329 -0.98296291314453399 1.0000000180025095e-35 1.0000000180025095e-35 -0.24999999999999994 0.55000000000000016 0.25000000000000006 3.0750000000000006 0.55000000000000016 1.0000000180025095e-35 -0.12940952255126037 0.93301270189221952 0.35000000000000003 0.62500000000000011 1.0000000180025095e-35 0.68301270189221941 0.37940952255126054 0.65000000000000002 0.68301270189221941 1.0000000180025095e-35 0.15500000000000003 0.75000000000000011 0.78656609248549325 2.5350000000000006 0.68301270189221941 0.55000000000000016 1.0000000180025095e-35
decision_type=10 2 10 10 2 10 2 10 2 10 2 2 10 2 2 10 2 10 2 2 10 10 2 2 2 2 2 2 2 2 10 10 8 2 10 2 2 2 2 2 10 10 10 8 2 2 2 10 10 10 2 2 10 2 10 10 10 2 10 2 10 2
left_child=1 4 3 14 6 12 40 22 9 21 35 -12 13 31 28 18 45 53 42 24 30 51 32 39 52 26 -22 -27 -2 37 -16 -4 -3 -11 43 36 -6 -30 -14 -13 -1 -20 -7 -24 -15 57 -37 54 49 50 -19 -5 -8 -18 -39 -56 -28 -10 -17 -35 -25 -33
right_child=2 7 5 8 10 15 19 -9 16 33 11 23 38 44 20 58 17 48 41 -21 25 -23 34 60 -26 27 56 -29 29 -31 -32 61 -34 59 -36 46 -38 47 -40 -41 -42 -43 -44 -45 -46 -47 -48 -49 -50 -51 -52 -53 -54 -55 55 -57 -58 -59 -60 -61 -62 -63
leaf_value=3.6281898767760018e-05 -2.5271613489972164e-05 -5.6715843916868497e-05 0.00014628633295399429 0.0018777810405858854 0.00011469171251612994 0.0009074976067780493 1.7516919898622827e-05 -6.0493809772913524e-05 0.00030893486990068216 9.1456103341788211e-05 -1.787508329783541e-05 1.7672451141588374e-05 0.0023607138214681743 0.0022341183318860067 -6.5372820166694864e-05 0.0017233757098400226 0.00022250400911938528 -0.00011372894525827903 0.003649186685737953 -5.6716738020066342e-05 0.0001270151607234239 0.0019350989443211414 -5.6715843916868497e-05 -6.9953960667325053e-05 -5.8965075532048107e-05 5.0156104961084839e-05 -5.9695874553835902e-05 -0.00014819158197408157 -1.1032129810215705e-05 0.00064525114388906918 4.660292593394212e-07 0.0003622062350030736 -5.6715843916868497e-05 0.00056291838929979805 -5.6983700637393934e-05 2.385387042963342e-05 -2.4021737569799028e-05 0.0005114201995824626 0.0049402860519635146 -9.1074056150282573e-05 -6.2148837573073346e-05 0.0021259520530290321 0.0020066766068833264 -5.6715843916868497e-05 0.003716828351590431 -0.0001705068542253127 -2.8438600520985479e-05 3.31433938411361e-05 0.00051218378459776635 0.0018574702536998671 0.0011590505259814242 9.6795021177377977e-05 -6.0456611930912265e-05 -0.00013065345295442147 -9.1507774625043556e-05 0.00057562792926875331 1.1141750124835457e-05 -0.00010476688343147175 0.0031701519521418978 0.00097563112491160279 -5.6655511798964197e-05 0.0014549133607864662
leaf_weight=179 1226 773 199 322 104 1335 90 227 1813 709 2097 119 239 298 514 85 199 135 259 474 1016 1228 4771 167 178 379 371 623 1382 658 220 94 1129 1730 264 2379 653 359 1010 278 937 398 136 7500 818 444 255 758 434 411 263 166 205 310 98 389 266 300 530 606 224 261
leaf_count=179 1226 773 199 322 104 1335 90 227 1813 709 2097 119 239 298 514 85 199 135 259 474 1016 1228 4771 167 178 379 371 623 1382 658 220 94 1129 1730 264 2379 653 359 1010 278 937 398 136 7500 818 444 255 758 434 411 263 166 205 310 98 389 266 300 530 606 224 261
internal_value=-0.00548277 -0.0178208 0.00686195 0.00349856 -0.00324101 0.0171535 -0.0103924 -0.0261111 0.0063036 0.00851113 -0.00088896 -0.0037526 0.0219144 0.0187074 0.000417676 0.0120809 0.00386311 0.00687963 0.0102302 -0.0178797 -0.00206195 0.0142225 -0.0264157 -0.0106464 -0.0128481 -0.000711596 0.00125151 -0.00394816 0.0021433 0.00320988 -0.00693878 0.00908108 -0.023237 0.0052889 -0.0268961 0.00154776 -0.00225594 0.00194844 0.026184 -0.00565327 -0.00402865 0.0153647 0.00792799 -0.0270543 0.0234736 0.00179437 0.00264137 0.00396262 0.00957395 0.0118148 0.00676692 0.00858896 -0.00800676 0.000294118 0.00651712 0.00338115 -0.00315047 0.00279565 0.0184578 0.00652118 -0.0156888 0.0130618
internal_weight=45994 23003 22991 17329 8339 5662 2063 14664 9070 4761 6276 2885 2919 1670 8259 2743 4309 1752 2128 947 3389 1716 14437 788 473 2655 1653 1002 4870 3644 734 554 1902 3045 12535 3391 757 2986 1249 397 1116 657 1471 12271 1116 2557 2634 1604 1243 809 398 488 295 509 846 487 637 2113 615 2336 391 355
internal_count=45994 23003 22991 17329 8339 5662 2063 14664 9070 4761 6276 2885 2919 1670 8259 2743 4309 1752 2128 947 3389 1716 14437 788 473 2655 1653 1002 4870 3644 734 554 1902 3045 12535 3391 757 2986 1249 397 1116 657 1471 12271 1116 2557 2634 1604 1243 809 398 488 295 509 846 487 637 2113 615 2336 391 355
is_linear=0
shrinkage=0.03


Tree=75
num_leaves=63
num_cat=0
split_feature=7 8 9 1 8 6 5 1 9 11 1 11 9 11 1 9 11 10 5 8 8 2 5 2 9 1 8 8 2 11 6 2 5 8 9 5 7 7 7 10 1 1 10 6 2 6 5 5 9 1 7 9 6 4 10 8 8 10 6 2 8 11
split_gain=6047.64 2150.99 2483.8 680.557 159.208 145.774 125.957 112.347 106.741 105.402 103.062 76.4279 73.0567 150.746 68.5687 59.5396 57.5497 47 45.1445 41.5256 30.7887 30.7671 28.9332 26.2372 25.9148 24.6487 36.7324 24.0463 23.9456 26.9436 22.2976 22.0646 21.7858 20.8788 29.1526 23.5549 25.3037 22.2532 20.1021 19.3604 18.2677 17.9179 17.6133 17.5663 16.721 15.7853 15.1064 14.818 14.6735 14.5833 14.6933 14.5055 14.4078 14.3348 13.4397 13.2845 13.2463 13.1004 12.9952 12.8364 12.4494 23.4066
threshold=1.0000000180025095e-35 -1.0000000180025095e-35 -0.37940952255126015 2.0950000000000002 0.60355339059327384 0.96010100249940655 0.15000000000000005 1.1850000000000003 0.91597561503675351 1.0000000180025095e-35 1.0000000180025095e-35 1.0000000180025095e-35 1.0000000180025095e-35 1.0000000180025095e-35 1.0000000180025095e-35 0.91597561503675351 0.6830127018922193 -0.24999999999999994 0.22500000000000003 0.25881904510252091 0.12940952255126045 0.15000000000000005 0.15000000000000005 0.75000000000000011 0.78656609248549303 1.0000000180025095e-35 0.78656609248549325 -0.70710678118654735 0.65000000000000002 0.25000000000000017 0.24817607891553481 0.55000000000000016 0.15000000000000005 1.0000000180025095e-35 -0.12940952255126037 0.15000000000000005 0.88240082747524295 0.71594818862578424 0.98818824404761918 0.68301270189221941 2.9450000000000007 2.9350000000000005 1.0000000180025095e-35 0.21090423132313618 0.65000000000000002 0.97587888928342192 0.15000000000000005 0.45000000000000007 0.60355339059327384 0.17500000000000002 0.24175075764359885 -0.70710678118654757 0.19753948528738471 0.17499999999999996 1.0000000180025095e-35 0.37940952255126054 0.37940952255126054 -0.6830127018922193 0.75185124348285037 0.75000000000000011 0.37940952255126054 0.25000000000000017
decision_type=10 2 2 10 2 2 10 10 2 2 10 2 2 2 8 2 2 2 10 2 2 10 8 10 2 10 2 2 10 2 2 10 8 2 2 10 10 10 10 2 10 10 2 2 10 2 10 10 2 10 10 2 2 10 2 2 2 2 2 10 2 2
left_child=1 5 4 7 22 8 19 30 23 -6 12 38 13 58 15 28 44 -11 -13 27 32 -8 55 -1 43 26 -19 -5 42 -30 52 -18 -14 34 35 36 -32 -37 47 -28 56 54 -7 -25 -17 -20 -12 -9 -31 50 -36 -47 -2 -39 -21 -3 -23 -35 -4 -29 -24 -62
right_child=3 2 10 6 9 14 21 11 -10 17 46 18 20 -15 -16 16 31 25 45 41 -22 40 60 24 -26 -27 39 59 29 48 33 -33 -34 57 49 37 -38 53 -40 -41 -42 -43 -44 -45 -46 51 -48 -49 -50 -51 -52 -53 -54 -55 -56 -57 -58 -59 -60 -61 61 -63
leaf_value=-7.5811442286272644e-06 4.167235827246297e-06 0.0030422930357973804 -6.0542894143800983e-05 0.0014567639815588152 0.00011569796218488275 6.7324578931676151e-06 0.003493210055170093 0.00094715015573062578 -5.5015235879464352e-05 8.7523066591843217e-06 1.3593302783293531e-05 0.0021271170092476764 -5.5014368599362443e-05 -5.5014368599362443e-05 -0.00018374025486120278 1.3502717934266435e-05 -6.7855341847305298e-05 -0.00013717942957421243 -0.00016952832592304678 0.00025026262223163233 -5.5014368599362443e-05 0.0014805021715428373 0.001385749082905857 -7.3357262163679026e-05 -5.6782611990874928e-05 4.3286018719333262e-06 -5.5014368599362443e-05 0.0044444845540009747 2.9776879639999618e-05 -7.917948941540947e-06 0.0020895152186553856 -5.495584644499527e-05 -5.5014368599362443e-05 -8.8085503851788723e-05 2.3640174416264571e-05 0.00039287052690957904 -0.00013900837602371597 0.0010640060750899537 -7.1465378864926649e-05 -6.6925508254150748e-05 0.0024510936905104098 0.0031977257187035188 5.6670654935931373e-05 -2.6815375868886376e-05 -6.9211150996098937e-05 0.0017968277259856346 -6.3963593018366764e-05 0.00032956434322870123 -9.7219546774346454e-05 0.00024281786070221619 -0.00019993977392104213 -4.4372311216128726e-06 -0.00021452903653954719 -0.00059941832653145151 0.0018870815518460015 0.00092633047137725467 -8.0464157807264009e-06 8.4696686436184021e-05 -4.8260645851913131e-05 0.0027992540120571146 0.00070192353383925678 -5.6106404217308444e-05
leaf_weight=585 1340 143 153 277 1187 1730 404 864 454 388 81 987 761 877 117 633 180 451 129 120 11486 1330 338 360 292 128 239 1648 1048 813 430 221 1175 446 204 2542 95 83 364 249 593 130 1541 578 425 595 91 847 582 1305 161 109 124 99 288 318 109 1782 449 163 210 347
leaf_count=585 1340 143 153 277 1187 1730 404 864 454 388 81 987 761 877 117 633 180 451 129 120 11486 1330 338 360 292 128 239 1648 1048 813 430 221 1175 446 204 2542 95 83 364 249 593 130 1541 578 425 595 91 847 582 1305 161 109 124 99 288 318 109 1782 449 163 210 347
internal_value=-0.00563259 -0.014135 -0.0199565 0.00822358 0.00106527 -0.00251987 0.0175035 0.0044663 -0.00915859 -0.00322361 -0.025532 0.00869353 -0.0257986 -0.0194392 -0.000452613 -7.94536e-05 -0.0054863 -0.00863324 0.0131796 0.0220632 -0.0264978 0.012581 0.00941783 -0.00589758 -0.00838343 -0.011882 -0.0135638 0.0239828 0.00130184 -0.000945172 0.00255341 -0.0151493 -0.022953 0.00324426 0.00433537 0.00599077 0.0118061 0.00486606 0.00475434 -0.0192638 0.0110674 0.0145826 0.00297983 -0.00594249 -0.00181303 0.00802158 -0.00242775 0.00611565 -0.00367479 0.00111311 -0.00418033 0.00978723 -0.000819113 -0.0052459 0.0114425 0.0155195 0.00922917 0.000834455 -0.0078607 0.0252483 0.00626116 0.00349462
internal_weight=46198 28630 19071 17568 3998 9559 5062 12506 2269 2642 15073 3895 14901 1479 7290 7173 1459 1455 1820 2626 13422 2436 1356 1815 1230 1067 939 2088 5714 2443 8611 401 1936 7147 4919 3249 525 2724 2075 488 2032 538 3271 938 1058 833 172 1711 1395 1670 365 704 1464 182 408 461 1439 2228 602 1811 895 557
internal_count=46198 28630 19071 17568 3998 9559 5062 12506 2269 2642 15073 3895 14901 1479 7290 7173 1459 1455 1820 2626 13422 2436 1356 1815 1230 1067 939 2088 5714 2443 8611 401 1936 7147 4919 3249 525 2724 2075 488 2032 538 3271 938 1058 833 172 1711 1395 1670 365 704 1464 182 408 461 1439 2228 602 1811 895 557
is_linear=0
shrinkage=0.03


Tree=76
num_leaves=63
num_cat=0
split_feature=0 8 0 6 9 5 3 8 1 1 11 0 10 11 8 11 8 3 0 8 5 6 4 6 8 10 8 11 11 1 4 6 4 11 8 8 0 8 8 10 8 11 3 1 1 10 10 10 10 0 6 0 4 8 11 9 1 3 0 8 5 5
split_gain=7611.57 3143.51 844.167 148.251 141.744 141.063 128.796 128.478 105.597 62.3007 50.3229 88.697 37.0659 35.5351 57.6802 35.1065 32.9818 31.2748 31.0286 24.3025 23.1417 22.4421 20.1092 19.4485 17.302 17.2645 16.9877 17.4886 20.6466 16.7549 16.5029 16.136 15.4913 19.1544 15.365 15.1514 17.564 14.9036 14.1147 14.0659 14.0332 17.1375 17.7139 14.1276 21.8935 12.6745 12.5012 12.3051 11.8007 18.066 11.7698 11.1334 11.0822 10.8578 10.6483 10.2567 10.1409 17.0242 10.3189 9.77955 9.76684 9.66641
threshold=0.015000000000000001 -1.0000000180025095e-35 2.0150000000000001 0.9919160630702849 -0.70710678118654757 0.22500000000000003 0.75000000000000011 -0.37940952255126059 1.0000000180025095e-35 0.44166666650000003 -0.5 2.8250000000000006 1.0000000180025095e-35 0.6830127018922193 -0.37940952255126059 1.0000000180025095e-35 -0.60355339059327362 0.35000000000000003 3.0150000000000001 1.0000000180025095e-35 0.15000000000000005 0.69300588406246244 0.48333333333333339 0.27367423887636216 -0.91597561503675329 0.68301270189221941 0.37940952255126054 0.25000000000000017 -0.68301270189221952 2.6150000000000007 0.48333333333333339 0.70439444458987499 0.9125000000000002 -0.24999999999999994 -0.78656609248549303 0.37940952255126054 1.1250000000000002 -0.78656609248549303 -0.91597561503675329 -0.93301270189221908 0.91597561503675362 -0.68301270189221952 0.8500000000000002 1.0000000180025095e-35 0.045000000000000005 0.25000000000000011 1.0000000180025095e-35 -0.6830127018922193 1.0000000180025095e-35 2.2850000000000006 0.72773610537564315 0.75500000000000012 0.8583333333333335 0.25881904510252091 1.0000000180025095e-35 0.1294095225512602 0.015000000000000001 0.62500000000000011 0.23500000000000001 1.0000000180025095e-35 1.0000000180025095e-35 0.71666666666666667
decision_type=10 2 10 2 2 10 10 2 10 10 2 10 2 2 2 2 2 10 10 2 10 2 10 2 2 2 2 2 2 10 10 2 8 2 2 2 10 2 2 2 2 2 10 10 10 2 2 2 2 10 2 10 10 2 2 2 10 10 10 2 8 10
left_child=1 3 4 7 6 10 17 15 19 40 11 48 -11 32 22 23 31 35 25 20 -3 61 24 -1 -15 29 45 28 -28 -7 -16 38 -5 -34 -25 -2 -37 -24 -17 -12 41 43 52 51 -45 -23 -13 -21 -4 -50 -18 -6 -43 -41 -47 -46 58 -58 -42 -19 -49 -8
right_child=2 8 5 13 9 18 21 -9 -10 12 39 46 -14 14 30 16 50 59 -20 47 -22 26 37 34 -26 -27 27 -29 -30 -31 -32 -33 33 -35 -36 36 -38 -39 -40 53 56 42 -44 44 55 54 -48 60 49 -51 -52 -53 -54 -55 -56 -57 57 -59 -60 -61 -62 -63
leaf_value=-5.589147265171445e-05 0.0023347987510373295 -5.3363937541381569e-05 0.00067518658205212247 1.3097636396238436e-05 0.00023737666536983036 0.00087206121086671161 0.00024568607518635709 -5.3364778803080415e-05 -5.6850286954143376e-05 9.4819857628531399e-05 0.0019038001067788312 0.0019998109458630223 0.0006153492384340279 -2.584680146907322e-05 -6.581968159188615e-05 -2.1576602421441187e-05 -5.4964669152389563e-05 0.0016708650521250479 0.0027869970040316759 -5.3363937541381569e-05 -5.3363937541381569e-05 0.00041298045882743874 -9.1674186313893404e-06 8.4203010890990251e-05 2.7756479083543829e-05 0.0033599629234209744 -0.00017085814239341674 -0.00020470430616668158 0.0010483186091553823 0.0016173231676320772 -5.3307171051645412e-05 -1.9701931976406869e-05 -7.0675220822435326e-05 9.7364280103071429e-06 -4.9557555360397501e-06 6.6101256400739327e-05 0.00093297411634258307 -0.00011875975058016053 -7.7545022303619052e-05 0.004294646954319966 -5.5458000913288234e-05 4.9616542499788734e-06 -7.3007010601865144e-05 -8.753041263462685e-05 0.00013320550584681179 0.0012399538906859629 0.0041129393302786633 -5.3363937541381569e-05 0.00014112839026087065 0.001286856844354034 -5.1344297984625e-05 8.5293043969622558e-06 0.00040132945249993018 0.0027253027528770469 0.00053645478848170626 -4.7561795650544745e-05 -5.6162710577723014e-05 6.2072936341192445e-05 6.3677542642791196e-05 0.00080325199992971102 -5.3363937541381569e-05 -6.6466831471051756e-05
leaf_weight=386 856 757 270 3819 613 930 549 549 238 1755 187 250 2036 225 212 114 103 572 384 2845 1182 1156 403 129 640 291 174 227 147 400 169 346 96 119 384 128 257 315 192 1370 502 2517 1729 98 417 255 532 3237 101 278 111 266 270 304 694 335 177 197 99 768 6596 912
leaf_count=386 856 757 270 3819 613 930 549 549 238 1755 187 250 2036 225 212 114 103 572 384 2845 1182 1156 403 129 640 291 174 227 147 400 169 346 96 119 384 128 257 315 192 1370 502 2517 1729 98 417 255 532 3237 101 278 111 266 270 304 694 335 177 197 99 768 6596 912
internal_value=-0.00572567 -0.017863 0.00649844 -0.00308914 0.00335461 0.0170045 0.00679659 -0.0095378 -0.0261288 0.00126135 0.020826 0.0165712 0.004375 -0.0006001 -0.0039084 -0.0055889 -0.00989619 0.0120488 0.0107228 -0.0264516 -0.0232732 0.00349939 -0.00138258 -0.00143333 0.00169746 0.00889642 0.00514318 0.000437158 0.00493789 0.00743802 -0.0143717 -0.00652374 0.00101115 -0.00680556 0.002393 0.0154831 0.0104922 -0.0050904 -0.0115309 0.024087 -0.000373909 0.000148895 -0.000823555 0.00268786 -7.05053e-05 0.00636752 0.0233716 -0.0269359 0.00835385 0.0117632 -0.020093 0.00535227 0.000656385 0.0249672 0.00893684 0.00167331 -0.00371926 0.00016 -0.00612957 0.00885906 -0.0274527 0.000512996
internal_weight=46170 23167 23003 8312 17706 5297 6695 2314 14855 11011 3292 1431 3791 5998 1964 1765 866 2581 2005 14617 1939 4114 1583 899 865 1621 2653 548 321 1330 381 652 4034 215 513 1241 385 718 306 1861 7220 6245 4516 1729 850 2105 782 12678 649 379 214 879 2787 1674 949 752 975 374 601 1340 9833 1461
internal_count=46170 23167 23003 8312 17706 5297 6695 2314 14855 11011 3292 1431 3791 5998 1964 1765 866 2581 2005 14617 1939 4114 1583 899 865 1621 2653 548 321 1330 381 652 4034 215 513 1241 385 718 306 1861 7220 6245 4516 1729 850 2105 782 12678 649 379 214 879 2787 1674 949 752 975 374 601 1340 9833 1461
is_linear=0
shrinkage=0.03


Tree=77
num_leaves=63
num_cat=0
split_feature=0 8 0 6 0 5 8 11 0 3 11 0 8 9 11 9 0 0 11 8 3 11 10 8 7 5 10 2 2 10 11 8 0 10 0 3 8 10 0 7 2 11 2 10 6 10 6 8 2 11 3 2 2 0 6 8 7 10 3 10 7 11
split_gain=7463.61 3141.36 840.615 156.518 148.397 131.664 103.886 86.8446 80.6673 71.2426 52.277 75.3035 47.5634 41.3523 56.4305 31.0772 30.2213 29.5721 26.5415 26.1515 24.8812 24.4721 24.1611 24.114 23.814 22.184 20.0993 32.0894 23.1483 19.5705 19.5441 19.4276 18.5127 16.8722 15.7678 15.4725 15.3843 15.8089 14.7374 31.1628 14.3196 14.1852 15.4698 14.1525 14.0178 13.86 13.8342 13.8054 13.7572 13.6855 13.4275 13.2453 13.1333 13.0577 12.906 12.6086 12.3327 12.3047 12.279 12.2699 15.5168 14.2746
threshold=0.015000000000000001 -1.0000000180025095e-35 2.0150000000000001 0.96010100249940655 0.88500000000000012 0.22500000000000003 -0.37940952255126059 1.0000000180025095e-35 1.0000000180025095e-35 0.57500000000000007 -0.5 2.8250000000000006 0.37940952255126054 0.91597561503675351 0.6830127018922193 -0.12940952255126037 2.4250000000000003 0.065000000000000016 1.0000000180025095e-35 -0.78656609248549303 0.95000000000000007 -0.68301270189221952 -0.93301270189221908 0.12940952255126045 0.5142960625032339 0.15000000000000005 1.0000000180025095e-35 0.75000000000000011 1.0000000180025095e-35 -0.6830127018922193 1.0000000180025095e-35 0.91597561503675362 0.19500000000000003 1.0000000180025095e-35 1.1050000000000002 0.95000000000000007 0.78656609248549325 1.0000000180025095e-35 0.38500000000000006 0.60285249402552521 0.55000000000000016 0.6830127018922193 0.75000000000000011 1.0000000180025095e-35 0.96010100249940655 -0.6830127018922193 0.4249784619452962 -0.91597561503675329 0.75000000000000011 1.0000000180025095e-35 0.75000000000000011 0.75000000000000011 0.55000000000000016 0.80500000000000016 0.72773610537564315 -0.5 1.0214926040880241 -0.93301270189221908 0.45000000000000007 -0.24999999999999994 0.30384294336715045 0.25000000000000017
decision_type=10 2 10 2 10 10 2 2 10 10 2 10 2 2 2 2 10 10 2 2 10 2 2 2 10 8 2 8 10 2 2 2 10 2 10 10 2 2 10 10 10 2 10 2 2 2 2 2 10 2 10 8 10 10 2 2 10 2 10 2 10 2
left_child=1 3 4 6 12 10 18 36 23 34 11 43 15 41 51 20 49 -14 52 -20 24 31 -12 25 50 -3 38 28 -28 -11 -26 48 -33 -13 -9 57 37 -6 39 -17 -16 -5 -43 -4 -31 -25 -29 -44 -19 -7 -2 58 -1 55 -21 -32 -39 -18 -15 -23 -61 -62
right_child=2 8 5 13 7 16 -8 9 -10 29 22 33 17 14 40 26 35 21 19 54 -22 59 -24 45 30 -27 27 46 -30 44 53 32 -34 -35 -36 -37 -38 56 -40 -41 -42 42 47 -45 -46 -47 -48 -49 -50 -51 -52 -53 -54 -55 -56 -57 -58 -59 -60 60 61 -63
leaf_value=3.0861566547880863e-05 0.0016082288462733886 -5.1763019415140122e-05 0.00048185938208289311 1.5235220408693245e-05 0.00018792794650393296 0.0006308070992053985 -5.1763835438988008e-05 0.0010365836225465514 -5.2022840434049798e-05 -0.0001827481266038866 0.0016694094817728388 0.0017700879961818161 -5.7168831308943638e-05 -6.3572147042558855e-05 -6.3845091144129553e-05 -4.1319390214085587e-05 0.0011603809783009822 0.0006945529104860484 -4.1303449557993622e-05 -6.4434015839803847e-05 8.1828947106237502e-05 1.6279367679817078e-05 0.0039605277733563296 -5.1763019415140122e-05 0.0019283020193184427 -5.1763019415140122e-05 -2.3875051056409776e-05 -0.00011953781097520586 0.00051982058634058377 -0.00023499348668284763 -0.00025983519851375826 8.3844045735145413e-05 -8.562812784653837e-05 0.0039677313076791829 0.001768046330070292 0.00012799278695341753 -0.00026477413136250237 0.00057427093351417253 -0.00038397345246060025 0.0010871434578995291 -5.1707955920096055e-05 6.2600293656538475e-06 5.9937489608742621e-06 0.0010766755639627407 0.0012460230066228294 -5.1763019415140122e-05 -3.4490650484876593e-06 -0.00011216632491986488 0.00014256253285587417 0.0025327607179568097 0.00051012522065678641 -6.50145598415429e-05 -5.2420792078432821e-05 0.001497391394643093 -5.6632547700412485e-05 0.00094522804268376223 -0.00011802628707168722 0.0023345688767091254 4.3254842700563549e-05 -9.1548656039827401e-05 0.00022757867216075271 -0.00016693386438558771
leaf_weight=179 496 761 258 3155 1692 524 465 365 385 230 185 265 694 432 163 840 175 165 384 187 2183 1080 1674 2819 126 1168 344 148 600 172 433 183 238 510 1393 89 166 1512 270 122 219 953 235 380 883 9724 597 462 548 280 562 351 685 98 153 134 117 931 289 1092 154 196
leaf_count=179 496 761 258 3155 1692 524 465 365 385 230 185 265 694 432 163 840 175 165 384 187 2183 1080 1674 2819 126 1168 344 148 600 172 433 183 238 510 1393 89 166 1512 270 122 219 953 235 380 883 9724 597 462 548 280 562 351 685 98 153 134 117 931 289 1092 154 196
internal_value=-0.0058199 -0.0178511 0.0062454 -0.00308192 0.0031339 0.0167697 -0.0102678 0.00673404 -0.0261132 0.0104369 0.0204766 0.0161033 0.00105361 -0.000723642 -0.00515464 0.00259275 0.010695 -0.00140657 -0.00660793 -0.0108414 0.00429953 -0.000328138 0.0237903 -0.0264741 0.00685946 -0.0233005 0.00023614 0.00236095 0.00603175 0.00506221 0.00291667 0.0033304 -0.00177725 0.022384 0.0143604 0.0137207 0.00350057 0.00394642 -0.0026764 -0.000934579 -0.0150392 0.000617978 -0.00163537 0.0084507 0.00678977 -0.0269603 -0.00229223 -0.00502865 0.00634454 0.00618634 0.0098017 -0.00162162 -0.00305202 0.000855856 -0.0168915 -0.000897887 0.00605521 0.0146883 0.000706371 -0.00197384 -0.00378378 0.0017094
internal_weight=46273 23169 23104 8312 17833 5271 2053 6530 14857 3043 3272 1413 11303 6259 1454 6953 1999 4350 1588 724 4032 3656 1859 14472 1849 1929 2921 1689 944 1285 791 1134 421 775 1758 1195 3487 3321 1232 962 382 4805 1650 638 1055 12543 745 697 713 804 1058 1072 864 665 340 567 1629 1106 721 2522 1442 350
internal_count=46273 23169 23104 8312 17833 5271 2053 6530 14857 3043 3272 1413 11303 6259 1454 6953 1999 4350 1588 724 4032 3656 1859 14472 1849 1929 2921 1689 944 1285 791 1134 421 775 1758 1195 3487 3321 1232 962 382 4805 1650 638 1055 12543 745 697 713 804 1058 1072 864 665 340 567 1629 1106 721 2522 1442 350
is_linear=0
shrinkage=0.03


Tree=78
num_leaves=63
num_cat=0
split_feature=7 9 1 6 9 5 1 9 9 9 9 9 9 11 1 11 9 11 9 5 9 3 1 11 11 10 5 2 10 4 3 11 1 6 9 1 11 10 11 6 5 5 2 9 7 10 11 9 5 6 3 4 2 10 10 7 7 7 5 10 4 7
split_gain=5741.22 1136.84 579.782 136.38 129.704 125.548 106.616 81.9658 82.0502 179.219 216.232 141.665 136.798 127.153 89.1228 65.276 61.6345 52.0102 47.6499 41.7705 41.6568 39.4406 38.4593 50.0998 35.8017 46.8139 35.7934 33.3546 32.8401 26.9578 26.5877 25.0035 22.206 22.0106 21.2745 20.895 32.0621 20.0621 19.3657 18.7451 17.787 15.2497 28.8009 16.0936 15.2264 16.0922 14.9088 14.6419 14.3993 13.6102 12.8249 12.7989 12.7633 12.3991 11.9968 11.7337 10.9815 10.2215 15.2664 14.6206 13.9605 12.9337
threshold=1.0000000180025095e-35 -0.37940952255126015 2.0950000000000002 0.9919160630702849 -0.60355339059327384 0.15000000000000005 1.2050000000000003 0.98296291314453421 0.37940952255126048 0.25881904510252057 0.1294095225512602 1.0000000180025095e-35 -0.12940952255126037 1.0000000180025095e-35 1.0000000180025095e-35 -0.5 0.91597561503675351 1.0000000180025095e-35 -0.9159756150367534 0.083333333333333315 0.78656609248549303 0.75000000000000011 2.8450000000000002 -0.5 0.25000000000000017 -0.24999999999999994 0.083333333333333315 0.55000000000000016 0.25000000000000011 0.11666666666666667 0.11666666666666667 0.6830127018922193 0.32500000000000007 0.97587888928342192 -0.78656609248549325 3.0050000000000003 1.0000000180025095e-35 -0.5 0.25000000000000017 0.9919160630702849 0.15000000000000005 0.22500000000000003 1.0000000180025095e-35 -0.37940952255126015 0.47168546901723457 0.68301270189221941 0.6830127018922193 -0.78656609248549325 0.55000000000000016 0.80250532449306278 0.95000000000000007 0.37222222222222229 0.55000000000000016 -0.6830127018922193 0.25000000000000011 0.85190357955721085 0.91205306799336661 0.93245415833840262 0.15000000000000005 -0.24999999999999994 0.64166666666666683 0.26929030721600383
decision_type=10 2 10 2 2 10 10 2 2 2 2 2 2 2 10 2 2 2 2 10 2 10 10 2 2 2 10 10 2 8 8 2 10 2 2 10 2 2 2 2 8 10 10 2 10 2 2 2 8 2 8 10 10 2 2 10 10 10 10 2 10 10
left_child=1 4 6 16 18 22 28 8 9 10 11 12 13 -5 -13 -6 21 44 30 51 37 -3 23 -4 34 -26 -17 35 32 -22 -1 -31 39 -21 -20 36 55 -10 -12 -2 -9 42 43 -30 -8 -46 -28 -35 -39 -29 -32 -19 -33 -40 -24 -7 -49 58 59 -34 -60 -62
right_child=2 3 5 7 15 27 17 40 20 -11 38 14 -14 -15 -16 26 -18 19 24 33 29 -23 54 -25 25 -27 46 49 41 31 50 52 57 47 -36 -37 -38 48 53 -41 -42 -43 -44 -45 45 -47 -48 56 -50 -51 -52 -53 -54 -55 -56 -57 -58 -59 60 -61 61 -63
leaf_value=0.0034629825862871979 -0.00010375634174099091 -5.0210128832685916e-05 0.0009574616161270444 -4.0160060773793762e-05 0.00011705567443269387 0.0022358743503959589 0.0014043092855399357 -5.0210128832685916e-05 -5.112366028420116e-05 -5.0210128832685916e-05 0.0001365526668953005 -5.0210128832685916e-05 6.0123828387639809e-05 -5.0210128832685916e-05 2.0009104855032816e-06 -1.9041836370530548e-05 -5.0210128832685916e-05 0.0023398999296199972 0.00099034560074966909 -0.0002067129904736424 -5.0210128832685916e-05 -5.0210128832685916e-05 0.0027585547512706463 0.0031146487049588697 0.00039813457042920194 -0.00015289396997822391 -6.5540061757949814e-05 -5.0669195966423494e-05 0.00046714105328258426 -5.0210128832685916e-05 0.0019709525661575971 -5.0136880605982695e-05 0.0006069346012662197 0.0017711959032793434 0.00011331760818938358 0.0029432690171187601 0.0035452974268132091 -5.2488878659325945e-05 -8.0649768646041747e-05 5.1675300838515506e-05 -5.0210128832685916e-05 0.00014663059254706688 0.00087375993313190692 -0.0001297966882720094 0.00029523544684295801 0.0011939306283007584 -5.0210128832685916e-05 0.0012433395697266127 -5.0210128832685916e-05 0.0015982535314353029 -4.4756668651884935e-05 0.0013899668061998216 -5.0210128832685916e-05 -1.2986667406428616e-05 0.0046904602406955907 0.00073229951474916837 -4.0049474196450216e-05 -0.00015094783015957237 1.9016534536028249e-05 0.0011496939595931981 0.00065742112542131498 0.00020589095249697194
leaf_weight=106 970 1135 449 411 394 147 251 685 1719 1387 292 1291 480 762 109 309 1602 428 344 136 2685 3988 389 916 394 671 361 155 91 1915 279 166 303 691 719 385 312 2663 121 824 736 2633 720 268 1501 236 340 244 1190 1013 93 96 789 479 844 384 145 421 1443 145 382 524
leaf_count=106 970 1135 449 411 394 147 251 685 1719 1387 292 1291 480 762 109 309 1602 428 344 136 2685 3988 389 916 394 671 361 155 91 1915 279 166 303 691 719 385 312 2663 121 824 736 2633 720 268 1501 236 340 244 1190 1013 93 96 789 479 844 384 145 421 1443 145 382 524
internal_value=-0.00589879 -0.0141686 0.0076655 -0.0165825 0.000643231 0.0163003 0.0042014 -0.0152106 -0.0146118 -0.0176749 -0.014407 -0.0182024 -0.012243 -0.0177598 -0.0252248 -0.00670463 -0.0202275 0.0084473 0.00460299 0.0122343 -0.0131425 -0.0186124 0.0208696 0.0173719 0.00267731 -0.00121013 -0.0107418 0.0113392 0.00238625 -0.0149838 0.0131524 -0.0170115 0.000801915 0.00917009 0.00656955 0.0147925 0.0121209 -0.0113045 -0.00141097 -0.00187187 -0.0221308 0.00452464 0.00752778 0.000583333 0.00512821 0.00412543 -0.0144872 0.0106013 -0.0125091 0.00769889 0.00932976 0.0193143 -0.0209937 -0.00449251 0.0247245 0.00761278 0.00592308 0.00229264 0.00294853 0.00801782 0.00197872 0.00489526
internal_weight=46061 28615 17446 24605 4010 4994 12452 17880 16459 5332 3945 3053 1653 1173 1400 1404 6725 3728 2606 1740 11127 5123 2598 1365 2128 1065 1010 2396 8724 5555 478 2870 5012 1216 1063 1228 843 5572 892 1794 1421 3712 1079 359 1988 1737 701 1080 3853 1168 372 524 955 600 1233 531 389 3218 2797 448 2349 906
internal_count=46061 28615 17446 24605 4010 4994 12452 17880 16459 5332 3945 3053 1653 1173 1400 1404 6725 3728 2606 1740 11127 5123 2598 1365 2128 1065 1010 2396 8724 5555 478 2870 5012 1216 1063 1228 843 5572 892 1794 1421 3712 1079 359 1988 1737 701 1080 3853 1168 372 524 955 600 1233 531 389 3218 2797 448 2349 906
is_linear=0
shrinkage=0.03


Tree=79
num_leaves=63
num_cat=0
split_feature=0 8 0 6 0 2 1 8 11 1 6 9 11 1 0 8 8 11 10 1 2 0 8 8 4 0 2 8 0 2 10 9 11 10 10 7 11 1 7 0 11 11 2 2 7 11 6 1 7 2 9 2 10 8 0 11 4 2 6 8 10 8
split_gain=7187.97 3210.71 757.95 148.035 132.674 112.431 108.173 100.944 57.95 53.134 49.0186 48.3775 68.867 43.6109 42.153 33.4244 30.8015 27.7931 26.9702 25.0819 24.5032 23.1707 24.8756 21.8581 20.0512 19.7315 18.916 18.0972 17.3119 17.2193 17.1036 16.7603 16.6013 16.1134 15.8865 14.3136 15.5288 13.8012 27.9901 17.3997 13.4136 13.1393 15.2933 12.4311 11.9085 18.5588 11.8754 11.4765 47.1035 10.9347 11.1813 10.8384 10.6562 10.4907 10.4878 10.4188 13.3731 10.2793 12.2975 9.92206 10.87 9.79358
threshold=0.015000000000000001 -1.0000000180025095e-35 2.0150000000000001 0.96010100249940655 0.66500000000000015 0.15000000000000005 1.0000000180025095e-35 -0.70710678118654735 0.25000000000000017 2.6050000000000004 0.9919160630702849 0.91597561503675351 0.6830127018922193 0.32500000000000007 1.1250000000000002 -0.70710678118654735 0.25881904510252091 1.0000000180025095e-35 0.25000000000000011 2.4850000000000008 0.75000000000000011 1.0000000180025095e-35 1.0000000180025095e-35 -0.37940952255126059 0.81666666666666676 0.15500000000000003 0.15000000000000005 0.37940952255126054 3.2250000000000005 0.55000000000000016 0.25000000000000011 -0.5 -0.5 -0.6830127018922193 -0.6830127018922193 1.0214926040880241 -0.5 1.0000000180025095e-35 1.0000000180025095e-35 0.025000000000000005 -0.5 -0.24999999999999994 0.25000000000000006 0.8500000000000002 0.98818824404761918 0.6830127018922193 0.9919160630702849 1.0000000180025095e-35 1.0000000180025095e-35 0.65000000000000002 0.60355339059327384 0.35000000000000003 1.0000000180025095e-35 0.25881904510252091 0.93500000000000016 0.6830127018922193 0.96250000000000002 0.75000000000000011 0.21090423132313618 0.37940952255126054 -0.24999999999999994 -0.5
decision_type=10 2 10 2 10 10 10 2 2 10 2 2 2 10 10 2 2 2 2 10 10 10 2 2 8 10 10 2 10 10 2 2 2 2 2 10 2 10 10 10 2 2 10 10 10 2 2 10 10 10 2 10 2 2 10 2 8 10 2 2 2 2
left_child=1 3 4 7 13 15 21 57 19 17 -10 24 43 25 59 32 -17 -7 28 30 23 22 -3 40 41 27 61 47 -11 -14 31 54 -4 -28 -24 36 -18 39 -39 -29 -9 42 -5 -13 46 52 -15 -2 -49 -43 -51 -27 -46 -20 -6 56 -26 -1 -59 -12 -61 -16
right_child=2 6 5 11 8 9 -8 20 10 18 14 12 29 44 26 16 35 -19 53 -21 -22 -23 34 -25 55 51 33 37 -30 -31 -32 -33 -34 -35 -36 -37 -38 38 -40 -41 -42 49 -44 -45 45 -47 -48 48 -50 50 -52 -53 -54 -55 -56 -57 -58 58 -60 60 -62 -63
leaf_value=7.3852656435944649e-06 4.1809852872351226e-05 -4.8703824967705339e-05 0.00058120962551572251 -1.8133814321480077e-07 0.00058082013056290121 0.00082716835743083523 -4.8274030905773701e-05 4.2230737115975151e-05 -0.00011617115627381935 0.0014949588491631821 0.0011265293751451296 7.9292233385311015e-06 -6.0423434544825098e-05 0.00012731745286632512 0.0013314991056214186 0.0044130978026945466 0.00083582782872336557 0.0023955050141612221 0.0039862283452771919 0.001858550724195394 -4.870461651083779e-05 -4.8955851356047727e-05 -4.8703824967705339e-05 -5.0405275870448849e-05 4.0765126844142429e-05 -4.7851047032959368e-05 0.00037946821319111645 -5.6572508800285622e-05 0.0033049057905884271 -4.8650413377512596e-05 0.00037474493444945048 -9.9132874230584137e-05 0.0020352601218419052 0.0018687447958661784 -4.8703824967705339e-05 0.0026325583571221111 0.0025043060755463253 3.9278066156889482e-05 -4.302375618623323e-05 -5.0805342383632451e-05 -8.7395493161115053e-05 1.2009529384436108e-05 7.9757906082522057e-05 -6.1557819181316036e-05 0.00046876723891263239 -0.00040798590332058622 0.00058974793724280491 -0.00012518789643390149 -7.194598060765444e-07 7.0382353162055237e-06 -5.3606106576841761e-05 6.6890029259413568e-05 -4.7081905777053221e-05 0.0016996063704754238 0.00018827762019927197 -0.00010729503130728835 -6.4142047823397813e-05 -6.5686786872118022e-05 -2.8083282244066411e-05 0.00063610799036795162 -0.00030495824800668076 0.0018524563185771054
leaf_weight=296 1056 1885 136 494 365 1195 233 85 407 806 835 788 175 1017 218 1203 151 575 556 311 576 265 2799 191 223 635 250 158 157 229 1970 962 102 967 9614 115 171 111 359 863 93 1819 821 279 90 126 1283 98 604 487 517 3040 188 80 1381 314 193 299 459 166 160 252
leaf_count=296 1056 1885 136 494 365 1195 233 85 407 806 835 788 175 1017 218 1203 151 575 556 311 576 265 2799 191 223 635 250 158 157 229 1970 962 102 967 9614 115 171 111 359 863 93 1819 821 279 90 126 1283 98 604 487 517 3040 188 80 1381 314 193 299 459 166 160 252
internal_value=-0.00586522 -0.0176875 0.00596497 -0.0027989 0.00302132 0.0159889 -0.0260769 -0.009915 0.00581443 0.0127033 0.00892813 -0.000553628 -0.00531929 0.000629349 0.0103194 0.0218733 0.0234004 0.0091135 0.0166687 0.00378156 -0.0170296 -0.0264014 -0.0265655 -0.0109459 0.000887246 -0.000632491 0.0133472 -0.00233538 0.0134751 -0.0158519 0.00323146 0.00168328 0.0112971 0.0113547 -0.027059 0.0165068 0.0131889 -0.00476542 -0.000509554 -0.00672211 -0.00335196 0.00169606 0.00417173 -0.00132022 0.00385952 -0.000888889 0.00469361 -0.000272882 -0.00324324 0.000541785 -0.00197015 0.000873232 0.00344086 0.0214757 0.00343446 -0.00369357 -0.00057554 -0.00352607 -0.00537549 0.00591222 0.00146789 0.0184713
internal_weight=46253 23134 23119 8338 17872 5247 14796 1999 8244 3369 3255 6339 1471 9628 2848 1878 1640 1770 1599 4989 945 14563 14298 369 4868 6924 1687 3249 963 404 4678 2708 238 1217 12413 437 322 1491 470 1021 178 4138 1315 1067 2704 404 2300 1758 702 2823 1004 3675 278 636 1746 730 416 1054 758 1161 326 470
internal_count=46253 23134 23119 8338 17872 5247 14796 1999 8244 3369 3255 6339 1471 9628 2848 1878 1640 1770 1599 4989 945 14563 14298 369 4868 6924 1687 3249 963 404 4678 2708 238 1217 12413 437 322 1491 470 1021 178 4138 1315 1067 2704 404 2300 1758 702 2823 1004 3675 278 636 1746 730 416 1054 758 1161 326 470
is_linear=0
shrinkage=0.03


Tree=80
num_leaves=63
num_cat=0
split_feature=0 8 0 5 8 0 1 2 3 11 0 8 2 8 1 11 1 8 0 11 8 2 11 8 3 8 8 11 5 10 0 7 8 10 10 8 3 7 11 2 10 10 11 3 2 11 11 11 3 7 10 5 1 7 7 1 2 7 10 1 7 4
split_gain=7102.77 3218.52 768.764 157.277 131.523 120.646 108.927 68.0059 53.3879 53.7011 57.3849 42.9749 42.2106 41.7813 34.5279 33.9345 32.5171 31.4519 30.162 28.8201 28.5694 25.5452 24.8845 23.6427 23.2856 35.5021 22.155 21.8798 21.3538 21.2377 20.0078 19.6795 26.7159 19.1722 19.1664 19.1012 18.9422 18.7132 17.2475 16.6589 16.379 16.2927 15.9647 17.6223 15.4664 14.4209 14.0992 13.192 12.9855 12.8354 18.5933 12.735 12.2035 31.3024 13.322 11.8999 13.8608 13.6142 14.5957 11.4762 26.1549 11.5949
threshold=0.015000000000000001 -1.0000000180025095e-35 2.0150000000000001 0.15000000000000005 -0.37940952255126059 0.52500000000000013 1.0000000180025095e-35 0.65000000000000002 0.75000000000000011 0.25000000000000017 1.1050000000000002 0.25881904510252091 0.65000000000000002 0.37940952255126054 2.9550000000000005 1.0000000180025095e-35 2.4850000000000008 -0.70710678118654735 0.065000000000000016 0.25000000000000017 -0.60355339059327362 1.0000000180025095e-35 0.6830127018922193 1.0000000180025095e-35 0.95000000000000007 -0.70710678118654735 0.78656609248549325 0.25000000000000017 0.15000000000000005 1.0000000180025095e-35 1.0000000180025095e-35 0.90922381711855416 0.37940952255126054 -0.6830127018922193 1.0000000180025095e-35 0.91597561503675362 0.11666666666666667 0.41911919983105844 -0.24999999999999994 0.25000000000000006 0.25000000000000011 1.0000000180025095e-35 -0.24999999999999994 0.95000000000000007 0.25000000000000006 -0.5 0.6830127018922193 -0.5 0.35000000000000003 1.0168648719606768 0.68301270189221941 1.0000000180025095e-35 1.0000000180025095e-35 0.047700308792458977 0.33236032509254937 0.015000000000000001 0.8500000000000002 0.073859761918678296 -0.93301270189221908 1.0000000180025095e-35 0.019447123111539701 0.58333333333333337
decision_type=10 2 10 10 2 10 10 8 10 2 10 2 8 2 10 2 10 2 10 2 2 10 2 2 10 2 2 2 8 2 10 10 2 2 2 2 10 10 2 10 2 2 2 10 10 2 2 2 10 10 2 8 10 10 10 10 10 10 2 10 10 10
left_child=1 4 5 11 12 13 23 46 9 16 31 17 -1 24 15 -5 26 45 59 35 27 -13 -9 28 25 29 41 -14 -3 -2 33 32 -11 -25 44 37 -12 42 -22 -17 -21 -7 43 -20 -19 -4 -6 -23 -33 -43 -51 -35 -31 -54 -55 -26 -57 -58 -59 61 -61 -15
right_child=2 6 3 14 7 8 -8 22 -10 10 36 21 20 18 -16 39 -18 34 19 40 38 47 -24 30 55 -27 -28 -29 -30 52 -32 48 -34 51 -36 -37 -38 -39 -40 -41 -42 49 -44 -45 -46 -47 -48 -49 -50 50 -52 -53 53 54 -56 56 57 58 -60 60 -62 -63
leaf_value=1.3066398448045493e-05 -6.9652090485749698e-06 -4.7242710218674188e-05 0.00065099632029825486 0.00085206219290670071 -4.6919022933953262e-05 0.00012761981822390523 -5.0637362970911089e-05 -4.7242440859459872e-05 0.00022413474031621701 0.001649126227580488 0.0018441421617110846 0.0025565513183394592 1.652685487755375e-05 -5.9695559477855581e-05 0.0025681411966814887 0.0034145340599192717 0.0024081260202172758 0.0036375498321014341 0.00077526825053543698 -4.4934811202216037e-05 -4.2166887590074053e-05 0.00040202658759949769 -4.7207641497295677e-05 -4.7242710218674188e-05 -7.2932073842566866e-05 0.0013879358459343888 -0.00013143820141150729 -4.2721500987275353e-05 -4.7242710218674188e-05 0.0003924118965553662 -4.7487175815366295e-05 0.00032056942022141055 -1.3495091772867118e-05 -4.7242710218674188e-05 0.0042630687950352747 -3.1742033955229188e-05 0.0015158285429967577 0.00056079925174396471 -5.1542660343103747e-05 0.0021285426243767567 -0.00017879197855033004 0.00066460130894448514 -4.3894688036542423e-05 8.2808346962129719e-05 0.0017362740539467914 0.0019115528811054572 -5.8610731508480345e-05 0.0017924236515097357 -0.00056338776006141121 -0.00041386195137340097 0.0009824579994983317 -4.7242710218674188e-05 -0.00010820661096776398 0.00097096141958699655 0.00041323521848313027 0.00028967428311096714 8.2237162593370712e-05 0.00023183613127976703 -8.5735345091446987e-05 3.5753727631748475e-05 -7.2263786133409044e-05 -5.3897795133743308e-05
leaf_weight=3037 1203 766 153 1377 776 881 232 704 4246 573 627 287 1073 276 592 245 179 300 127 569 403 195 264 2793 354 340 369 1308 1187 508 256 180 276 3149 1270 622 886 113 567 352 418 1067 283 493 259 123 211 143 81 81 121 6391 80 145 484 179 446 91 1058 89 146 202
leaf_count=3037 1203 766 153 1377 776 881 232 704 4246 573 627 287 1073 276 592 245 179 300 127 569 403 195 264 2793 354 340 369 1308 1187 508 256 180 276 3149 1270 622 886 113 567 352 418 1067 283 493 259 123 211 143 81 81 121 6391 80 145 484 179 446 91 1058 89 146 202
internal_value=-0.00592118 -0.0176758 0.00584799 0.0158807 -0.00277924 0.00286108 -0.0260873 -0.00958589 0.00515155 0.00715333 0.0102096 0.0208934 -0.000694944 0.000196913 0.0105415 0.00862785 0.00417933 0.0229487 -0.00238994 -0.000902513 -0.00301611 0.0139457 -0.0152322 -0.0264127 0.00196359 0.00378124 0.00329762 -0.00124685 -0.0232907 0.0025031 -0.0268952 0.0050225 0.00723529 -0.0270691 0.024377 0.00153752 0.0140092 0.0040708 -0.00735324 0.0145987 -0.00494939 0.00446304 0.00262168 0.00531401 0.0196607 0.0134296 -0.00403846 0.00831858 -0.00217557 0.0066378 -0.000295567 -0.0277204 0.00529557 0.00274648 0.005 -0.000394551 0.000608451 -0.000281955 -0.0020087 -0.00785714 -0.00241525 -0.0105219
internal_weight=46206 23117 23089 5296 8343 17793 14774 1955 9567 5321 2623 2730 6388 8226 2566 1974 2698 2105 3338 2625 3351 625 968 14542 4888 2760 2519 2381 1953 2420 12589 1110 849 12333 1829 1638 1513 1016 970 597 987 2150 903 620 559 276 987 338 261 1269 202 9540 1217 709 629 2128 1774 1595 1149 713 235 478
internal_count=46206 23117 23089 5296 8343 17793 14774 1955 9567 5321 2623 2730 6388 8226 2566 1974 2698 2105 3338 2625 3351 625 968 14542 4888 2760 2519 2381 1953 2420 12589 1110 849 12333 1829 1638 1513 1016 970 597 987 2150 903 620 559 276 987 338 261 1269 202 9540 1217 709 629 2128 1774 1595 1149 713 235 478
is_linear=0
shrinkage=0.03


Tree=81
num_leaves=63
num_cat=0
split_feature=0 8 0 5 6 8 0 1 11 8 3 8 11 1 11 8 8 1 11 2 8 6 5 5 7 0 2 1 2 6 0 8 1 4 5 1 2 6 1 2 7 1 2 8 4 2 8 8 8 0 8 6 7 3 11 11 7 8 11 0 8 8
split_gain=7058.06 3133.82 724.762 158.004 154.276 128.864 125.667 118.327 87.4384 45.6252 45.3283 44.8692 53.5353 44.6362 32.5054 37.7828 31.7076 31.1519 29.9075 27.8011 25.79 23.2665 22.8546 19.9205 21.2298 19.7675 18.1197 16.9636 16.2588 16.1057 15.9334 15.3053 28.443 14.4892 13.5984 13.0946 13.076 15.6268 12.978 12.8685 12.6962 15.3614 12.4065 11.9435 11.391 11.0772 11.0548 13.9551 10.9404 10.9351 10.5296 10.5271 19.4193 13.2787 14.481 10.9425 23.2982 10.3451 10.2223 10.2006 13.6555 10.1781
threshold=0.015000000000000001 -1.0000000180025095e-35 2.0150000000000001 0.15000000000000005 0.9919160630702849 -0.37940952255126059 0.88500000000000012 1.0000000180025095e-35 0.25000000000000017 0.25881904510252091 0.35000000000000003 -0.37940952255126059 0.6830127018922193 0.22400000000000003 -0.5 -0.70710678118654735 -0.70710678118654735 3.1550000000000007 1.0000000180025095e-35 1.0000000180025095e-35 1.0000000180025095e-35 0.9919160630702849 0.15000000000000005 0.083333333333333315 1.0147758284600392 0.042500000000000003 0.25000000000000006 1.9350000000000003 0.55000000000000016 0.21090423132313618 1.0000000180025095e-35 0.78656609248549325 1.0000000180025095e-35 0.29285714285714293 0.15000000000000005 2.2950000000000004 0.35000000000000003 0.9919160630702849 2.5850000000000004 0.25000000000000006 0.073859761918678296 0.065000000000000016 0.8500000000000002 0.60355339059327384 0.48333333333333339 0.55000000000000016 -0.91597561503675329 -0.98296291314453399 -0.70710678118654735 3.0450000000000004 0.78656609248549325 0.9919160630702849 0.48564560439560439 0.95000000000000007 1.0000000180025095e-35 0.6830127018922193 0.95732312792012275 -0.60355339059327362 0.6830127018922193 0.26500000000000007 0.91597561503675362 0.37940952255126054
decision_type=10 2 10 10 2 2 10 10 2 2 10 2 2 8 2 2 2 10 2 10 2 2 8 10 10 10 10 10 10 2 10 2 10 10 10 10 10 2 10 10 10 10 8 2 10 8 2 2 2 10 2 2 10 10 2 2 10 2 2 10 2 2
left_child=1 4 6 9 5 14 13 20 23 16 -10 46 42 25 -1 29 -4 18 49 -11 22 -12 -3 24 43 31 35 51 -14 -16 45 34 -33 -17 -2 -20 -27 40 -25 -18 41 -38 -13 -8 -9 -22 47 -6 -26 -5 -42 -15 53 -53 -55 59 -57 -48 -31 -54 -61 -39
right_child=2 7 3 17 11 -7 8 44 10 19 21 12 28 27 15 33 39 -19 26 -21 30 -23 -24 38 48 36 -28 -29 -30 58 -32 32 -34 -35 -36 -37 37 61 -40 -41 50 -43 -44 -45 -46 -47 57 -49 -50 -51 -52 52 55 54 -56 56 -58 -59 -60 60 -62 -63
leaf_value=-1.1322737227585643e-07 0.00014389227743226993 -4.5825428912113965e-05 0.001144720634268026 0.00075363642556947822 8.7046895098845826e-05 -4.5826829737636059e-05 0.001386000498744 8.7148784031948607e-06 0.0016009522698677253 0.0024153323539090241 -0.00024024892225774558 7.4589294304401582e-06 -5.6852409563225935e-05 4.4134909379444849e-05 -6.6386490069016317e-05 -5.7160714436112004e-05 0.0041066077907572236 0.0028839951139035995 0.002692416743729084 0.00077756907176396931 -4.5825428912113965e-05 0.0011712219676043895 -4.5825428912113965e-05 0.0001262304056987229 -0.00034871651457974578 -3.8289734564024481e-05 0.0018456949392923066 0.0024032603061152581 -4.5774671731268346e-05 3.6968248192456241e-07 -4.6062560540905305e-05 -5.7841338032527551e-05 9.4347631677634339e-06 -4.9457618283346312e-05 -4.606531997920247e-05 0.0042639941512719014 -3.9718539267355747e-05 0.00035980844510985699 0.0014016782663657079 0.0028774296533489183 -0.00013667013097069973 0.00017866387515751259 -6.0706160845075043e-05 7.4834534393092706e-05 -5.1701254325471888e-05 -4.5825428912113965e-05 1.8405556833490447e-05 -2.3968182502362017e-05 0.00012045895213312618 0.0017105193336999674 3.184198151957543e-05 0.00096656852814336878 0.00039814678804703436 0.00031094451396723917 -0.00021882533304424688 0.00032920498503462411 -0.00044740545563708378 -6.3655091442171848e-06 -8.3823535933912524e-05 0.00040044101185977344 -0.0001780459436651146 2.0298910507607262e-05
leaf_weight=589 213 775 295 1373 98 528 643 126 1198 292 232 754 167 1820 228 98 1051 362 146 325 4779 1105 1178 2631 87 1031 366 151 203 385 256 288 149 217 484 123 1151 884 195 761 436 329 267 270 101 7577 2507 611 143 228 121 632 145 220 198 392 158 1391 270 1047 86 1362
leaf_count=589 213 775 295 1373 98 528 643 126 1198 292 232 754 167 1820 228 98 1051 362 146 325 4779 1105 1178 2631 87 1031 366 151 203 385 256 288 149 217 484 123 1151 884 195 761 436 329 267 270 101 7577 2507 611 143 228 121 632 145 220 198 392 158 1391 270 1047 86 1362
internal_value=-0.00611175 -0.0178382 0.00560586 0.0153184 -0.00309959 -0.00967617 0.00270138 -0.0261205 0.00602306 0.020367 0.0103746 -0.000560093 -0.00528017 0.000788635 -0.00582215 -0.00865721 0.0224715 0.0100192 0.00869021 0.0131553 -0.0264554 0.00656951 -0.0231986 0.00324181 0.00658217 -0.000846643 0.0141981 0.00296289 -0.0150404 -0.0054638 -0.0269579 -0.00444053 -0.00883562 -0.0175633 -0.00167622 0.0201111 -7.90216e-05 0.000651261 0.00188893 0.0239603 -0.00125123 0.000202566 -0.0017319 0.00863239 -0.00460526 -0.0271134 0.000865885 -0.00257746 -0.00155844 0.00649813 -0.00510753 0.00264312 0.00377214 0.00702188 0.00286396 0.00190268 -0.00163339 0.00149269 -0.00306402 0.00342455 0.00246032 0.0023765
internal_weight=46228 23105 23123 5322 8313 2315 17801 14792 6504 2724 2535 5998 1391 11297 1787 1198 2107 2598 2236 617 14565 1337 1953 3969 1143 6448 635 4849 370 883 12612 1134 437 315 697 269 5314 4283 2826 1812 2037 1480 1021 913 227 12356 4607 709 230 1601 557 4698 2878 1050 418 1828 550 3898 655 1278 1133 2246
internal_count=46228 23105 23123 5322 8313 2315 17801 14792 6504 2724 2535 5998 1391 11297 1787 1198 2107 2598 2236 617 14565 1337 1953 3969 1143 6448 635 4849 370 883 12612 1134 437 315 697 269 5314 4283 2826 1812 2037 1480 1021 913 227 12356 4607 709 230 1601 557 4698 2878 1050 418 1828 550 3898 655 1278 1133 2246
is_linear=0
shrinkage=0.03


Tree=82
num_leaves=63
num_cat=0
split_feature=0 8 0 8 10 6 1 1 11 11 6 1 11 3 0 2 0 11 11 6 8 8 9 8 3 8 8 2 8 10 0 10 0 8 9 2 0 2 6 11 6 0 7 2 8 3 8 1 3 10 0 1 3 0 11 8 2 0 2 7 11 9
split_gain=6981.07 3174.54 699.368 139.271 130.699 128.858 115.046 112.023 61.5979 56.0951 51.9944 46.3535 73.4304 46.2042 44.6638 36.9777 36.8391 34.4927 25.9537 28.4361 27.7407 25.26 24.9863 24.6113 23.6608 23.0356 21.8089 19.2967 18.5134 18.4973 18.4779 18.2192 17.9914 16.8571 15.8834 19.2937 15.3739 14.7544 13.6443 16.3339 13.5134 18.7154 13.4089 13.0436 12.6318 14.4245 12.0762 11.944 11.9383 11.5021 11.4453 12.3381 11.2501 11.0135 10.9277 18.005 10.4608 10.4493 10.2808 10.1562 24.4307 29.6099
threshold=0.015000000000000001 -1.0000000180025095e-35 1.9850000000000001 -0.37940952255126059 0.25000000000000011 0.9919160630702849 1.0000000180025095e-35 0.83500000000000008 0.6830127018922193 0.6830127018922193 0.55160846378518025 3.1250000000000004 0.25000000000000017 0.62500000000000011 0.15500000000000003 0.25000000000000006 0.88500000000000012 1.0000000180025095e-35 0.6830127018922193 0.9919160630702849 -0.78656609248549303 0.25881904510252091 -0.70710678118654757 1.0000000180025095e-35 0.25000000000000006 -0.91597561503675329 0.25881904510252091 0.55000000000000016 -0.70710678118654735 1.0000000180025095e-35 2.7350000000000008 0.68301270189221941 0.44500000000000006 -0.60355339059327362 -0.12940952255126037 0.25000000000000006 1.0000000180025095e-35 0.45000000000000007 0.9919160630702849 0.93301270189221952 0.96010100249940655 0.37500000000000006 1.0070054473180547 1.0000000180025095e-35 1.0000000180025095e-35 0.95000000000000007 0.37940952255126054 2.7350000000000008 0.45000000000000007 -0.6830127018922193 0.77500000000000013 1.0850000000000002 0.45000000000000007 3.1950000000000007 0.6830127018922193 0.37940952255126054 0.8500000000000002 0.042500000000000003 0.55000000000000016 0.031915038094332708 -0.5 -0.12940952255126037
decision_type=10 2 10 2 2 2 10 10 2 2 2 10 2 10 10 10 10 2 2 2 2 2 2 2 10 2 2 10 2 2 10 2 10 2 2 10 10 10 2 2 2 10 10 10 2 10 2 10 10 2 10 10 8 10 2 2 10 10 8 10 2 2
left_child=1 3 7 10 11 -5 23 14 -7 31 17 12 30 21 26 -14 -11 33 -12 20 -20 28 24 52 46 -19 -2 -10 -6 34 -4 32 -9 -1 -24 -36 49 -33 39 -26 -37 -42 44 -23 50 -46 -16 -15 -17 -25 -34 -52 -3 -13 -40 -56 -8 -28 -51 60 -31 -62
right_child=2 6 4 5 13 8 56 9 27 16 18 53 15 47 22 48 -18 25 19 -21 -22 43 29 36 38 -27 57 -29 -30 59 -32 37 42 -35 35 40 -38 -39 54 -41 41 -43 -44 -45 45 -47 -48 -49 -50 58 51 -53 -54 -55 55 -57 -58 -59 -60 -61 61 -63
leaf_value=3.3654327078743749e-06 7.4008148843951194e-06 -4.4450666044750544e-05 0.00045929597758340656 -4.4452024845506973e-05 0.0015679290933846911 -5.6472626554740508e-05 -1.1279329070059594e-05 0.0013597196023645731 -5.5146837276329157e-05 0.00038804781376059594 1.4500720371698611e-05 0.0017393373232884701 0.0031216830565303898 0.0015757429646831088 0.0020079916315420537 0.002660808186704138 0.0017326807306016301 -4.7286283988271227e-05 -3.7643765488513375e-05 -7.235848592094165e-06 -7.1281105591458439e-05 0.0023673089665120174 2.2491933901272327e-05 -4.4450666044750544e-05 0.00010516635323905357 -6.0186723093833531e-05 -4.9568082736221442e-05 -4.4401431579330295e-05 0.0042426583995181311 0.00017863633320361951 0.001325973108825903 0.0015488850689888178 0.0012073274611403392 -4.9437626420185181e-05 -0.00028253164692565973 -0.00017761533733576427 -4.4680683724678144e-05 0.00061416648843455309 0.0006924134208567556 -0.00052509279991678375 0.00083596626900490282 -0.00022797305959391535 -0.00016235691903683123 0.001187768761460441 0.00033068529453908756 -0.00032205363668792313 0.00034092849128672164 0.0031526878995387091 0.00058270648931087903 -4.4450666044750544e-05 -0.00011544776669286438 0.00063806100098613532 -4.4450666044750544e-05 0.0035607152829343087 0.00091533281074238993 -0.00028929947725950424 -5.4124600582273054e-05 -2.8594782167368788e-05 -4.4450666044750544e-05 0.00019761231775638292 -0.00010071534872132009 0.0013998188275465026
leaf_weight=358 1794 740 1126 520 210 1009 154 107 158 320 3671 282 379 385 186 148 993 91 173 1604 136 233 2045 2759 1474 220 505 204 1248 478 627 373 188 190 175 140 251 850 624 112 149 150 379 189 527 262 209 164 161 3368 302 1152 1177 270 514 195 86 957 6226 1805 556 92
leaf_count=358 1794 740 1126 520 210 1009 154 107 158 320 3671 282 379 385 186 148 993 91 173 1604 136 233 2045 2759 1474 220 505 204 1248 478 627 373 188 190 175 140 251 850 624 112 149 150 379 189 527 262 209 164 161 3368 302 1152 1177 270 514 195 86 957 6226 1805 556 92
internal_value=-0.00609222 -0.0177472 0.00559342 -0.00294421 0.0150138 -0.0101004 -0.0261042 0.00269274 -0.00526968 0.00626513 -0.000842644 0.0108116 0.00902948 0.0201852 0.00109037 0.0173295 0.0116667 -0.0077093 0.000214861 -0.00261755 -0.0109355 0.0224242 0.00218978 -0.0264447 0.00425339 -0.0156731 -0.00191587 -0.0158678 0.0243043 0.000965838 0.00576397 0.00454963 0.00325908 -0.0031694 -0.000845865 -0.00507317 -0.0269322 0.00762255 0.00331849 0.00143667 -0.00170455 0.0019 0.00279616 0.0158865 0.00361431 0.000493671 0.0111364 0.0124909 0.00958065 -0.0270835 0.0051126 0.00420619 -0.0232273 0.0186618 0.00555472 0.003 -0.00547718 -0.00463431 -0.0275894 0.00260914 0.000372671 -0.00342065
internal_weight=46130 23095 23035 8334 5422 1891 14761 17613 1371 5453 6443 2993 2441 2429 12160 688 1313 859 5584 1913 309 1880 8904 14521 3314 311 3256 362 1458 5590 1753 4140 2917 548 2659 614 12604 1223 2919 1586 439 299 2810 422 2431 789 395 549 309 12353 1642 1454 1917 552 1333 709 240 1462 9594 2931 1126 648
internal_count=46130 23095 23035 8334 5422 1891 14761 17613 1371 5453 6443 2993 2441 2429 12160 688 1313 859 5584 1913 309 1880 8904 14521 3314 311 3256 362 1458 5590 1753 4140 2917 548 2659 614 12604 1223 2919 1586 439 299 2810 422 2431 789 395 549 309 12353 1642 1454 1917 552 1333 709 240 1462 9594 2931 1126 648
is_linear=0
shrinkage=0.03


Tree=83
num_leaves=63
num_cat=0
split_feature=0 8 0 5 6 1 9 8 2 8 8 9 1 1 8 9 10 4 8 6 5 2 2 0 10 7 2 10 8 5 0 2 7 10 2 9 2 6 10 5 4 0 4 4 2 7 7 10 8 5 8 7 0 10 7 6 2 1 0 4 10 10
split_gain=6778.82 3216.97 663.404 143.436 139.819 122.036 109.841 107.985 80.9452 46.5751 44.177 40.9698 40.377 38.7719 32.1791 31.9201 31.5053 28.9742 26.3438 24.7545 24.4675 23.1329 21.6828 21.334 21.1108 21.6074 16.8194 16.6898 16.5272 15.8676 17.7539 15.8086 29.6695 33.4094 13.9241 13.5487 13.4234 13.0422 12.9942 12.212 12.2073 11.8281 11.7244 11.2244 11.2071 10.8941 10.885 10.7046 11.1887 10.0454 9.84999 9.83555 10.3322 11.2798 9.5846 9.15975 8.76757 8.76128 8.70965 8.61529 8.5753 8.56131
threshold=0.015000000000000001 -1.0000000180025095e-35 2.0150000000000001 0.15000000000000005 0.96010100249940655 1.0000000180025095e-35 -0.70710678118654757 -0.37940952255126059 0.55000000000000016 0.25881904510252091 -0.70710678118654735 0.91597561503675351 0.22400000000000003 2.9550000000000005 1.0000000180025095e-35 0.60355339059327384 1.0000000180025095e-35 0.51666666666666683 0.12940952255126045 0.21783512947858619 0.15000000000000005 1.0000000180025095e-35 0.75000000000000011 1.0000000180025095e-35 0.25000000000000011 0.74714018528989612 0.8500000000000002 0.25000000000000011 0.91597561503675362 0.083333333333333315 1.3250000000000004 0.75000000000000011 1.0189076464746776 0.68301270189221941 1.0000000180025095e-35 -0.9159756150367534 0.25000000000000006 0.9919160630702849 -0.6830127018922193 0.35000000000000003 0.81666666666666676 0.055000000000000007 0.083333333333333315 0.058333333333333307 0.45000000000000007 0.92610981308411222 0.94351148625232761 -0.6830127018922193 0.37940952255126054 0.22500000000000003 -0.60355339059327362 0.20953478290449004 0.12500000000000003 -0.24999999999999994 0.91434130072262365 0.31691654995395618 0.65000000000000002 1.2250000000000003 0.54500000000000015 0.17499999999999996 0.68301270189221941 -0.24999999999999994
decision_type=10 2 10 10 2 10 2 2 10 2 2 2 10 10 2 2 2 8 2 2 8 10 10 10 2 10 10 2 2 10 10 10 10 2 10 2 10 2 2 10 8 10 10 10 8 10 10 2 2 10 2 10 8 2 10 2 10 10 10 10 2 2
left_child=1 4 6 9 7 18 8 15 29 10 -4 40 28 24 19 55 46 -13 20 -10 -3 -11 -17 38 35 -26 -7 42 37 30 -2 32 34 -34 57 36 -5 51 -20 47 -6 -30 -12 -39 -40 -15 -14 -16 -49 -36 -24 52 53 -8 -37 -1 -29 -18 -45 -33 -32 -38
right_child=2 5 3 13 11 26 12 -9 14 21 27 17 16 45 39 22 31 -19 23 -21 -22 -23 50 -25 25 -27 -28 56 41 -31 60 59 33 -35 49 54 61 43 44 -41 -42 -43 -44 58 -46 -47 -48 48 -50 -51 -52 -53 -54 -55 -56 -57 -58 -59 -60 -61 -62 -63
leaf_value=-5.6126327359861594e-05 0.00034225876672021788 -4.3117146063408026e-05 0.0009830753257531698 0.0022577867938080496 1.0852979948613589e-05 6.6457847750129396e-06 9.2413233890685673e-06 -4.311846410014177e-05 1.030746286756791e-06 0.0023137937537548092 0.0027895031140775734 -4.9904128160436584e-05 0.00010831247378420061 0.0008866879114088704 -0.00012964238044951365 -6.0934070156357465e-05 0.00012677597546282462 -4.3069388631950382e-05 -4.3117146063408026e-05 0.00075396559436544802 -4.3117146063408026e-05 0.00081920834346664692 -6.6507352939613359e-05 -4.3340263212937803e-05 0.0010767370838050767 0.0029367642084707577 -5.2704195887769461e-05 0.0041004034602174213 -4.7276317231669162e-05 0.0013646049022202657 0.0019453360265468166 0.00026913775065373695 -0.00026343775844121228 0.00056843253859222064 0.0012906428446420879 0.00068942226250093025 0.00087728346729882222 -3.2320544049397291e-05 -4.3117146063408026e-05 6.3428491810575897e-05 -3.7856889522783033e-05 -1.9578658076356837e-05 0.0017396228929047891 3.5939355452651168e-05 -4.3117146063408026e-05 0.0026381633491879817 -0.0001733359009811023 0.001039763482353613 0.00016008728775935663 0.00053984249800590942 -4.5773778564378925e-05 -0.00011950258049596352 2.2257321398738045e-05 -7.4990742574776529e-05 -0.00040076436943377368 8.5198944490513014e-06 0.0026828510359830776 0.0010459535813466269 0.00035375221212222683 4.5093368994149617e-05 0.00076481715998502229 0.0018062349609216666
leaf_weight=249 86 757 289 145 4107 151 248 479 452 283 524 1005 1813 106 164 351 254 445 2754 2128 1171 334 312 249 218 318 83 944 318 694 275 178 211 196 499 514 440 1222 2937 2138 733 565 180 1712 6666 505 616 390 268 356 283 154 840 456 215 369 158 143 374 918 94 85
leaf_count=249 86 757 289 145 4107 151 248 479 452 283 524 1005 1813 106 164 351 254 445 2754 2128 1171 334 312 249 218 318 83 944 318 694 275 178 211 196 499 514 440 1222 2937 2138 733 565 180 1712 6666 505 616 390 268 356 283 154 840 456 215 369 158 143 374 918 94 85
internal_value=-0.00622024 -0.0177011 0.00530125 0.0146606 -0.00279698 -0.0261101 0.00252998 -0.0096135 0.00556502 0.0194619 0.0215983 -0.000581784 0.000696225 0.00954064 0.00406064 -0.00578914 0.00262681 -0.00500345 -0.0264561 0.0065091 -0.0231415 0.0121845 -0.00925026 -0.0269612 0.00745351 0.012514 -0.00459574 0.0233426 -0.0010034 0.0128087 0.0171711 0.00482221 0.00666867 -0.000367647 0.00895451 0.00550714 0.0085842 -0.00033553 -0.0271379 0.00192503 0.000743648 -0.00478507 0.0196596 0.000761559 -0.0276728 0.0161275 0.000135802 0.00503038 0.00673748 0.0111098 -0.0127349 -0.00247204 -0.00174757 -0.00442553 0.00267123 -0.000484653 0.0256754 0.00429648 0.00209871 0.0020237 0.020027 0.0063308
internal_weight=46121 23101 23020 5258 8333 14768 17762 2043 6689 2712 2095 6290 11073 2546 5540 1564 5184 1450 14534 2580 1928 617 946 12606 1935 536 234 1806 5889 1149 455 2755 1659 407 1252 1399 670 5006 12357 2960 4840 883 704 3308 9603 611 2429 822 658 855 595 1698 1544 704 729 618 1102 397 2086 1096 369 525
internal_count=46121 23101 23020 5258 8333 14768 17762 2043 6689 2712 2095 6290 11073 2546 5540 1564 5184 1450 14534 2580 1928 617 946 12606 1935 536 234 1806 5889 1149 455 2755 1659 407 1252 1399 670 5006 12357 2960 4840 883 704 3308 9603 611 2429 822 658 855 595 1698 1544 704 729 618 1102 397 2086 1096 369 525
is_linear=0
shrinkage=0.03


Tree=84
num_leaves=63
num_cat=0
split_feature=0 8 0 6 5 8 0 0 11 8 9 11 6 2 0 8 0 11 5 8 8 8 5 2 8 0 3 11 5 2 2 2 11 6 2 4 5 9 8 9 0 5 7 0 7 8 8 11 7 3 4 8 9 5 4 7 6 11 4 3 4 11
split_gain=6815.23 3210.04 669.635 145.289 137.237 129.06 118.779 74.7586 48.9466 48.2203 46.0984 54.5711 44.9332 35.5005 34.9163 33.9469 31.5365 31.4159 30.0117 27.6116 24.3151 22.16 21.92 21.4616 21.2779 20.7178 17.5696 16.5745 16.2058 15.9681 15.4203 14.9713 14.7443 14.5706 12.7388 12.3838 17.2201 14.69 14.329 15.6951 12.9127 12.1882 13.7903 12.1181 11.9628 12.6712 11.6301 11.6128 11.4957 11.3273 15.6425 11.2883 10.9834 10.5818 10.557 10.5214 10.0879 15.8163 9.84495 13.815 13.2973 9.46577
threshold=0.015000000000000001 -1.0000000180025095e-35 2.0150000000000001 0.9919160630702849 0.15000000000000005 -0.37940952255126059 0.88500000000000012 1.0000000180025095e-35 0.25000000000000017 0.25881904510252091 0.91597561503675351 0.6830127018922193 0.9919160630702849 0.75000000000000011 0.27500000000000008 -0.70710678118654735 3.0750000000000006 1.0000000180025095e-35 0.083333333333333315 0.12940952255126045 -0.60355339059327362 0.25881904510252091 0.15000000000000005 1.0000000180025095e-35 0.78656609248549325 1.2650000000000003 0.11666666666666667 1.0000000180025095e-35 0.083333333333333315 0.25000000000000006 0.55000000000000016 0.25000000000000006 -0.5 0.9919160630702849 0.55000000000000016 0.64166666666666683 0.22500000000000003 -0.12940952255126037 1.0000000180025095e-35 0.1294095225512602 0.39500000000000007 0.71666666666666667 0.86965835848142781 0.025000000000000005 1.0147758284600392 -0.70710678118654735 -0.78656609248549303 0.25000000000000017 1.0000000180025095e-35 0.8500000000000002 0.41666666666666669 -0.98296291314453399 -0.9159756150367534 0.35000000000000003 0.37222222222222229 0.78222407475228606 0.20408539105479609 1.0000000180025095e-35 0.31666666666666671 0.8500000000000002 0.81666666666666676 -0.24999999999999994
decision_type=10 2 10 2 10 2 10 10 2 2 2 2 2 10 10 2 10 2 10 2 2 2 8 10 2 10 10 2 10 10 10 10 2 2 10 10 10 2 2 2 10 10 10 10 10 2 2 2 10 10 10 2 2 10 8 10 2 2 8 10 8 2
left_child=1 3 6 5 9 13 14 19 24 15 58 -12 -10 26 21 -4 17 -6 25 22 56 33 -3 -11 28 -14 -1 -22 44 -17 -13 -19 -28 -2 -7 38 -37 61 39 41 -41 42 -16 -23 -8 -46 -34 -44 -35 50 52 -30 -20 -18 -21 -52 57 -15 -5 60 -60 -38
right_child=2 7 4 10 16 34 8 -9 12 23 11 30 18 20 35 29 53 31 49 54 27 43 -24 -25 -26 -27 32 -29 51 -31 -32 -33 46 48 -36 36 37 -39 -40 40 -42 -43 47 -45 45 -47 -48 -49 -50 -51 55 -53 -54 -55 -56 -57 -58 -59 59 -61 -62 -63
leaf_value=9.3862207286922697e-05 -3.7340584724190411e-05 -4.1823631681505791e-05 0.0010501705379361787 1.3442661240407743e-05 0.00084315893218917632 -4.3596721882462729e-05 0.00074961684674098694 -4.2040055316549671e-05 -0.00023404465943363331 0.0021443810073155109 -5.3486366099139782e-05 -5.1995308313226186e-05 0.00093833293569782754 -3.1841321129236378e-05 0.00059270191029609854 0.00380656294972872 0.0028724052016691065 0.0032529027669238558 0.0014646848155651403 -4.1823631681505791e-05 -4.6555639940647163e-05 -4.5992781246661333e-05 -4.1823631681505791e-05 0.00091260248270174759 -0.00029706844106962266 0.0018505485334379687 5.078287780045849e-05 -4.1176157703991752e-05 -0.00028927166765309862 0.0026387800075355172 -4.177730697299187e-05 0.0018671218822143819 1.2990259892573887e-05 2.0700309696322012e-05 -4.1823248073177529e-05 0.00092595440991660358 0.00037141859182851468 -0.00042833179480741791 -3.4833976716940084e-05 0.00033209725609612055 -0.00039801928673683414 -5.3421578442367222e-05 0.0014800100240092982 -3.3067040667565927e-05 -0.00025573565460599326 0.00061944732709155758 -8.4001218468284083e-05 -0.00040323889058700935 0.00046845270795216928 0.00016246592741510691 0.0023962985104909059 0.00033401936545761568 0.00035437925426930027 0.0018919079485382035 -4.1823631681505791e-05 0.00095472511249141746 -3.7991094350418065e-05 -6.0594073085942425e-05 -7.4474224445746692e-06 2.0076579025531687e-05 -9.1323115764882604e-05 0.00015352239553636764
leaf_weight=90 1216 752 280 2715 1530 133 853 382 292 287 1023 166 250 166 934 1059 210 246 272 6201 188 230 1164 337 166 484 186 139 172 761 215 351 106 956 419 353 868 109 1677 150 190 353 110 2100 99 90 151 136 655 211 324 2595 536 226 6290 144 570 123 870 786 257 1203
leaf_count=90 1216 752 280 2715 1530 133 853 382 292 287 1023 166 250 166 934 1059 210 246 272 6201 188 230 1164 337 166 484 186 139 172 761 215 351 106 956 419 353 868 109 1677 150 190 353 110 2100 99 90 151 136 655 211 324 2595 536 226 6290 144 570 123 870 786 257 1203
internal_value=-0.00625727 -0.0177716 0.00529588 -0.00284321 0.0146653 -0.00930898 0.00250099 -0.0261521 0.00573278 0.0193541 -0.000407757 -0.00516726 0.00900955 -0.00525 0.000635175 0.0215326 0.00967629 0.00816259 0.0104635 -0.0264999 -0.00813816 -0.00118069 -0.0230986 0.012 0.00365946 0.0154286 0.00117978 -0.0150915 0.00411811 0.0230313 -0.0148429 0.0139967 -0.00128378 0.000604668 -0.0219168 0.00217456 0.00377664 0.00277854 0.0010307 0.00283351 -0.0029912 0.00412647 0.00558848 -0.0033462 0.00730585 0.000473684 -0.00593023 -0.000728745 0.00247519 0.00800403 0.00906813 0.00291546 0.00652658 0.0170252 -0.0270197 0.0134328 -0.00547674 -0.0100345 0.00103694 -0.000611285 -0.00273936 0.00334459
internal_weight=46107 23092 23015 8303 5287 2271 17728 14789 6488 2724 6032 1404 2513 1719 11240 2100 2563 2127 2221 14407 1186 5157 1916 624 3975 734 533 327 3809 1820 381 597 443 2827 552 6083 2533 2180 3550 1873 340 1533 1180 2330 1042 189 257 246 1611 1487 1276 2767 808 436 12491 468 859 289 4628 1913 1127 2071
internal_count=46107 23092 23015 8303 5287 2271 17728 14789 6488 2724 6032 1404 2513 1719 11240 2100 2563 2127 2221 14407 1186 5157 1916 624 3975 734 533 327 3809 1820 381 597 443 2827 552 6083 2533 2180 3550 1873 340 1533 1180 2330 1042 189 257 246 1611 1487 1276 2767 808 436 12491 468 859 289 4628 1913 1127 2071
is_linear=0
shrinkage=0.03


Tree=85
num_leaves=63
num_cat=0
split_feature=9 8 8 1 11 1 6 2 8 1 5 8 9 5 11 8 8 9 6 11 6 8 4 4 10 11 8 3 10 2 10 8 2 10 4 5 2 11 1 11 2 11 8 10 8 10 10 5 10 10 10 8 3 10 10 5 3 3 8 8 5 1
split_gain=5257.89 3452.53 988.645 470.633 258.075 166.591 163.971 118.343 112.01 106.285 95.6706 76.2493 59.1614 45.3177 41.9311 56.6591 41.64 35.5762 38.4998 30.9775 31.1108 30.893 29.8521 27.8006 27.2787 26.8462 26.3239 27.3667 26.1716 25.9567 25.7676 23.2946 21.9184 21.7633 21.3682 19.6413 18.7168 21.66 18.6195 18.3479 18.0908 17.8096 16.4812 16.0987 14.9623 14.1344 13.8225 12.9624 12.84 12.6073 12.3582 12.0728 12.0463 13.9503 12.033 13.408 11.9999 11.1152 10.9091 11.4343 10.6845 10.6664
threshold=1.0000000180025095e-35 -1.0000000180025095e-35 0.78656609248549325 2.1550000000000007 1.0000000180025095e-35 0.015000000000000001 0.96010100249940655 0.25000000000000006 -0.37940952255126059 1.0000000180025095e-35 0.15000000000000005 0.91597561503675362 -0.70710678118654757 0.083333333333333315 0.6830127018922193 -0.37940952255126059 0.25881904510252091 -0.70710678118654757 0.9919160630702849 0.6830127018922193 0.31691654995395618 -0.70710678118654735 0.17499999999999996 0.96250000000000002 -0.24999999999999994 -0.24999999999999994 0.37940952255126054 0.8500000000000002 1.0000000180025095e-35 0.35000000000000003 0.68301270189221941 0.12940952255126045 0.55000000000000016 0.93301270189221952 0.37222222222222229 0.15000000000000005 1.0000000180025095e-35 -0.5 2.9450000000000007 -0.68301270189221952 0.55000000000000016 1.0000000180025095e-35 0.60355339059327384 0.25000000000000011 -0.78656609248549303 0.68301270189221941 1.0000000180025095e-35 0.71666666666666667 0.25000000000000011 0.68301270189221941 0.25000000000000011 0.37940952255126054 0.35000000000000003 1.0000000180025095e-35 -0.6830127018922193 1.0000000180025095e-35 0.35000000000000003 0.75000000000000011 -0.70710678118654735 0.25881904510252091 0.71666666666666667 2.8550000000000004
decision_type=2 2 2 10 2 10 2 10 2 10 8 2 2 10 2 2 2 2 2 2 2 2 10 8 2 2 2 8 2 10 2 2 10 2 10 8 10 2 10 2 10 2 2 2 2 2 2 10 2 2 2 2 10 2 2 8 10 10 2 2 10 10
left_child=2 6 3 10 39 11 8 16 19 31 12 24 29 28 23 22 21 18 60 20 30 48 -16 36 -6 -19 27 -20 -9 51 57 35 -17 -26 -7 -3 37 46 47 -4 52 50 45 -18 -21 -14 -8 58 -5 -28 -42 -1 53 -38 -33 -56 -27 -2 -15 -60 -12 -30
right_child=1 9 4 7 5 34 14 13 -10 -11 17 -13 42 38 15 32 43 25 26 44 -22 -23 -24 -25 33 56 49 -29 61 -31 -32 54 -34 -35 -36 -37 40 -39 -40 -41 41 -43 -44 -45 -46 -47 -48 -49 -50 -51 -52 -53 -54 -55 55 -57 -58 -59 59 -61 -62 -63
leaf_value=0.0020592054218838063 1.7904821506764534e-05 -4.0568922731060615e-05 8.7273964784674578e-06 0.00067623618087919279 -5.1034445598734099e-05 0.00012947973538102078 -8.2945546203623888e-05 0.00099516062521807168 -4.057021273494219e-05 4.4877970452757802e-06 0.00021550126595935046 -4.0568922731060615e-05 0.00050302969951579121 -0.00011962992165124752 1.9366479162310558e-05 -5.0435449063829397e-05 0.0010048503682141641 0.00018173331954950722 0.0014700110762777879 -5.4827534623923787e-05 -5.3106514529378987e-06 0.0036245006354286868 -5.1291235957091459e-05 -5.2239272124699631e-05 -4.1903223917309867e-05 0.00022028856967282388 -0.00011123555391432504 0.00032741792337849296 0.0018120723806907412 0.0010807378234982423 -5.6893875494855817e-05 -4.0568922731060615e-05 -4.0523987763802112e-05 -5.5293545354890276e-05 -6.173594533205747e-05 -4.0568922731060615e-05 -1.4559342934646569e-05 9.1339482094544838e-06 0.0019061998181221084 -4.3849774490000073e-05 1.4764743097341586e-05 -1.9995204272279102e-05 4.9013357115165191e-05 0.0021800485109226986 -4.308433353929034e-05 0.001691521815370467 -4.9078282148634839e-05 -1.7974574910075425e-05 0.0014948107847473657 0.00063249905251686164 0.00011260635688885762 0.001192949317624417 7.7555934498338926e-05 0.00013013450566925691 -4.0568922731060615e-05 -4.0568922731060615e-05 -7.749723152208264e-05 -4.620252182251007e-05 0.0016707789894378276 0.00033856820846480063 -1.1601007438306332e-05 0.0033896859955984356
leaf_weight=361 89 750 1009 87 197 139 174 202 469 124 1179 935 1083 93 545 163 185 2096 1509 149 866 1354 1008 245 403 402 508 1036 315 708 171 2649 224 122 99 1199 406 785 621 927 940 807 650 247 153 555 328 232 131 149 525 245 821 289 3016 5752 2478 438 721 256 1451 328
leaf_count=361 89 750 1009 87 197 139 174 202 469 124 1179 935 1083 93 545 163 185 2096 1509 149 866 1354 1008 245 403 402 508 1036 315 708 171 2649 224 122 99 1199 406 785 621 927 940 807 650 247 153 555 328 232 131 149 525 245 821 289 3016 5752 2478 438 721 256 1451 328
internal_value=-0.00629558 -0.0164112 0.003852 0.00663087 -0.01006 -0.0179272 -0.00265423 0.0147957 -0.00956764 -0.0261952 0.00392617 -0.0212967 0.00815987 0.0107692 -0.000429693 -0.00420402 0.0203491 0.00251457 0.00410423 -0.00626674 -0.0045623 0.0226192 -0.00164093 0.00094719 -0.0139419 0.000650995 0.00631283 0.00769442 0.0165603 0.0132319 -0.00927039 -0.0264517 -0.0144588 -0.0175095 0.00552301 -0.0233692 0.00142435 -0.00170031 0.00821726 -0.00235416 0.00248614 0.000791905 0.00524246 0.0120554 -0.0150495 0.00684564 -0.00656064 0.00617038 0.0120548 0.000957447 0.00276262 0.0177924 0.00502307 0.00211207 -0.0269758 -0.0275265 -0.00122874 -0.00596591 0.00756303 0.00849693 0.00141391 0.0195186
internal_weight=46098 23085 23013 19182 3831 1895 9595 4772 2335 13490 14410 1657 3602 2768 7260 1940 2004 10808 5832 1866 1564 1572 1553 5320 722 4976 3202 2545 845 1314 698 13366 387 525 238 1949 5075 1287 1923 1936 3788 2272 2288 432 302 1638 502 1302 218 657 1465 606 1516 695 11417 8768 2880 527 1070 977 2630 643
internal_count=46098 23085 23013 19182 3831 1895 9595 4772 2335 13490 14410 1657 3602 2768 7260 1940 2004 10808 5832 1866 1564 1572 1553 5320 722 4976 3202 2545 845 1314 698 13366 387 525 238 1949 5075 1287 1923 1936 3788 2272 2288 432 302 1638 502 1302 218 657 1465 606 1516 695 11417 8768 2880 527 1070 977 2630 643
is_linear=0
shrinkage=0.03


Tree=86
num_leaves=63
num_cat=0
split_feature=0 8 0 5 9 6 1 0 11 6 8 5 9 0 11 8 11 8 8 8 9 6 6 5 5 11 0 1 1 7 7 11 11 0 11 0 6 8 1 0 7 8 9 11 11 4 8 2 8 6 11 8 1 2 2 11 2 8 6 5 2 7
split_gain=6655.07 3143.53 589.851 128.7 128.38 118.488 106.375 96.6204 64.3568 51.3514 50.0969 41.522 56.4764 37.4524 39.226 35.8907 27.0818 28.1757 25.5767 25.2361 25.1966 24.737 22.644 21.317 20.5279 19.9023 19.8077 19.5178 19.5094 19.0615 21.9132 18.4131 17.1925 16.9881 16.3299 16.2335 15.0323 30.5134 15.0256 15.1637 14.993 22.3257 18.6838 15.5161 14.9238 17.2159 14.2621 13.9646 13.49 14.3429 13.2869 12.7468 12.5464 11.9855 11.9418 11.7049 11.6288 11.3549 11.1612 11.0141 10.5166 10.4365
threshold=0.015000000000000001 -1.0000000180025095e-35 2.0150000000000001 0.15000000000000005 0.91597561503675351 0.9919160630702849 1.0000000180025095e-35 0.32500000000000007 0.6830127018922193 0.96010100249940655 0.25881904510252091 0.22500000000000003 -0.70710678118654757 3.0750000000000006 1.0000000180025095e-35 -0.5 0.6830127018922193 -0.78656609248549303 0.25881904510252091 1.0000000180025095e-35 -0.60355339059327384 0.9919160630702849 0.31691654995395618 0.15000000000000005 0.083333333333333315 -0.24999999999999994 1.0000000180025095e-35 2.3250000000000006 0.27333333350000005 1.0168648719606768 0.63565586504826166 -0.5 0.93301270189221952 1.3250000000000004 1.0000000180025095e-35 2.7750000000000004 0.258523892747272 0.91597561503675362 1.0000000180025095e-35 0.18500000000000003 0.9973800264740782 0.60355339059327384 0.1294095225512602 -0.68301270189221952 -0.5 0.058333333333333307 0.25881904510252091 0.35000000000000003 -0.5 0.9919160630702849 -0.24999999999999994 0.37940952255126054 2.5050000000000003 0.25000000000000006 0.65000000000000002 0.25000000000000017 0.55000000000000016 0.37940952255126054 0.54269012772290737 0.82500000000000007 0.8500000000000002 0.084135282687147248
decision_type=10 2 10 10 2 2 10 10 2 2 2 10 2 10 2 2 2 2 2 2 2 2 2 10 10 2 10 10 10 10 10 2 2 10 2 10 2 2 10 10 10 2 2 2 2 10 2 10 2 2 2 2 10 10 10 2 10 2 2 10 10 10
left_child=1 4 7 10 9 54 19 18 -7 16 15 12 24 14 51 31 22 -18 48 23 21 50 34 -3 33 36 -21 -16 -22 30 -12 52 -11 -9 -1 -32 -20 -38 -39 -40 41 42 -14 -43 -42 -46 59 -35 49 -2 61 -5 -4 -17 -6 -8 -10 -26 -50 -23 -24 -13
right_child=2 6 3 13 5 8 55 11 56 32 29 20 40 -15 27 53 17 -19 25 26 28 46 60 -25 57 -27 -28 -29 -30 -31 35 -33 -34 47 -36 -37 37 38 39 -41 44 43 -44 -45 45 -47 -48 -49 58 -51 -52 -53 -54 -55 -56 -57 -58 -59 -60 -61 -62 -63
leaf_value=-4.1955518476514835e-05 -4.7348715972310229e-05 -3.9351855049128801e-05 -9.4603460737419369e-05 0.00078353715754304269 -4.1071713843940576e-05 -5.0314596952424598e-05 5.9123527121325131e-06 0.00096519842747328443 -4.8922385591914515e-05 1.0181475916541498e-05 0.0026465821526879371 0.00046474243566485009 0.0013328602323792809 0.0025116133809620438 0.0016248024731509935 0.0039242499050709014 -5.3176746015148948e-05 -4.8839673682016467e-05 -7.0866537851332586e-05 -3.9351855049128801e-05 -0.00016624066523847624 0.0010650966055569262 3.0519799913029034e-05 -3.9351855049128801e-05 0.0010417211845067812 -5.504424948984155e-05 -3.9561785975121361e-05 0.0031513997770512025 9.9269419673516656e-05 0.0022679243331340001 0.00014967919808311914 0.002338572455450673 -4.024249873988591e-05 0.0016355451028005207 -5.3573858950554702e-05 0.0021306478466569553 0.00029361769381791754 -4.2375706007872749e-05 3.8889123560507651e-05 -0.00012041815538177403 -0.00021177732614204663 0.0001961031563273602 -0.00018608743981935044 -2.8020893041416359e-05 0.00053538711798063569 -0.00027141833503550845 0.00031407914340661865 0.0014637980692397356 6.4261293641659775e-05 0.00011947517766045571 -0.00010236220272330245 -0.00031972507507217637 0.0013153368645182583 0.0025892690998655155 -3.9351444248933935e-05 -4.447357616922946e-05 -3.9308268130888048e-05 7.5811873260967224e-05 0.00094057475717549592 0.00019237161212323799 -4.8746903385667973e-05 0.00017448512582538876
leaf_weight=430 1161 752 80 1405 161 1020 121 246 163 4234 80 203 1309 428 367 825 203 159 308 12348 478 1180 316 1168 680 1400 268 229 1847 133 297 352 556 302 129 103 274 396 212 85 309 261 147 637 295 112 1313 262 181 1730 950 136 237 586 365 103 215 208 113 238 341 952
leaf_count=430 1161 752 80 1405 161 1020 121 246 163 4234 80 203 1309 428 367 825 203 159 308 12348 478 1180 316 1168 680 1400 268 229 1847 133 297 352 556 302 129 103 274 396 212 85 309 261 147 637 295 112 1313 262 181 1730 950 136 237 586 365 103 215 208 113 238 341 952
internal_value=-0.00644447 -0.0178415 0.00495531 0.0137821 -0.00306041 -0.00984935 -0.0261446 0.0023457 -0.0052752 -0.00100801 0.018363 0.00389522 0.00606416 0.00896726 0.00733863 0.0205863 -0.00569981 -0.0128926 -0.000808736 -0.0264608 0.00245043 0.0036841 -0.00354971 -0.0232067 0.0104532 -0.00297085 -0.0269541 0.0138693 -0.000116079 0.010798 0.00798337 0.0148209 0.00053851 0.0139088 -0.00798214 0.00508728 -0.000258621 0.00158058 -0.00177233 0.00332215 0.003634 0.00478981 0.00708305 0.00106785 -0.000167364 0.00360294 0.00556735 0.0167788 0.00100753 0.000383817 0.00123932 0.00480545 0.0095283 0.0233074 -0.0219734 -0.0056 -0.0158311 0.00728909 0.00711864 0.00765328 0.000227964 0.00339965
internal_weight=46099 23052 23047 5258 8292 1924 14760 17789 1398 6368 2693 11929 4768 2565 2137 2080 1578 362 5860 14536 7161 4836 1216 1920 1698 2675 12616 596 2325 613 480 669 4790 810 559 400 1275 967 693 297 3070 2354 1456 898 716 407 2731 564 3185 2891 2105 1541 317 1411 526 224 378 888 294 1418 657 1155
internal_count=46099 23052 23047 5258 8292 1924 14760 17789 1398 6368 2693 11929 4768 2565 2137 2080 1578 362 5860 14536 7161 4836 1216 1920 1698 2675 12616 596 2325 613 480 669 4790 810 559 400 1275 967 693 297 3070 2354 1456 898 716 407 2731 564 3185 2891 2105 1541 317 1411 526 224 378 888 294 1418 657 1155
is_linear=0
shrinkage=0.03


Tree=87
num_leaves=63
num_cat=0
split_feature=9 8 8 5 11 9 8 6 8 3 9 8 2 8 4 2 8 11 7 8 2 7 5 8 2 7 11 6 7 10 8 7 3 11 4 10 4 11 10 11 4 3 10 6 8 10 11 10 7 10 7 7 8 3 2 10 11 5 7 2 8 6
split_gain=5098.23 3452.21 918.741 351.201 246.36 221.097 161.265 145.444 127.023 95.067 91.0827 74.2873 47.514 47.063 38.5669 38.0067 37.486 56.9588 28.2052 27.5618 24.3984 24.3725 22.4611 23.1083 20.845 18.22 17.9038 17.7316 17.0265 24.815 20.7088 14.7969 14.4793 14.2866 15.1954 13.6559 13.4814 13.3136 13.1084 12.8241 16.1091 12.0845 11.9146 14.395 11.6968 11.4774 11.4655 17.0207 11.397 11.3901 33.3251 22.2327 17.3074 11.0314 17.0252 11.402 21.6935 10.9728 14.1684 24.8685 12.3679 10.8702
threshold=1.0000000180025095e-35 -1.0000000180025095e-35 0.78656609248549325 0.15000000000000005 1.0000000180025095e-35 -0.70710678118654757 0.91597561503675362 0.96010100249940655 -0.60355339059327362 0.95000000000000007 -0.70710678118654757 0.25881904510252091 0.8500000000000002 0.37940952255126054 0.083333333333333315 0.15000000000000005 -0.37940952255126059 0.6830127018922193 0.63028946988809553 -0.37940952255126059 0.65000000000000002 1.0070054473180547 1.0000000180025095e-35 0.12940952255126045 0.55000000000000016 0.94351148625232761 0.25000000000000017 0.80250532449306278 0.20426321369074665 -0.24999999999999994 0.37940952255126054 0.91675550817341867 0.8500000000000002 0.93301270189221952 0.17499999999999996 -0.6830127018922193 0.51666666666666683 0.25000000000000017 0.25000000000000011 -0.24999999999999994 0.48333333333333339 0.45000000000000007 -0.24999999999999994 0.31691654995395618 0.91597561503675362 -0.5 0.6830127018922193 0.25000000000000011 0.27395054917498379 0.68301270189221941 0.053902147229731835 1.0087720048220379 -0.91597561503675329 0.25000000000000006 0.65000000000000002 1.0000000180025095e-35 -0.24999999999999994 0.71666666666666667 0.18333970658185586 0.95000000000000007 0.25881904510252091 0.50021524203698764
decision_type=2 2 2 8 2 2 2 2 2 8 2 2 10 2 10 10 2 2 10 2 10 10 8 2 10 10 2 2 10 2 2 10 10 2 10 2 8 2 2 2 10 10 2 2 2 2 2 2 10 2 10 10 2 10 10 2 2 8 8 10 2 2
left_child=2 7 3 5 44 11 12 8 42 10 13 14 18 15 31 -5 33 36 46 20 -10 28 23 -3 -19 39 57 61 30 -30 -13 -1 38 53 -35 -24 -18 -32 -16 40 -12 -29 -2 -44 -4 -15 -6 -48 -42 51 -51 -7 -52 55 -55 56 -9 60 59 -59 -11 -17
right_child=1 22 4 9 6 49 -8 16 19 26 25 21 -14 45 32 27 17 24 -20 -21 -22 -23 35 -25 -26 -27 -28 41 29 -31 37 -33 -34 34 -36 -37 -38 -39 -40 -41 48 -43 43 -45 -46 -47 47 -49 -50 50 52 -53 -54 54 -56 -57 -58 58 -60 -61 -62 -63
leaf_value=0.0020469317451686907 -4.0776438100648817e-07 -3.817129939765494e-05 -2.4463373160589844e-06 0.002682735849524488 -2.5313733402025328e-05 0.00046560525750573262 -3.817129939765494e-05 -7.3599396107139437e-05 -2.2751085621154216e-05 0.00020414769268242399 0.0002030384468241815 0.0024961161940742372 -3.945927362053693e-05 0.00067945916433281568 0.0017839624798519915 0.00084032645861003565 1.3034313180578917e-05 -4.7454714024157078e-05 0.00027378034682338734 -3.817256302542591e-05 -4.2488585203455902e-05 0.0018890606522109145 -3.817129939765494e-05 -3.817129939765494e-05 -3.8129020086961412e-05 -0.00028468403021551011 -0.00010557468334815539 0.0016797487763916819 -0.00043206560594403641 0.00097566060296442822 0.0012175860878025683 0.0034619091220034234 0.00039100978646922855 1.5763089051387132e-05 -7.0146863036238153e-05 -3.817129939765494e-05 -4.9487614864927693e-05 0.00017299479496443086 0.0030263988656323692 3.9195842739184752e-05 0.0012299346667095233 0.0011388713301063013 -5.9380278125484371e-05 -2.4831526745814067e-05 -4.0626799902941817e-05 -0.00012600839333557975 -3.6734375170659666e-05 -4.3821474997946845e-05 0.00058829271885220663 -0.00011544633457989866 0.0013854000191697324 -0.00022309684487780589 0.0012368686544284746 4.3596868671511493e-05 1.0072817728077472e-06 9.7922227461743467e-06 -2.6687113218001876e-06 0.00050708332122851728 -0.00018173429515413951 -1.7463449623970616e-05 -2.9479880449159723e-05 -0.00037714142935808451
leaf_weight=432 597 725 983 459 267 1403 958 230 135 919 596 139 345 286 349 207 760 162 83 487 338 262 2011 4051 219 475 1286 923 149 378 132 1163 95 168 356 6807 290 182 361 1805 95 2552 315 475 985 510 150 101 249 175 425 311 269 1455 1999 1137 497 322 1015 767 369 192
leaf_count=432 597 725 983 459 267 1403 958 230 135 919 596 139 345 286 349 207 760 162 83 487 338 262 2011 4051 219 475 1286 923 149 378 132 1163 95 168 356 6807 290 182 361 1805 95 2552 315 475 985 510 150 101 249 175 425 311 269 1455 1999 1137 497 322 1015 767 369 192
internal_value=-0.00649086 -0.0164221 0.00347935 0.00616112 -0.00985283 0.0120222 -0.0175433 -0.00266916 -0.00916099 0.00335969 0.00527784 0.0167829 -0.0087434 0.00776023 0.0198667 0.00899169 -0.000573275 -0.00492318 -0.00363787 -0.0175442 -0.0123418 0.0108126 -0.0261537 -0.0244672 -0.0148429 0.00132257 -6.41163e-05 0.00802065 0.00862385 0.00494318 0.0128855 0.0225752 0.0144789 0.000492897 -0.00422857 -0.0270643 -0.00131304 0.00857143 0.0159494 0.00226147 0.00510096 0.00870829 -0.00335014 -0.00576485 -0.00240731 0.00105395 -0.00624277 -0.0108333 0.0102609 0.00530573 0.00810345 0.00388338 0.0110504 0.000958827 0.00196237 -0.000900804 -0.00383242 0.00107869 -0.000256532 0.00211927 0.00325834 0.002025
internal_weight=46338 23214 23124 19252 3872 6225 1904 9620 2347 13027 8349 3642 946 5129 2400 4333 7273 1431 601 960 473 1242 13594 4776 381 3220 4678 3874 980 527 453 1595 805 5842 524 8818 1050 314 710 2745 940 3475 1387 790 1968 796 518 251 344 2583 869 1714 694 5318 3454 1864 727 3392 2104 1089 1288 399
internal_count=46338 23214 23124 19252 3872 6225 1904 9620 2347 13027 8349 3642 946 5129 2400 4333 7273 1431 601 960 473 1242 13594 4776 381 3220 4678 3874 980 527 453 1595 805 5842 524 8818 1050 314 710 2745 940 3475 1387 790 1968 796 518 251 344 2583 869 1714 694 5318 3454 1864 727 3392 2104 1089 1288 399
is_linear=0
shrinkage=0.03


Tree=88
num_leaves=63
num_cat=0
split_feature=0 8 0 9 10 6 1 9 6 11 6 2 7 5 11 1 10 0 11 0 8 8 8 0 11 7 11 7 5 5 2 5 2 2 9 7 6 8 10 2 11 6 6 0 2 0 11 2 11 0 5 8 11 11 2 6 7 2 1 2 5 1
split_gain=6384.3 3271.33 566.227 134.953 133.437 132.684 105.41 94.4953 78.2423 62.7908 52.2054 41.662 38.6273 31.4898 27.8508 27.4048 26.3571 26.2059 25.7817 45.0822 22.293 19.9725 18.5157 18.0124 18.015 17.5364 17.6481 16.8418 16.756 16.7521 16.7023 16.1024 15.5118 16.056 14.6496 14.5075 14.4803 14.0851 13.4183 12.5985 12.2423 11.5843 14.2647 12.1316 11.4126 12.0787 11.2901 11.1002 10.4409 10.0189 14.6999 9.91307 11.1177 9.74258 9.49082 9.00713 11.7275 10.6065 13.2876 8.86654 8.61199 8.46039
threshold=0.015000000000000001 -1.0000000180025095e-35 2.0150000000000001 0.91597561503675351 0.25000000000000011 0.9919160630702849 1.0000000180025095e-35 -0.70710678118654757 0.9919160630702849 0.6830127018922193 0.38229330116778887 0.25000000000000006 0.92108611222713288 0.083333333333333315 0.93301270189221952 0.44166666650000003 1.0000000180025095e-35 3.2350000000000008 0.25000000000000017 2.9150000000000005 1.0000000180025095e-35 -0.70710678118654735 0.37940952255126054 2.7950000000000004 1.0000000180025095e-35 1.0214926040880241 -0.5 0.8229615964784831 0.71666666666666667 0.15000000000000005 0.65000000000000002 0.63333333333333341 0.75000000000000011 1.0000000180025095e-35 0.78656609248549303 0.67508672924406132 0.85657209643812438 0.25881904510252091 -0.6830127018922193 0.8500000000000002 0.93301270189221952 0.94457821059868363 0.55160846378518025 1.3650000000000004 0.45000000000000007 1.0000000180025095e-35 1.0000000180025095e-35 0.55000000000000016 -0.24999999999999994 0.055000000000000007 0.083333333333333315 0.78656609248549325 0.25000000000000017 -0.5 0.55000000000000016 0.9919160630702849 0.22524059896073551 0.35000000000000003 0.21500000000000002 0.45000000000000007 0.82500000000000007 1.2650000000000003
decision_type=10 2 10 2 2 2 10 2 2 2 2 10 10 10 2 10 2 10 2 10 2 2 2 10 2 10 2 10 10 8 10 10 10 10 2 10 2 2 2 10 2 2 2 10 8 10 2 10 2 10 10 2 2 2 10 2 10 10 10 10 10 10
left_child=1 3 7 10 11 54 20 8 40 -7 21 18 28 27 34 49 -17 31 19 -4 29 46 39 24 -14 32 -27 -10 -6 -3 -16 37 33 -18 -12 -34 48 -13 -22 60 41 42 -2 -44 -40 -46 -1 -11 -36 50 -9 52 -52 -8 -5 56 -51 58 -57 -35 -15 -33
right_child=2 6 4 5 12 9 53 15 13 47 14 17 23 22 30 16 25 -19 -20 -21 38 -23 -24 -25 -26 26 -28 -29 -30 -31 -32 61 35 59 36 -37 -38 -39 44 -41 -42 -43 43 -45 45 -47 -48 -49 -50 55 51 -53 -54 -55 -56 57 -58 -59 -60 -61 -62 -63
leaf_value=-1.6022882476567685e-05 1.0829433791864836e-05 -3.7026160415725294e-05 0.0004876421698288258 -3.8694385537859585e-05 0.0019760642658746539 -4.3876915321309691e-05 7.5408964770344259e-06 2.2179558347402244e-05 0.00092353391638172466 -4.6031072603432367e-05 1.5193058299000847e-05 0.0010827435625266912 0.0013387130116467704 0.0014594895967657226 3.461110026260917e-06 -9.2709615952368808e-06 0.00053425590752398605 0.0026040735989063439 0.0025130465915772361 0.0024214746457108883 -3.7026160415725294e-05 -4.023384878780307e-05 0.00021764435197702749 0.0038513464683858447 0.0033415544139004986 -0.00030301214749150134 0.00048851110260568931 0.001689849016841335 0.00098235785372444975 -3.7026160415725294e-05 -7.6166247086124878e-05 -0.0006599062797456067 0.00034152822522450041 0.0013093549922170277 -1.8387656909829527e-05 -0.00029042956681197608 -1.5598699946035377e-06 0.00011504956160897916 -3.7026160415725294e-05 0.0006129850250182644 -0.0003749255183533917 -0.0001334381081709928 0.00044635499207816977 -0.00037234247226195671 -3.7026160415725294e-05 -3.7229793413938071e-05 -5.1575173273321411e-05 -3.6985149484352569e-05 -5.3007552887247414e-05 -1.5127529027435803e-05 2.7884464846537303e-05 -4.4389017947462098e-05 -0.00013444664389025912 -4.1642672940112263e-05 -3.7025724030703141e-05 -4.4190640022602816e-05 -0.00012721172221375615 6.734093538666392e-05 0.00019067173497438569 0.00084451088495968629 0.00023773143084443227 0.00033503909994262587
leaf_weight=275 1326 731 356 124 780 1025 92 373 492 161 3439 1045 295 1174 273 1737 330 164 359 289 2812 208 746 778 358 160 219 296 134 1129 387 95 448 255 84 229 1414 278 2957 1265 149 330 708 143 6611 172 199 202 81 1483 331 399 298 126 405 1098 399 2540 327 409 112 294
leaf_count=275 1326 731 356 124 780 1025 92 373 492 161 3439 1045 295 1174 273 1737 330 164 359 289 2812 208 746 778 358 160 219 296 134 1129 387 95 448 255 84 229 1414 278 2957 1265 149 330 708 143 6611 172 199 202 81 1483 331 399 298 126 405 1098 399 2540 327 409 112 294
internal_value=-0.00647585 -0.017686 0.00468872 -0.00261295 0.0133697 -0.00958811 -0.0262128 0.00213647 0.00493474 -0.00470842 -0.000509354 0.00903853 0.0186829 0.00754038 0.000433175 0.000426785 0.00249472 0.00639318 0.0139701 0.010356 -0.0265261 -0.00834553 0.00624924 0.0217668 0.0180275 0.00479766 -0.00102632 0.0129278 0.0138361 -0.0234068 -0.00535552 0.00528897 0.00611842 0.00850251 0.00119546 0.00261062 -0.0011962 0.00686556 -0.0269864 0.00746473 0.000925856 0.00142344 0.00221763 0.00524648 -0.0275269 -0.0282267 -0.00492632 -0.0154121 -0.00957831 -0.000653883 -0.00293153 -0.00478134 -0.00242857 -0.00547945 -0.0223585 -0.000107729 -0.00181625 0.00070348 -0.00136746 0.011188 0.00955711 -7.69231e-05
internal_weight=45908 22907 23001 8277 5225 1917 14630 17776 6741 1388 6360 2880 2345 4085 5678 11035 3787 1876 1004 645 14412 682 3297 1431 653 2050 379 788 914 1860 660 1712 1671 994 5018 677 1579 1323 12552 2551 2656 2507 2177 851 9740 6783 474 363 165 7248 1401 1028 629 218 529 5847 1882 3965 1425 664 1286 389
internal_count=45908 22907 23001 8277 5225 1917 14630 17776 6741 1388 6360 2880 2345 4085 5678 11035 3787 1876 1004 645 14412 682 3297 1431 653 2050 379 788 914 1860 660 1712 1671 994 5018 677 1579 1323 12552 2551 2656 2507 2177 851 9740 6783 474 363 165 7248 1401 1028 629 218 529 5847 1882 3965 1425 664 1286 389
is_linear=0
shrinkage=0.03


Tree=89
num_leaves=63
num_cat=0
split_feature=0 8 0 10 9 6 1 9 3 11 7 6 3 0 1 10 4 8 11 8 11 0 3 8 7 4 10 11 4 4 8 9 8 7 8 10 8 8 10 8 3 8 0 4 3 1 0 8 8 1 4 8 4 3 4 0 7 8 11 6 0 10
split_gain=6424.89 3261.52 574.349 126.686 121.561 133.53 103.215 77.8561 85.4012 59.8148 50.5397 44.6589 41.9024 34.3154 33.7901 27.0694 26.2075 25.0481 23.9129 26.9146 22.4706 18.6895 18.4136 17.5096 19.4712 16.0727 15.8038 15.4647 17.1233 14.706 14.4062 13.5053 15.9558 13.2135 13.0121 12.7873 12.7742 12.7068 12.1941 11.8853 15.6045 15.7775 11.7823 11.5213 11.5164 11.4325 24.227 11.3503 11.0015 17.1831 11.3368 10.3583 10.289 9.87963 9.79862 9.57631 9.46446 15.0583 9.30103 8.89051 9.52522 8.82967
threshold=0.015000000000000001 -1.0000000180025095e-35 2.0150000000000001 0.25000000000000011 0.91597561503675351 0.9919160630702849 1.0000000180025095e-35 -0.70710678118654757 0.75000000000000011 0.6830127018922193 0.92108611222713288 0.56988722470830055 0.11666666666666667 3.2350000000000008 0.17500000000000002 0.25000000000000011 0.81666666666666676 0.12940952255126045 1.0000000180025095e-35 -0.91597561503675329 0.25000000000000017 2.9050000000000007 0.35000000000000003 0.37940952255126054 0.95947386619028407 0.48333333333333339 0.68301270189221941 0.6830127018922193 0.9125000000000002 0.17499999999999996 -0.78656609248549303 0.1294095225512602 -0.91597561503675329 0.99095200782781923 -0.60355339059327362 -0.6830127018922193 0.37940952255126054 0.25881904510252091 -0.24999999999999994 -0.5 0.62500000000000011 0.37940952255126054 0.03500000000000001 0.058333333333333307 0.75000000000000011 1.0650000000000002 1.1450000000000002 0.25881904510252091 0.60355339059327384 1.0000000180025095e-35 0.68285714285714294 1.0000000180025095e-35 1.0000000180025095e-35 0.95000000000000007 0.48333333333333339 1.0000000180025095e-35 0.24778057941323248 0.78656609248549325 0.6830127018922193 0.70439444458987499 0.72500000000000009 0.68301270189221941
decision_type=10 2 10 2 2 2 10 2 10 2 10 2 10 10 10 2 8 2 2 2 2 10 10 2 10 10 2 2 8 10 2 2 2 10 2 2 2 2 2 2 10 2 10 10 10 10 10 2 2 10 10 2 8 10 10 10 10 2 2 2 10 2
left_child=1 4 7 12 11 -6 17 8 22 -7 44 18 20 39 42 33 31 52 -1 -20 21 51 23 -2 -25 -11 36 28 -18 61 -29 -13 -33 45 -34 -19 53 -12 -38 -14 41 -41 48 -36 47 -16 -47 -5 -9 50 -50 -4 -3 59 -8 -37 -44 -58 -45 -10 -61 -17
right_child=2 6 3 10 5 9 54 14 26 25 37 16 13 -15 15 29 27 35 19 -21 -22 -23 -24 24 -26 -27 -28 30 -30 -31 -32 32 34 -35 43 55 38 -39 -40 40 -42 -43 56 58 -46 46 -48 -49 49 -51 -52 -53 -54 -55 -56 -57 57 -59 -60 60 -62 -63
leaf_value=-3.5395636239451663e-05 0.0016802265790490344 -3.5915375603253535e-05 0.00091175676672611728 0.002294933526679309 -3.5916614413742031e-05 -1.2540306074608535e-05 -4.3555230057836954e-07 -1.6148858096836255e-05 -0.00024946696184734553 -4.4650140425329393e-05 0.003441341820426391 0.00022238254604202109 0.00032865836866570518 0.0025339871283522231 8.3136984461243396e-06 0.0002499825529722466 3.2386570928848894e-05 -3.5915375603253535e-05 -1.7330162072255348e-06 -4.9484970162300297e-05 0.0025504758656756366 0.0021112466682004726 0.00084630866170354389 0.00017759847392529449 0.0012772813694156642 -3.5875594999821986e-05 0.00026678929513574524 -5.7519303309093081e-05 -6.2185091525244037e-05 0.0001690790230406408 -8.7836139692873904e-05 -1.8538524968893644e-05 1.9196260383322685e-05 -0.00015115894868033232 1.6734833283286816e-05 -3.5915375603253535e-05 0.0001363136755799546 0.0017504533260352955 -0.00031291534331536391 0.0015968740062241315 0.00052455062602370709 -4.5048302708206584e-05 -2.464711594852278e-06 -1.2598206506959833e-05 0.0018701931507625962 0.0012361220637480141 0.00010023186989935816 0.00073782011479231241 -4.7277069380420776e-05 1.4090462440509952e-06 -3.9765672044877535e-05 -0.00046801969664704508 -3.5915375603253535e-05 1.5976580977249271e-05 -4.2624848033486347e-05 -3.6112899611519931e-05 -0.0002171919013670755 7.1592999889369224e-06 -5.6136976007205691e-05 0.0012409547750225395 0.00046162961323783998 0.00086002506615145632
leaf_weight=537 858 650 80 487 527 1010 120 494 98 218 1161 85 549 241 1953 470 275 2814 92 225 270 165 1328 304 93 170 1080 238 249 1190 181 597 2536 615 653 9580 302 292 302 711 740 106 4297 551 308 192 475 157 169 133 87 81 1277 1547 101 216 212 199 229 215 601 657
leaf_count=537 858 650 80 487 527 1010 120 494 98 218 1161 85 549 241 1953 470 275 2814 92 225 270 165 1328 304 93 170 1080 238 249 1190 181 597 2536 615 653 9580 302 292 302 711 740 106 4297 551 308 192 475 157 169 133 87 81 1277 1547 101 216 212 199 229 215 601 657
internal_value=-0.00651378 -0.017704 0.00463437 0.0132586 -0.00274779 -0.00936137 -0.0261888 0.00205293 0.00460098 -0.00450322 0.0183666 -0.000772213 0.00907948 0.00727002 0.000514178 0.0021718 0.000203753 -0.0264981 -0.00715789 -0.0136792 0.0161809 0.0108257 0.00888158 0.0114889 0.00625628 -0.0144987 0.00193198 -0.00435381 -0.000914286 0.00464625 -0.00864286 0.00112855 0.000906503 0.00039864 0.00159446 -0.0269907 0.000831703 0.0218913 -0.00307438 0.00603702 0.00737484 0.0102323 -0.00113197 -0.000690377 0.0129696 0.00132774 0.00471557 0.0152558 -0.00430995 -0.00807692 -0.012607 0.00351852 -0.0232624 0.00179123 -0.00581081 -0.0275166 -0.000535145 -0.00487864 -0.00314981 0.0042623 0.00528764 0.00710106
internal_weight=46350 23131 23219 5348 8373 1925 14758 17871 6728 1398 2405 6448 2943 2347 11143 5552 5594 14537 854 317 596 326 2583 1255 397 388 4145 943 524 2317 419 4651 4566 3235 3969 12610 3065 1453 604 2106 1557 817 5591 1433 952 2620 667 644 883 389 256 161 1927 2461 221 9796 4708 411 780 914 816 1127
internal_count=46350 23131 23219 5348 8373 1925 14758 17871 6728 1398 2405 6448 2943 2347 11143 5552 5594 14537 854 317 596 326 2583 1255 397 388 4145 943 524 2317 419 4651 4566 3235 3969 12610 3065 1453 604 2106 1557 817 5591 1433 952 2620 667 644 883 389 256 161 1927 2461 221 9796 4708 411 780 914 816 1127
is_linear=0
shrinkage=0.03


Tree=90
num_leaves=63
num_cat=0
split_feature=0 8 0 1 5 6 8 0 0 8 6 8 9 4 8 5 2 9 8 8 0 10 2 5 10 1 7 5 2 10 1 7 5 2 4 8 2 5 1 10 9 5 0 2 10 2 6 9 10 10 9 7 6 5 0 6 2 10 7 10 10 7
split_gain=6305.19 3280.28 521.099 120.507 118.693 116.05 131.88 77.7543 44.1315 36.6565 36.7531 34.0583 28.532 29.6932 28.3878 27.8746 26.0886 22.5707 22.5563 22.4067 22.328 18.9393 18.8326 21.9608 25.9995 17.3598 18.1788 17.3053 16.4779 16.4117 15.8354 23.4392 15.5153 15.1917 15.0801 14.358 15.9992 13.7644 13.5318 13.2303 13.8234 15.8084 13.1313 12.9308 12.2941 12.2883 12.5264 11.642 11.1547 10.9451 10.7408 10.1332 10.1327 9.97233 9.94614 9.75065 11.8488 9.73804 16.1436 9.44581 9.1271 9.08966
threshold=0.015000000000000001 -1.0000000180025095e-35 2.0150000000000001 1.0000000180025095e-35 0.15000000000000005 0.9919160630702849 -0.37940952255126059 1.1533333333333335 2.8850000000000002 0.37940952255126054 0.69300588406246244 0.25881904510252091 0.91597561503675351 0.51666666666666683 -0.60355339059327362 0.15000000000000005 0.15000000000000005 -0.70710678118654757 1.0000000180025095e-35 -0.70710678118654735 0.065000000000000016 1.0000000180025095e-35 1.0000000180025095e-35 0.22500000000000003 -0.5 0.015000000000000001 0.019447123111539701 0.15000000000000005 0.55000000000000016 -0.6830127018922193 1.8950000000000002 1.0214926040880241 0.55000000000000016 0.55000000000000016 0.9125000000000002 -0.5 0.75000000000000011 0.95000000000000007 2.8050000000000002 0.25000000000000011 -0.78656609248549325 0.82500000000000007 3.0750000000000006 0.8500000000000002 1.0000000180025095e-35 0.55000000000000016 0.21090423132313618 0.1294095225512602 0.68301270189221941 0.68301270189221941 -0.9159756150367534 0.94744514347092235 0.97587888928342192 0.22500000000000003 0.025000000000000005 0.82909810529501271 0.95000000000000007 0.25000000000000011 0.68218975532476689 -0.6830127018922193 -0.93301270189221908 0.96495490336268253
decision_type=10 2 10 10 10 2 2 10 10 2 2 2 2 8 2 10 10 2 2 2 10 2 10 10 2 10 10 10 10 2 10 10 10 10 8 2 10 10 10 2 2 10 10 10 2 10 2 2 2 2 2 10 2 10 10 2 10 2 10 2 2 10
left_child=1 5 7 18 8 6 14 9 11 10 -2 19 34 -14 45 17 38 43 27 48 25 -10 59 24 -24 54 -27 -3 -16 -20 -13 44 42 -8 47 36 -25 -22 49 40 41 -17 57 -9 -32 -1 -47 -7 -4 50 -6 -21 -41 -5 -11 -37 -57 58 -18 -12 -42 -61
right_child=2 3 4 53 16 12 33 15 21 20 22 30 13 -15 28 39 32 -19 29 51 37 -23 23 35 -26 26 -28 -29 -30 -31 31 -33 -34 -35 -36 55 -38 -39 -40 52 60 -43 -44 -45 -46 46 -48 -49 -50 -51 -52 -53 -54 -55 -56 56 -58 -59 -60 61 -62 -63
leaf_value=4.838869310201631e-05 -4.5362069871225861e-05 -3.4837914335155927e-05 0.00032167630175105596 1.1592867990825344e-05 0.0019511049332083473 0.00015485211606411451 -3.6342961002667057e-05 0.0012361332788212297 0.0014733364669901072 -4.091423385198792e-05 -0.00030587132648256791 0.0020343430725845569 -4.1194403874925554e-05 -3.4799327149827326e-05 1.6005009761049967e-07 0.00081657105439659648 0.001701320708879027 0.00031195951541580807 -3.4837914335155927e-05 0.0018798800103951674 -2.138861262971088e-05 0.0032781488127692159 0.00012716977700790035 0.00035400437980945835 0.00066212762570131757 3.2018422243877609e-05 -6.8061986412451392e-05 -3.4837914335155927e-05 -3.7964964236985427e-05 -3.4837914335155927e-05 -0.00056194981983515794 0.0018787988714690995 0.0005654728645123208 -3.4837453877369782e-05 -7.2590738834401531e-05 0.00086374550697623049 -1.3423185502473081e-05 0.00024459266997023919 0.0027859513967263987 -6.8480407124926754e-08 -0.00071179891963261792 -0.00039993880689549895 0.0020528248118850873 7.6259828275933032e-05 0.00048215442490523507 -4.8458593420927119e-05 -6.9534897495824795e-06 7.8444353535233813e-06 0.0012501660638936085 0.003349818441191445 0.00026319034116227769 0.0031329853133043851 0.0010015397522963175 -4.3899082050050261e-05 -6.3870239463415212e-05 0.00074739967759660875 4.2948957280110334e-05 0.0019436761003482027 0.00049915339485394729 8.8241875659732656e-05 5.7709503920162494e-05 -0.00049440007046423491
leaf_weight=195 2032 774 159 89 103 92 124 795 169 152 97 83 954 413 107 871 168 888 2821 499 3984 837 546 848 1219 94 126 1182 412 9803 98 95 875 413 261 122 1735 252 160 175 145 151 188 91 236 346 671 4309 117 82 132 379 795 148 328 656 463 239 631 473 707 122
leaf_count=195 2032 774 159 89 103 92 124 795 169 152 97 83 954 413 107 871 168 888 2821 499 3984 837 546 848 1219 94 126 1182 412 9803 98 95 875 413 261 122 1735 252 160 175 145 151 188 91 236 346 671 4309 117 82 132 379 795 148 328 656 463 239 631 473 707 122
internal_value=-0.00662333 -0.0177028 0.00445497 -0.0261594 0.0127633 -0.00259942 -0.00838255 0.0020131 0.0171942 0.000844528 0.00206038 0.0141812 -0.000422886 -0.00423246 -0.00434758 0.0053648 0.00816596 0.00831549 -0.0265044 0.017039 -0.00120316 0.0221648 0.00319484 0.00377281 0.0065402 -0.00616262 0.00081448 -0.0234543 -0.0102115 -0.026975 0.0077193 0.00537209 0.00672217 -0.0213569 0.000694832 0.00249412 0.00121904 -0.000382346 0.0144979 0.00352197 0.002048 0.00439883 0.00889976 0.0117024 0.00161194 -0.00183017 -0.00315324 0.00111086 0.00953069 0.0108491 0.0075 0.0193857 0.00636457 -0.00491597 -0.00935551 0.00514493 0.00425893 0.00756497 0.0059625 -0.00147186 -0.00077374 -5.03356e-05
internal_weight=46231 23114 23117 14817 5250 8297 2268 17867 2672 13249 8313 1666 6029 1367 1731 4618 2578 1774 14580 1154 4936 1006 6281 5589 1765 700 220 1956 519 12624 512 429 2101 537 4662 3824 2583 4236 477 2844 1874 1022 1226 886 334 1212 1017 4401 276 317 235 878 970 237 480 1241 1119 1038 799 692 852 595
internal_count=46231 23114 23117 14817 5250 8297 2268 17867 2672 13249 8313 1666 6029 1367 1731 4618 2578 1774 14580 1154 4936 1006 6281 5589 1765 700 220 1956 519 12624 512 429 2101 537 4662 3824 2583 4236 477 2844 1874 1022 1226 886 334 1212 1017 4401 276 317 235 878 970 237 480 1241 1119 1038 799 692 852 595
is_linear=0
shrinkage=0.03


Tree=91
num_leaves=63
num_cat=0
split_feature=0 0 9 9 1 5 1 6 9 9 6 0 0 11 9 11 0 11 11 9 6 10 0 1 1 5 4 1 11 1 11 9 10 5 5 2 2 11 10 0 5 7 10 7 1 1 0 4 2 5 7 1 9 7 2 9 2 4 2 2 2 0
split_gain=6256.04 528.626 175.446 145.462 119.187 116.833 75.4375 65.1105 63.4776 350.929 59.6761 44.1389 39.7302 64.4537 39.6158 34.9844 29.812 33.1217 28.77 28.2793 28.2709 27.8543 21.3473 20.989 20.1077 19.8689 18.3339 17.9585 17.7935 16.7804 16.2274 16.9951 14.8725 14.6218 13.9986 13.0848 13.052 13.247 13.4437 12.8303 13.3411 14.8014 16.9503 12.6855 13.953 12.4691 12.3877 16.383 14.8826 12.1815 17.7017 11.8942 11.5436 11.2318 11.0461 10.9967 10.8334 15.0891 10.5939 10.5335 10.4212 10.3651
threshold=0.015000000000000001 2.0150000000000001 0.37940952255126048 0.91597561503675351 1.0000000180025095e-35 0.15000000000000005 1.0850000000000002 0.9919160630702849 0.25881904510252057 0.1294095225512602 0.9919160630702849 1.0000000180025095e-35 2.9150000000000005 -0.5 0.98296291314453421 0.6830127018922193 3.1050000000000004 1.0000000180025095e-35 0.6830127018922193 -0.70710678118654757 0.9919160630702849 -0.5 1.2450000000000003 2.5850000000000004 0.015000000000000001 0.22500000000000003 1.0000000180025095e-35 2.3550000000000004 0.6830127018922193 2.2650000000000001 -0.24999999999999994 -0.5 1.0000000180025095e-35 0.55000000000000016 0.15000000000000005 1.0000000180025095e-35 0.25000000000000006 1.0000000180025095e-35 1.0000000180025095e-35 0.64500000000000013 0.083333333333333315 0.9973800264740782 0.68301270189221941 0.97690178593793064 0.45250000000000007 2.8050000000000002 1.8250000000000004 0.64166666666666683 0.65000000000000002 0.71666666666666667 0.8229615964784831 0.79500000000000015 0.78656609248549303 0.67508672924406132 0.55000000000000016 -0.9159756150367534 0.8500000000000002 0.8583333333333335 0.65000000000000002 0.15000000000000005 0.55000000000000016 0.075000000000000025
decision_type=10 10 2 2 10 10 10 2 2 2 2 10 10 2 2 2 10 2 2 2 2 2 10 10 10 10 8 10 2 10 2 2 2 10 8 10 10 2 2 10 10 10 2 10 10 10 10 10 10 10 10 10 2 10 10 2 10 10 10 10 10 10
left_child=2 6 4 10 8 12 19 -5 9 11 28 -1 13 27 15 -9 17 45 23 20 33 52 -20 39 -6 36 35 -3 60 -19 31 -27 -14 -2 -16 -23 37 38 -21 -8 41 58 -43 44 -38 49 47 48 55 50 -7 -39 -12 -42 -17 -22 -49 -58 -41 -57 -4 -32
right_child=1 5 3 7 24 16 18 14 -10 -11 21 -13 32 -15 34 54 -18 29 22 25 46 26 -24 -25 -26 30 -28 -29 -30 -31 61 -33 -34 -35 -36 -37 43 51 -40 40 53 42 -44 -45 -46 -47 -48 56 -50 -51 -52 -53 -54 -55 -56 59 57 -59 -60 -61 -62 -63
leaf_value=-3.3792776905101251e-05 0.00027216924993370221 -0.00028889081276031178 -3.3726157383896329e-05 -3.3792776905101251e-05 -4.3107292984827492e-05 0.0010030075456131172 0.0012652483506713859 -3.3792776905101251e-05 -3.3792776905101251e-05 -1.7530904371472841e-05 -3.6092683389623569e-05 -3.3984375193119654e-05 0.0015440370032724993 0.0021558156296410625 -3.3792776905101251e-05 -3.3792776905101251e-05 0.0022150003475430967 0.0015339931841917896 0.00056952556610097012 -0.00012031442721833113 0.0015964141385375174 -3.6001187781290642e-05 0.0013790776075298795 0.0018743357147238536 3.2905363438915299e-05 0.00021171053961852279 -3.3792776905101251e-05 0.00076335617206039759 -3.3792776905101251e-05 0.0030229298941631625 -6.0278535102973224e-05 -1.6614801449213144e-05 0.0033000425988125837 -2.3921680493865745e-05 -3.3792776905101251e-05 -3.6705025898320789e-05 6.6073664348506833e-05 3.3233165259203639e-05 3.5273370853350361e-07 0.0014267843107123315 0.00042335853416757078 -0.00024671050028917231 0.00093190207980101798 -0.00011789192192845548 0.00085746648990134365 0.0013147346759184229 0.0014511468466226684 0.0016278170752608444 -0.00011405333898085374 -0.00023212511853926366 -7.6487291724258168e-05 0.002309200609561554 -3.3792776905101251e-05 -6.6895092414032687e-05 -3.3792776905101251e-05 -0.00014240501391832582 -0.00022481952197284631 0.00069551651679786272 0.00064996321921848455 0.00049892752020191662 -3.3792776905101251e-05 -7.3504058749573531e-05
leaf_weight=2808 337 133 476 1583 143 507 190 2022 1926 781 1710 325 165 1187 667 311 371 337 384 370 140 1374 640 296 124 666 3393 417 526 274 633 2295 800 1684 722 759 1472 704 573 324 836 184 112 177 397 441 121 251 514 270 338 80 869 1148 431 100 149 599 221 228 2055 1996
leaf_count=2808 337 133 476 1583 143 507 190 2022 1926 781 1710 325 165 1187 667 311 371 337 384 370 140 1374 640 296 124 666 3393 417 526 274 633 2295 800 1684 722 759 1472 704 573 324 836 184 112 177 397 441 121 251 514 270 338 80 869 1148 431 100 149 599 221 228 2055 1996
internal_value=-0.00675581 0.00428627 -0.0178245 -0.0162471 -0.0221857 0.0126617 0.00182303 -0.0201325 -0.0230817 -0.0208736 -0.0142489 -0.0253574 0.0170033 0.014275 -0.0181488 -0.0160579 0.00803466 0.00668358 0.00526522 0.000716245 0.00278613 -0.0128979 0.00965854 0.00390399 -0.00257463 -0.000195429 -0.0141017 0.00577132 -0.0178254 0.012598 -0.00133071 0.000192438 0.0218944 0.000252226 -0.022295 -0.0119072 0.00148649 -0.000434028 -0.00282839 0.00315318 0.00264331 0.0058076 0.00040404 0.00310699 0.00383422 0.00435453 0.00522111 0.00464682 0.00189217 0.00266129 0.00443262 0.00244586 -0.010314 0.00129975 -0.021642 0.00575693 0.00735 0.00552737 0.00873626 0.00273556 -0.0167654 -0.00304563
internal_weight=46066 23061 23005 16898 6107 5240 17821 5736 5840 3914 11162 3133 2702 1737 4153 2764 2538 2167 4335 13486 4123 8105 1024 3311 267 9363 5526 550 3057 611 5590 2961 965 2021 1389 2133 3773 1727 943 3015 2825 841 296 2046 1869 1556 2102 1981 982 1115 845 784 2579 1984 742 468 999 748 545 328 2531 2629
internal_count=46066 23061 23005 16898 6107 5240 17821 5736 5840 3914 11162 3133 2702 1737 4153 2764 2538 2167 4335 13486 4123 8105 1024 3311 267 9363 5526 550 3057 611 5590 2961 965 2021 1389 2133 3773 1727 943 3015 2825 841 296 2046 1869 1556 2102 1981 982 1115 845 784 2579 1984 742 468 999 748 545 328 2531 2629
is_linear=0
shrinkage=0.03


Tree=92
num_leaves=63
num_cat=0
split_feature=0 8 1 6 10 8 1 0 11 7 5 9 11 0 11 11 8 0 0 0 8 5 4 10 1 6 8 0 10 7 7 6 11 9 11 5 0 0 5 4 11 4 0 6 8 0 1 0 1 7 10 5 0 4 11 7 8 10 10 7 6 8
split_gain=6183.43 3208.51 459.305 134.298 123.01 115.827 106.779 85.2714 54.128 45.9156 35.0992 34.3273 63.5989 33.2932 32.3187 29.9004 35.943 26.9999 26.0144 24.8308 24.0398 21.2365 19.3299 17.9307 16.8265 16.4515 16.2584 15.533 14.644 14.2256 14.2097 13.201 13.6148 13.1435 12.7881 16.4945 12.2377 11.7748 11.7617 14.5563 11.2812 11.2583 11.1619 10.6932 10.8703 10.4638 9.68528 9.48082 9.42543 48.1704 9.74273 8.96477 10.1965 8.89487 11.901 18.2008 11.8939 10.1755 9.03887 17.5249 8.77896 10.8491
threshold=0.015000000000000001 -1.0000000180025095e-35 2.0950000000000002 0.9919160630702849 0.25000000000000011 -0.37940952255126059 1.0000000180025095e-35 0.88500000000000012 0.25000000000000017 0.90630163053010859 0.15000000000000005 0.91597561503675351 0.6830127018922193 3.2450000000000006 0.25000000000000017 1.0000000180025095e-35 -0.60355339059327362 0.15500000000000003 1.2250000000000003 2.8150000000000004 0.12940952255126045 0.15000000000000005 0.083333333333333315 0.25000000000000011 2.8550000000000004 0.9919160630702849 0.25881904510252091 2.2450000000000006 -0.6830127018922193 0.66713352007469673 0.75218385073039962 0.31179268315033476 0.6830127018922193 0.37940952255126048 1.0000000180025095e-35 0.22500000000000003 0.025000000000000005 1.0000000180025095e-35 0.71666666666666667 0.48333333333333339 1.0000000180025095e-35 0.58333333333333337 1.6450000000000002 0.24817607891553481 -0.60355339059327362 1.925 1.1450000000000002 0.60500000000000009 1.0000000180025095e-35 1.0000000180025095e-35 -0.5 1.0000000180025095e-35 1.0000000180025095e-35 0.8583333333333335 0.6830127018922193 0.84086977036804045 -0.70710678118654735 0.25000000000000011 0.25000000000000011 0.18882724458204336 0.30179213626002627 0.91597561503675362
decision_type=10 2 10 2 2 2 10 10 2 10 10 2 2 10 2 2 2 10 10 10 2 8 10 2 10 2 2 10 2 10 10 2 2 2 2 10 10 10 10 10 2 10 10 2 2 10 10 10 10 10 2 8 10 10 2 10 2 2 2 10 2 2
left_child=1 3 7 5 13 15 20 17 23 27 18 -5 -13 14 24 43 31 26 -10 34 21 -3 -16 29 30 -12 48 -6 -22 38 -4 -17 -33 -34 -11 -36 -28 -8 -9 -40 -29 -14 -25 44 -1 -20 53 -48 50 -50 -2 -30 -53 54 60 58 57 -55 -56 -60 -19 -62
right_child=2 6 4 11 9 -7 37 8 10 19 25 12 41 -15 22 16 -18 46 45 -21 28 -23 -24 42 -26 -27 36 40 51 -31 -32 32 33 -35 35 -37 -38 -39 39 -41 -42 -43 -44 -45 -46 -47 47 -49 49 -51 -52 52 -54 56 55 -57 -58 -59 59 -61 61 -63
leaf_value=-2.5001587118773337e-05 -3.2693171185460867e-05 -3.2778993597948211e-05 0.0012968997409760882 6.6988022500200946e-06 0.00077860275355921382 -3.2778546953895658e-05 -4.4511611307506637e-05 0.00039749957766326227 0.00072772280627781067 0.0012603002104203842 -0.00024947142582608552 -2.9010853147234789e-05 -4.1061020789168711e-05 0.0028129643185003917 0.0023179014652719944 -5.0271381125892517e-05 -3.5825252278704834e-05 -6.2999909528063105e-05 0.0012885663590331596 0.0034961681874721871 -3.2778993597948211e-05 -3.2778993597948211e-05 0.00084282187216340779 0.00020816194520768231 0.0010462293001088868 0.00098165707173021415 -3.7040572538491624e-05 0.0015880475089306012 -3.2778993597948211e-05 -0.00019487880714728678 0.00020689615870738087 1.4793783485149199e-05 -5.8147625394048237e-06 -8.0307012216071581e-05 0.0028263217175490663 0.0014426719475523842 -3.3053921243303183e-05 4.1076344708671501e-06 -0.00040402262969716662 0.00030343441397114615 0.0028045770963392668 -3.2741564028179471e-05 0.00074134655460135089 1.3442200958160322e-05 -3.6843599522274191e-05 0.0026104721024043783 0.0011124232898397435 0.00026419741185250255 -0.000124621277644632 1.5816109199364089e-05 0.00010829982650600178 -3.2778993597948211e-05 -3.2964843937326067e-05 -0.0001554019232118299 9.3677007300396376e-05 -0.0004031402980444734 0.00021506501287999786 0.00014720780678324143 -0.0003569356835606392 0.00013966795314904383 0.00011473677616448824 -6.0698212856916406e-05
leaf_weight=270 303 749 188 4630 244 516 101 1101 340 401 254 1020 224 263 298 164 212 649 573 817 2854 1186 210 1046 794 1310 223 279 3206 829 927 215 117 148 345 93 1297 126 243 312 143 154 667 502 124 211 213 270 105 639 775 6308 178 217 704 196 1367 263 211 219 3250 320
leaf_count=270 303 749 188 4630 244 516 101 1101 340 401 254 1020 224 263 298 164 212 649 573 817 2854 1186 210 1046 794 1310 223 279 3206 829 927 215 117 148 345 93 1297 126 243 312 143 154 667 502 124 211 213 270 105 639 775 6308 178 217 704 196 1367 263 211 219 3250 320
internal_value=-0.00667802 -0.0176883 0.00428256 -0.00276968 0.0123286 -0.00899074 -0.0261024 0.00205931 0.00468709 0.0173827 0.00801041 -0.000427932 -0.0045461 0.0079448 0.00683623 -0.00530519 -0.00931155 0.000446444 0.0120533 0.0200604 -0.0264225 -0.0232593 0.013556 0.00255775 0.00504188 0.00509904 -0.00181274 0.0107046 -0.0269084 0.000929204 0.00266129 -0.00576744 -0.00324324 -0.00778195 0.0163929 0.0199544 -0.00410256 -0.00565789 0.0025347 -0.00102518 0.0141844 -0.0150396 0.00491832 -0.00147157 -0.00516456 0.0150573 0.00140482 0.00551653 9.87383e-05 -0.00249664 0.00189064 -0.0274776 -0.0281455 0.0011356 0.000535135 -0.00193839 0.00293831 -0.00112266 -0.000475771 -0.00389791 0.00131517 0.00189863
internal_weight=46113 23004 23109 8296 5002 2268 14708 18107 6886 2322 2688 6028 1398 2680 2417 1752 856 11221 1124 1656 14481 1935 508 4198 1909 1564 3342 666 12546 2485 1115 644 480 265 839 438 1520 227 1656 555 422 378 1713 896 394 784 7879 483 1822 744 1078 9692 6486 7396 5549 1330 1847 480 1134 430 4219 3570
internal_count=46113 23004 23109 8296 5002 2268 14708 18107 6886 2322 2688 6028 1398 2680 2417 1752 856 11221 1124 1656 14481 1935 508 4198 1909 1564 3342 666 12546 2485 1115 644 480 265 839 438 1520 227 1656 555 422 378 1713 896 394 784 7879 483 1822 744 1078 9692 6486 7396 5549 1330 1847 480 1134 430 4219 3570
is_linear=0
shrinkage=0.03


Tree=93
num_leaves=63
num_cat=0
split_feature=0 8 0 8 5 6 0 6 0 10 8 0 1 3 8 8 10 8 2 1 8 8 0 6 7 2 5 4 7 3 3 10 10 3 5 8 10 8 4 6 10 6 2 0 10 1 6 7 3 1 3 2 4 2 10 10 5 4 7 10 10 7
split_gain=6157.37 3182.83 501.742 117.868 115.575 112.685 87.841 55.0616 42.7768 35.411 35.402 36.6633 63.1372 31.6239 45.6034 35.2036 39.0959 28.7784 27.1895 26.6585 38.4247 27.478 25.9707 25.4993 22.9833 22.8654 22.8643 20.1385 17.8162 17.7306 17.5855 16.9159 16.5823 16.5449 16.0491 13.7708 13.5506 13.4207 16.651 12.736 12.7341 12.6458 15.6551 12.3898 12.2198 13.4233 11.9803 11.9604 11.7471 11.6537 11.4532 11.1221 10.715 10.0074 9.88914 16.7741 9.72606 9.55324 15.0893 9.54835 9.42193 9.09327
threshold=1.0000000180025095e-35 -1.0000000180025095e-35 1.925 -0.37940952255126059 0.15000000000000005 0.9919160630702849 0.21500000000000002 0.32212462018004401 2.8850000000000002 0.25000000000000011 0.25881904510252091 0.025000000000000005 1.0000000180025095e-35 0.8500000000000002 0.60355339059327384 -0.70710678118654735 1.0000000180025095e-35 0.12940952255126045 0.65000000000000002 1.1250000000000002 0.25881904510252091 -0.70710678118654735 3.0750000000000006 0.9919160630702849 1.0168648719606768 1.0000000180025095e-35 0.15000000000000005 0.81666666666666676 0.74714018528989612 0.35000000000000003 0.75000000000000011 -0.6830127018922193 0.68301270189221941 0.62500000000000011 0.083333333333333315 0.37940952255126054 1.0000000180025095e-35 -0.60355339059327362 0.058333333333333307 0.9919160630702849 1.0000000180025095e-35 0.97587888928342192 0.25000000000000006 2.1550000000000007 -0.5 1.0850000000000002 0.96010100249940655 0.98948946579341923 0.45000000000000007 1.0000000180025095e-35 0.11666666666666667 0.65000000000000002 0.083333333333333315 0.55000000000000016 -0.6830127018922193 1.0000000180025095e-35 0.35000000000000003 0.083333333333333315 0.6946747456167639 0.25000000000000011 0.93301270189221952 0.85190357955721085
decision_type=10 2 10 2 10 2 10 2 10 2 2 10 10 10 2 2 2 2 8 10 2 2 10 2 10 10 8 8 10 10 10 2 2 10 10 2 2 2 10 2 2 2 10 10 2 10 2 10 10 10 10 10 10 10 2 2 10 10 10 2 2 10
left_child=1 3 6 7 8 53 10 32 19 22 59 12 -12 14 15 16 41 26 48 -4 21 -21 -6 -17 -22 47 -3 37 -11 57 -29 -19 51 -23 -14 50 -10 -9 -39 -32 -15 -8 -43 -30 -16 52 -40 -18 -7 -33 -25 -1 -46 -5 -20 -56 -24 -27 -59 -2 -42 -37
right_child=2 17 4 5 9 18 13 27 36 28 11 -13 34 40 44 23 25 31 54 20 24 33 56 35 -26 29 -28 30 43 -31 39 49 -34 -35 -36 61 -38 38 46 -41 60 42 -44 -45 45 -47 -48 -49 -50 -51 -52 -53 -54 -55 55 -57 -58 58 -60 -61 -62 -63
leaf_value=2.1151828311693288e-05 -1.6363017033351484e-05 -3.1795623790009761e-05 0.0027293981329764017 -3.3368626993461622e-05 0.00048140758038343553 -3.982919016549365e-05 -0.00036784258022509112 1.295881772041936e-05 0.0016745741539587588 0.00094445967023359023 -3.1987583119334005e-05 -3.0497072934642544e-05 3.1944898449812992e-05 -3.6119094088194332e-05 0.00012950239489305303 2.2265858390713989e-05 0.00054841125578356821 -3.1795623790009761e-05 -4.9464713981277671e-05 0.00056407921447755528 0.00010548165943395915 0.0022449594094186465 0.0021547825984024184 0.0015692992720971386 0.0013461893599670781 0.0015369543031814592 -3.1795623790009761e-05 -8.0655322703429536e-05 0.0013259905357297631 0.00057877931761926842 -4.1731469342902539e-05 -3.1795623790009761e-05 -4.4772931254807539e-05 0.00091301823943813916 -3.1372612672199456e-05 0.00027622406987838632 0.0030590063462827455 1.6420021230845582e-05 -4.8224667915580399e-05 1.4617011291306168e-05 0.00016524402453122158 -0.00023291408512677087 0.00043715342482237977 0.0027745331855709805 -0.00011316623388647028 0.00022509362046783498 -2.8637782052135189e-05 -0.00046414674696685948 4.4914740705305553e-05 -4.3415197036341822e-05 0.0012745216236021383 -3.5738291536605969e-05 6.5441297605133351e-06 -3.1795190545278791e-05 -3.3021977024078843e-05 -3.3951091485611175e-05 0.0011009192641819742 0.0020752803434380277 0.00056024323531176365 6.0468552465353445e-05 -7.5793100329340292e-05 0.0010882597126300902
leaf_weight=80 1460 753 102 126 1702 541 172 3120 173 262 409 1734 81 2344 694 383 313 2782 95 331 365 785 169 352 129 135 1162 242 111 705 259 9581 165 154 130 533 857 654 143 453 2507 486 728 432 617 172 633 150 256 91 1445 365 452 398 150 344 175 105 159 1140 494 164
leaf_count=80 1460 753 102 126 1702 541 172 3120 173 262 409 1734 81 2344 694 383 313 2782 95 331 365 785 169 352 129 135 1162 242 111 705 259 9581 165 154 130 533 857 654 143 453 2507 486 728 432 617 172 633 150 256 91 1445 365 452 398 150 344 175 105 159 1140 494 164
internal_value=-0.00675901 -0.0180517 0.0038615 -0.00291589 0.0115814 -0.00941915 0.00140493 -0.000883074 0.0158026 0.00728962 -0.00199798 -0.00466242 -0.0109179 0.00269087 0.00391321 0.00523752 0.002935 -0.0265031 -0.00493151 0.0130798 0.012204 0.0149646 0.00518808 0.00759903 0.00509091 0.00617985 -0.0230324 6.53951e-05 0.0126179 0.00852489 -0.00389529 -0.0270349 -0.00942717 0.0175851 0.00240566 0.00870541 0.0207177 0.000896506 -0.00150943 -0.00151473 0.000914703 -0.0007354 0.000345679 0.0157169 -7.74793e-05 -0.0018599 -0.00447876 0.000581897 -0.00131579 -0.0276398 0.0100945 -0.00639013 -0.00311215 -0.0212571 -0.00981356 -0.0115152 0.0126957 0.013575 0.0101887 0.000415225 0.00220853 0.00511461
internal_weight=46204 22393 23811 8024 5747 1910 18064 6114 2896 2851 4954 2354 620 13110 7765 5830 2953 14369 1386 1866 1764 1270 2046 2877 494 1567 1915 5504 805 1104 954 12454 610 939 211 2494 1030 4550 1430 712 5345 1386 1214 543 1935 1241 776 463 797 9672 1797 445 1069 524 589 494 344 399 264 2600 3001 697
internal_count=46204 22393 23811 8024 5747 1910 18064 6114 2896 2851 4954 2354 620 13110 7765 5830 2953 14369 1386 1866 1764 1270 2046 2877 494 1567 1915 5504 805 1104 954 12454 610 939 211 2494 1030 4550 1430 712 5345 1386 1214 543 1935 1241 776 463 797 9672 1797 445 1069 524 589 494 344 399 264 2600 3001 697
is_linear=0
shrinkage=0.03


Tree=94
num_leaves=63
num_cat=0
split_feature=0 8 1 6 1 8 9 3 2 9 4 5 8 8 1 8 8 2 7 5 5 5 8 0 8 8 0 4 3 5 0 8 1 7 1 0 0 1 9 2 4 6 9 7 7 1 7 0 2 5 7 6 7 1 5 6 6 8 7 0 5 4
split_gain=6015.01 3268.58 447.153 128.565 115.886 113.994 96.3517 94.8899 86.2801 40.519 37.9814 35.2934 29.7646 27.8644 25.2918 22.7807 21.7463 21.1036 19.3852 25.8479 19.1437 18.3462 17.0656 16.6979 16.4673 22.0986 18.6763 16.33 22.5217 14.7329 12.6612 12.9022 12.3768 12.3713 14.0762 23.3357 10.6357 17.5903 10.62 10.593 9.94902 9.61175 9.28631 8.99817 9.8144 8.97183 8.66 8.31787 8.09664 7.96492 10.4967 8.5685 7.94212 7.88751 7.86924 7.63072 7.29187 13.2215 11.1077 7.88811 6.93986 6.86204
threshold=0.015000000000000001 -1.0000000180025095e-35 2.2816666665000001 0.96010100249940655 1.0000000180025095e-35 -0.60355339059327362 -0.70710678118654757 0.62500000000000011 0.15000000000000005 0.91597561503675351 0.51666666666666683 0.083333333333333315 0.37940952255126054 -0.37940952255126059 0.36500000000000005 0.25881904510252091 0.12940952255126045 0.65000000000000002 0.98948946579341923 0.083333333333333315 0.15000000000000005 0.15000000000000005 1.0000000180025095e-35 1.0000000180025095e-35 0.25881904510252091 -0.70710678118654735 2.4850000000000008 0.81666666666666676 0.8500000000000002 0.22500000000000003 0.025000000000000005 0.60355339059327384 3.2350000000000008 1.0070054473180547 1.2950000000000002 1.8250000000000004 0.52500000000000013 0.055000000000000007 0.60355339059327384 0.55000000000000016 0.17499999999999996 0.31691654995395618 -0.60355339059327384 0.35504019789734081 0.96495490336268253 0.79500000000000015 0.64873377314322211 0.43500000000000005 0.35000000000000003 0.71666666666666667 0.8229615964784831 0.72773610537564315 1.0087720048220379 2.6050000000000004 0.35000000000000003 0.9919160630702849 0.97587888928342192 0.60355339059327384 0.32597236735167773 1.2050000000000003 0.55000000000000016 0.083333333333333315
decision_type=10 2 10 2 10 2 2 10 10 2 8 10 2 2 10 2 2 10 10 10 10 10 2 10 2 2 10 8 10 10 10 2 10 10 10 10 10 10 2 8 10 2 2 10 10 10 10 10 10 10 10 2 10 10 10 2 2 2 10 10 10 10
left_child=1 3 6 5 16 38 7 12 24 27 -11 15 21 17 30 53 20 -7 19 45 -3 40 55 39 25 -4 -26 -5 -29 -6 31 -8 49 34 35 61 -24 -38 41 -18 43 -1 48 -2 -45 46 -16 -44 -20 50 -13 -52 -28 -10 -34 60 57 58 -21 -58 -9 -14
right_child=2 4 8 9 29 13 14 22 11 10 -12 32 33 -15 18 -17 23 -19 42 56 -22 -23 36 -25 26 -27 52 28 -30 -31 -32 -33 54 -35 -36 -37 37 -39 -40 -41 -42 -43 47 44 -46 -47 -48 -49 -50 -51 51 -53 -54 -55 -56 -57 59 -59 -60 -61 -62 -63
leaf_value=-4.1726362268262616e-05 0.0022894126649233471 -3.0841755076309473e-05 0.00075515289646366994 1.0892954956598122e-05 1.4010660720547023e-05 -2.4968259683417333e-05 -1.5593898502994901e-05 0.00035435944253324567 0.0011660758172547124 -3.6693682771895488e-05 -3.0740784362765758e-05 0.0016660783956847969 -0.0001788892126247249 -3.0842996932880412e-05 0.0011213932900000193 0.00039290165241574689 -3.0841755076309473e-05 -3.3751676301617724e-05 0.00026955271783609427 0.00022939941638794306 -3.0841755076309473e-05 0.0012175245593694804 -7.9524630910779505e-05 -3.1016271125626266e-05 3.4601906965192605e-06 0.0030733171899733412 0.0013174307822245766 -9.1744782288151813e-05 7.8775246985731364e-06 -4.1168381343882785e-05 -1.2325724082385691e-05 -3.4854540417452706e-05 0.0023851262398962036 0.0010822595508955752 -0.00075455491479281816 0.0011978019895477648 0.00095375277112833912 3.6127091320142246e-05 -5.467605845831141e-05 -3.0841755076309473e-05 0.0015734474740136094 1.4050628631814749e-05 0.00017559071195948357 0.0014114227956105762 0.0020832441322392778 0.0011048775463064981 8.4920316538306668e-05 -0.00022258161026851518 -0.00028232702814752741 0.00016437813148556106 -0.00026396323818396461 0.00083275121397597296 0.0025060236188342955 0.0022084018216504348 0.0013704137030885722 0.00071289754982869493 0.00037443646718304135 0.00064782518757480225 -0.00032862758354490013 -9.8499183227402916e-05 7.8261173387507424e-05 0.00030771086751292195
leaf_weight=246 88 769 149 4174 85 128 282 216 167 1011 472 259 153 471 101 161 4854 337 168 140 1173 1113 799 250 88 1013 130 272 468 134 6270 221 135 106 111 101 353 1413 462 7536 323 385 112 247 117 626 276 663 80 242 91 1000 81 572 143 1163 1153 106 435 581 1028 257
leaf_count=246 88 769 149 4174 85 128 282 216 167 1011 472 259 153 471 101 161 4854 337 168 140 1173 1113 799 250 88 1013 130 272 468 134 6270 221 135 106 111 101 353 1413 462 7536 323 385 112 247 117 626 276 663 80 242 91 1000 81 572 143 1163 1153 106 435 581 1028 257
internal_value=-0.00692073 -0.0176929 0.00394243 -0.00277679 -0.0261836 -0.00935468 0.00195926 0.00456977 0.0127528 -0.000689278 -0.00503369 0.00963551 0.00919373 -0.0170331 0.000192599 0.0145172 -0.0265089 -0.0117811 0.00195182 0.00303598 -0.0234997 0.0111805 0.00213553 -0.0269694 0.0186525 0.0202752 0.0123 0.000622584 -0.00348178 -0.0045 -0.000961027 -0.00553571 0.00727953 0.00403292 0.0024077 0.00451172 0.00043258 0.00173175 -0.00276965 -0.0271261 0.0147294 -0.000237342 -0.00166992 0.0176159 0.0154521 0.00708167 0.0034127 -0.00328608 0.00337349 0.00625235 0.00715026 0.00585165 0.0171226 0.0167432 0.0131183 0.00394934 0.00135348 -0.00127566 -0.00307292 0.00238617 0.00231325 0.00131387
internal_weight=46260 23227 23033 8426 14801 2029 18802 7588 4231 6397 1483 2770 2616 936 11214 900 14582 465 4441 3418 1942 1888 4972 12640 1461 1162 299 4914 740 219 6773 503 1870 728 622 511 2565 1766 1093 12390 775 631 1023 452 364 1003 377 775 248 1592 1350 1091 211 739 278 2407 2415 681 575 1734 1244 410
internal_count=46260 23227 23033 8426 14801 2029 18802 7588 4231 6397 1483 2770 2616 936 11214 900 14582 465 4441 3418 1942 1888 4972 12640 1461 1162 299 4914 740 219 6773 503 1870 728 622 511 2565 1766 1093 12390 775 631 1023 452 364 1003 377 775 248 1592 1350 1091 211 739 278 2407 2415 681 575 1734 1244 410
is_linear=0
shrinkage=0.03


Tree=95
num_leaves=63
num_cat=0
split_feature=0 8 0 6 1 5 8 9 3 2 9 11 8 11 11 0 1 11 8 5 1 7 5 0 0 11 2 6 2 2 11 6 2 0 1 8 2 8 8 11 11 3 1 7 3 9 9 3 2 11 11 0 3 2 7 11 11 9 8 6 7 1
split_gain=5963.54 3269.82 446.93 144.712 124.875 116.224 111.613 50.9518 69.4928 41.8468 35.0677 61.475 27.6143 30.014 27.321 44.405 26.3328 27.723 25.7029 23.1109 22.3636 22.989 20.2988 18.3044 17.5742 18.3493 17.3177 16.8505 16.2748 15.6312 15.3194 13.3399 13.0186 12.8754 12.7802 12.6491 13.7957 12.6336 15.8677 12.6223 12.0706 11.9835 11.7981 11.7572 11.5268 10.9766 10.7356 10.3318 10.0088 9.99309 13.0511 12.8951 10.0548 9.48376 12.7915 9.46024 8.7654 9.49185 8.62258 8.6055 8.50123 8.41392
threshold=0.015000000000000001 -1.0000000180025095e-35 2.0150000000000001 0.96010100249940655 1.0000000180025095e-35 0.083333333333333315 -0.60355339059327362 -0.70710678118654757 0.75000000000000011 0.15000000000000005 0.91597561503675351 0.6830127018922193 -0.37940952255126059 -0.5 -0.5 2.8650000000000007 2.9250000000000003 1.0000000180025095e-35 1.0000000180025095e-35 0.15000000000000005 0.36500000000000005 0.99095200782781923 0.083333333333333315 1.0000000180025095e-35 3.2350000000000008 1.0000000180025095e-35 0.55000000000000016 0.9919160630702849 0.75000000000000011 0.65000000000000002 0.6830127018922193 0.29453213612318335 0.55000000000000016 1.7850000000000004 1.4550000000000003 0.37940952255126054 0.15000000000000005 -0.91597561503675329 -0.98296291314453399 1.0000000180025095e-35 0.93301270189221952 0.45000000000000007 3.0550000000000002 1.0168648719606768 0.62500000000000011 0.37940952255126048 0.78656609248549303 0.35000000000000003 0.55000000000000016 0.6830127018922193 1.0000000180025095e-35 0.44500000000000006 0.11666666666666667 0.65000000000000002 0.58437646690658751 -0.24999999999999994 0.25000000000000017 -0.9159756150367534 0.25881904510252091 0.56067335994511591 0.80619110992813436 2.2950000000000004
decision_type=10 2 10 2 10 10 2 2 10 10 2 2 2 2 2 10 10 2 2 8 10 10 10 10 10 2 10 2 10 8 2 2 8 10 10 2 10 2 2 2 2 10 10 10 10 2 2 10 10 2 2 10 10 10 10 2 2 2 2 2 10 10
left_child=1 3 7 6 18 14 30 8 27 16 37 29 13 28 15 -4 17 -7 19 -3 -9 22 53 32 25 -11 -13 -2 -8 47 31 39 -20 34 49 36 -29 38 -5 -1 46 -27 56 -37 -40 -32 -39 -12 -42 50 51 -23 -52 -22 -55 -6 57 -16 -10 -15 -38 -19
right_child=2 4 5 10 55 9 12 20 58 24 11 26 -14 59 42 -17 -18 61 23 -21 21 33 -24 -25 -26 41 -28 35 -30 -31 45 -33 -34 -35 -36 43 60 40 44 -41 48 -43 -44 -45 -46 -47 -48 -49 -50 -51 52 -53 -54 54 -56 -57 -58 -59 -60 -61 -62 -63
leaf_value=-2.1309714469884364e-05 7.1500228786001838e-05 -2.991650242402019e-05 0.00052746085588762704 8.4406145256578106e-05 1.3321391864400205e-05 0.00024598937509013431 6.6601341673862293e-05 -1.3954534008107557e-05 0.00015023567451479482 0.00050500654726780476 -1.8862127555882486e-05 -3.7533503977371976e-05 -2.9917707024893999e-05 -3.0041092176686645e-05 0.0012042005720892079 0.0022799785872177794 0.0032722378410163558 0.0019393761383984108 -2.991650242402019e-05 -2.991650242402019e-05 0.0011259940165592739 0.00023802289778470688 0.00014146989126656378 -3.0085782991857478e-05 0.0020481064559794674 0.0023254583243949001 -2.9818560831882784e-05 0.0013929694376831991 -3.3729248282523381e-05 -4.0846757897168772e-05 -2.1703355743950721e-05 1.5595704858805351e-05 -2.991650242402019e-05 -0.00056295816690215552 0.00057790026047892403 0.00029231741583833957 0.0015730283930258245 2.3865559057714841e-05 -4.0893982102546053e-05 -4.7607913243699996e-05 8.0253911735176518e-06 0.0013553643882171773 0.0034974189276049672 0.0011079559178369662 2.2845458442609033e-06 -6.7922418046982601e-05 -2.9775835780082755e-06 5.3134399608970266e-05 -8.3344058720149776e-05 -0.00037932404752978138 0.00092689634123935098 -0.00025282026593871463 -8.3339309605429398e-05 0.0013438921828281096 -0.00019607236861176989 -3.3814589850288423e-05 0.0028869583999630282 0.0019973837460573775 -3.8476203185288868e-05 -2.4329824482199886e-05 0.00081155431113083066 0.003096176269432269
leaf_weight=275 277 773 420 98 107 204 84 6784 2568 1654 361 162 475 136 255 500 212 127 4840 1170 709 82 2307 254 158 225 232 247 108 432 129 447 7547 88 182 590 864 2386 388 100 149 285 297 92 273 158 1313 275 243 145 96 301 85 80 175 119 414 365 1528 141 540 119
leaf_count=275 277 773 420 98 107 204 84 6784 2568 1654 361 162 475 136 255 500 212 127 4840 1170 709 82 2307 254 158 225 232 247 108 432 129 447 7547 88 182 590 864 2386 388 100 149 285 297 92 273 158 1313 275 243 145 96 301 85 80 175 119 414 365 1528 141 540 119
internal_value=-0.00690733 -0.0176445 0.00392366 -0.00265001 -0.026113 0.0116253 -0.0095667 0.00165041 0.00371254 0.00773869 -0.000399176 -0.00447027 -0.0171429 -0.0119362 0.0167718 0.0127687 0.0143891 0.0102439 -0.0264559 -0.0231944 0.000396919 0.00210303 0.0033099 -0.0269554 0.00583728 0.00512702 -0.0145823 0.00753734 -0.00279793 -0.000729654 -0.00310811 -0.00102066 -0.0271206 -0.00192857 -0.000840807 0.00836761 0.00978814 0.000828695 -0.00272368 -0.00518617 0.00148827 0.0100978 0.019527 0.00491947 -0.00439577 -0.0090625 0.00201892 0.0022606 -0.00351145 -0.00266197 -0.000849558 -0.00398438 0.00576923 0.00696373 0.00199219 -0.00396476 0.017971 0.0156522 0.0012741 -0.0182374 0.00862633 0.017004
internal_weight=46150 23175 22975 8365 14810 5235 2053 17740 6706 2984 6312 1462 944 469 2251 920 662 450 14584 1943 11034 4250 3271 12641 2322 2164 394 2610 192 1068 1109 822 12387 979 891 2333 1651 4850 759 375 4091 510 1331 682 661 287 3699 636 392 709 564 383 181 964 255 226 1034 620 4096 277 1404 246
internal_count=46150 23175 22975 8365 14810 5235 2053 17740 6706 2984 6312 1462 944 469 2251 920 662 450 14584 1943 11034 4250 3271 12641 2322 2164 394 2610 192 1068 1109 822 12387 979 891 2333 1651 4850 759 375 4091 510 1331 682 661 287 3699 636 392 709 564 383 181 964 255 226 1034 620 4096 277 1404 246
is_linear=0
shrinkage=0.03


Tree=96
num_leaves=63
num_cat=0
split_feature=0 8 0 6 8 1 2 1 5 2 8 11 0 8 8 11 0 8 0 11 2 8 1 5 0 6 7 4 0 8 0 10 11 11 8 10 6 11 10 4 7 2 7 7 5 5 7 11 10 2 10 2 0 8 8 4 10 8 8 5 10 5
split_gain=5911.15 3323.65 457.297 123.216 128.486 117.877 97.5272 66.1094 37.4045 33.6169 31.8829 57.2171 24.5479 24.0857 21.3125 21.2257 26.7722 21.2151 20.9298 34.3024 20.9148 19.8423 19.4541 18.5202 18.0746 16.153 17.328 17.2436 19.4074 15.597 15.5083 14.6055 14.3187 13.9306 13.6333 13.4173 13.3454 15.7267 13.0582 13.2609 13.1959 12.7718 12.1567 12.0114 17.197 11.9271 11.7084 11.3173 11.3043 11.1271 11.0995 10.762 10.4392 10.3368 12.3165 10.3051 10.1068 10.0313 9.93378 9.39979 9.35949 11.8499
threshold=0.015000000000000001 -1.0000000180025095e-35 2.0150000000000001 0.9919160630702849 -0.60355339059327362 1.0000000180025095e-35 0.15000000000000005 0.95500000000000007 0.083333333333333315 0.65000000000000002 -0.37940952255126059 0.6830127018922193 0.15500000000000003 0.25881904510252091 0.25881904510252091 0.6830127018922193 1.0150000000000003 0.12940952255126045 2.6150000000000007 -0.5 0.55000000000000016 -0.37940952255126059 2.4850000000000008 0.15000000000000005 1.0000000180025095e-35 0.9919160630702849 0.38505210011816532 0.64166666666666683 1.6650000000000003 -0.37940952255126059 0.025000000000000005 -0.6830127018922193 -0.5 0.93301270189221952 -0.5 0.93301270189221952 0.21090423132313618 -0.5 0.68301270189221941 0.17499999999999996 1.0007132667617691 0.35000000000000003 0.44278167043495786 0.6946747456167639 0.22500000000000003 0.71666666666666667 0.95157537003085457 0.25000000000000017 0.25000000000000011 0.45000000000000007 0.68301270189221941 0.75000000000000011 1.3050000000000004 0.25881904510252091 -0.70710678118654735 0.17499999999999996 1.0000000180025095e-35 0.60355339059327384 -0.91597561503675329 0.22500000000000003 -0.5 1.0000000180025095e-35
decision_type=10 2 10 2 2 10 10 10 10 10 2 2 10 2 2 2 10 2 10 2 10 2 10 8 10 2 10 10 10 2 10 2 2 2 2 2 2 2 2 10 10 10 10 10 10 10 10 2 2 8 2 8 10 2 2 10 2 2 2 10 2 8
left_child=1 3 7 4 36 17 18 12 13 29 58 51 14 34 -2 22 46 23 19 -4 -13 32 38 -3 31 26 33 28 -27 -6 -16 -19 -11 59 -8 45 37 -1 40 -40 -9 -30 -29 -41 -45 53 -17 -7 52 -33 57 -12 -24 54 -10 -56 -20 -28 -5 -14 -60 -62
right_child=2 5 6 10 9 47 8 15 35 21 11 20 25 -15 30 16 -18 24 56 -21 -22 -23 48 -25 -26 27 50 42 41 -31 -32 49 -34 -35 -36 -37 -38 -39 39 43 -42 -43 -44 44 -46 -47 -48 -49 -50 -51 -52 -53 -54 -55 55 -57 -58 -59 60 -61 61 -63
leaf_value=8.6865955730629124e-06 1.1157509216370778e-05 -2.9019007351299587e-05 0.00023038316202461995 -1.0811254103420429e-05 -2.0428909265836444e-05 5.9844277544999395e-06 0.001114704557554444 0.00025246230592994854 5.9172513751847286e-05 -3.2717370834047679e-05 2.3370887576341842e-05 -3.6407498858050814e-05 0.00032961838669676787 0.00050859281635526636 -3.3505455635990043e-05 0.00046988119584317421 0.0011642156602984484 -2.9019007351299587e-05 0.0015936667045466696 0.0020024208396535082 -2.8924004006926301e-05 -2.9018513710187194e-05 0.002883078068685031 -2.9019007351299587e-05 -2.9183209502101754e-05 3.1095651437370586e-05 -0.0004694579318421585 0.00044869018929496768 0.001253506310957874 -3.0544747064924541e-05 -3.4724427828328491e-05 -2.9019007351299587e-05 -2.8165450912954103e-05 -0.00038645929352154834 0.0021560824935251232 0.002545004309671296 4.8550448301391043e-06 -4.6179675846388998e-05 0.00095454150093583767 0.00070535560191897241 -0.00014989926910733683 3.4779411301437136e-05 -3.6783032432431554e-05 0.00092413370646560742 -0.00065865690739464193 0.00022619100434382143 -0.0003056573496812201 -3.4485668469793834e-05 0.0023448197826633449 -2.9019007351299587e-05 0.00023747898424477068 -4.1946115692577501e-05 0.00022507165213201118 0.00029095819078894634 0.0015212742542406131 0.00090579134560490155 0.0026424662128778768 2.8588173103293035e-06 2.6894694236961769e-05 1.7678327668778083e-05 2.1666132816300227e-05 -9.6735567472841159e-06
leaf_weight=150 1785 757 188 726 147 137 230 2080 150 159 685 168 160 214 211 228 876 2761 244 614 216 365 80 1163 266 4207 262 1428 158 166 1270 2943 225 142 563 132 838 234 408 324 352 105 282 139 148 415 115 92 124 6625 90 343 156 369 703 605 812 87 1243 2607 1230 1405
leaf_count=150 1785 757 188 726 147 137 230 2080 150 159 685 168 160 214 211 228 876 2761 244 614 216 365 80 1163 266 4207 262 1428 158 166 1270 2943 225 142 563 132 838 234 408 324 352 105 282 139 148 415 115 92 124 6625 90 343 156 369 703 605 812 87 1243 2607 1230 1405
internal_value=-0.00691182 -0.0176576 0.00382544 -0.00247199 -0.00840263 -0.0262055 0.0116164 0.00153492 0.00857776 -0.0160301 -0.000219378 -0.00416136 0.000389215 0.0134226 -0.00185491 0.00444842 0.00789344 -0.0265424 0.0171382 0.0134496 -0.014026 -0.01948 0.0033447 -0.0235502 -0.0269967 0.00115857 -0.000519558 0.00206763 0.00108701 -0.00773885 -0.00451417 -0.0271655 -0.0146494 0.000319588 0.0158312 0.00651789 -0.00176615 -0.00638961 0.00265064 0.0055 0.00145499 0.00897727 0.00462887 0.00269608 -0.00177083 0.00596523 0.000784884 -0.00482609 0.0099723 -0.0277333 -0.00606818 -0.000466472 0.00607595 0.00700766 0.00814256 0.00907563 0.0199243 -0.00848571 0.000990228 0.000791185 0.00159319 0.000580425
internal_weight=46107 23044 23063 8300 2284 14744 5239 17824 3381 1062 6016 1412 12794 1007 3266 5030 1219 14515 1858 802 384 749 3811 1920 12595 9528 3348 6180 4470 313 1481 12329 384 2909 793 2374 1222 384 3451 1019 2432 263 1710 611 287 2242 343 229 360 9568 439 1028 236 1827 1458 1308 1056 349 4604 2767 3878 2635
internal_count=46107 23044 23063 8300 2284 14744 5239 17824 3381 1062 6016 1412 12794 1007 3266 5030 1219 14515 1858 802 384 749 3811 1920 12595 9528 3348 6180 4470 313 1481 12329 384 2909 793 2374 1222 384 3451 1019 2432 263 1710 611 287 2242 343 229 360 9568 439 1028 236 1827 1458 1308 1056 349 4604 2767 3878 2635
is_linear=0
shrinkage=0.03


Tree=97
num_leaves=63
num_cat=0
split_feature=0 8 0 6 8 1 5 1 9 0 8 2 5 9 8 5 9 3 7 2 8 1 7 0 5 3 8 1 3 0 9 8 3 2 6 7 8 5 6 8 2 3 5 9 3 7 1 8 2 2 2 5 5 5 8 6 2 0 0 3 4 7
split_gain=5845.46 3184.1 406.068 126.45 127.377 106.989 103.843 62.9217 37.7493 31.2214 30.2087 21.8469 21.2474 21.9122 20.6605 20.3841 19.7768 24.2933 19.4671 19.1281 18.9937 21.0306 17.9697 16.8882 16.708 16.4978 18.1343 15.5132 13.6886 12.3867 12.1867 24.6035 15.5475 12.957 11.7611 14.9071 11.3759 10.5737 12.0324 11.3403 17.2923 20.9103 10.709 10.5632 10.5065 10.4642 10.3023 21.8663 10.0656 10.0266 9.80125 9.49796 9.1468 9.11551 9.08063 8.92442 8.90597 8.37029 8.26224 8.13884 42.7043 8.08751
threshold=0.015000000000000001 -1.0000000180025095e-35 2.0150000000000001 0.9919160630702849 -0.60355339059327362 1.0000000180025095e-35 0.15000000000000005 0.95500000000000007 0.91597561503675351 2.9550000000000005 -0.37940952255126059 0.75000000000000011 0.083333333333333315 -0.5 0.12940952255126045 0.71666666666666667 -0.70710678118654757 0.8500000000000002 1.0147758284600392 0.55000000000000016 0.25881904510252091 1.5550000000000004 1.0123902975718344 1.0000000180025095e-35 0.15000000000000005 0.62500000000000011 -0.70710678118654735 3.2350000000000008 0.25000000000000006 0.03500000000000001 -0.70710678118654757 0.25881904510252091 0.8500000000000002 0.55000000000000016 0.94457821059868363 0.82682435789051689 -0.5 0.95000000000000007 0.9919160630702849 0.60355339059327384 1.0000000180025095e-35 0.8500000000000002 0.63333333333333341 -0.98296291314453399 0.11666666666666667 1.0049262279169096 0.015000000000000001 0.78656609248549325 0.55000000000000016 0.15000000000000005 0.55000000000000016 0.35000000000000003 0.15000000000000005 0.35000000000000003 0.37940952255126054 0.94457821059868363 1.0000000180025095e-35 1.0000000180025095e-35 0.13500000000000004 0.62500000000000011 0.81666666666666676 0.93935989104528439
decision_type=10 2 10 2 2 10 10 10 2 10 2 10 10 2 2 10 2 10 10 8 2 10 10 10 8 10 2 10 10 10 2 2 10 10 2 10 2 10 2 2 10 10 10 2 10 10 10 2 10 10 8 10 10 10 2 2 10 10 10 10 8 10
left_child=1 3 7 4 48 14 9 16 59 20 11 53 13 49 24 27 17 52 -15 28 25 -22 -23 50 -3 26 45 43 -10 46 31 32 34 -33 -14 -36 -37 38 -31 40 44 42 -42 -8 -40 -4 47 55 -1 -9 -16 -29 54 -6 -2 -18 -56 -7 -43 60 -5 -32
right_child=2 5 6 8 10 57 15 12 19 -11 -12 -13 30 18 23 -17 29 -19 -20 -21 21 22 -24 -25 -26 -27 -28 51 -30 37 61 33 -34 -35 35 36 -38 -39 39 -41 41 58 -44 -45 -46 -47 -48 -49 -50 -51 -52 -53 -54 -55 56 -57 -58 -59 -60 -61 -62 -63
leaf_value=2.9218151510720311e-05 0.0015076135139999852 -2.8148437130760597e-05 0.0010524867297424662 3.0624134718863424e-06 2.5642918384365005e-05 -3.8681440819739297e-05 0.0017168629933834788 0.00093971693800696642 -3.5315273892309294e-05 0.0025301337577735483 -2.8149620402841565e-05 -3.0628826408410764e-05 -0.00012394868133753346 0.00081740330991062642 -2.8148437130760597e-05 0.00020687274448534049 -4.7697968257872576e-05 1.2311877287072004e-05 -0.00018792225904337793 -2.8969662383431555e-05 0.0026357962991591195 0.0002684860381083476 0.0013572425138870725 -2.8307713217038703e-05 -2.8148437130760597e-05 0.00092416152886445218 0.0019759056200663039 0.002869913426737215 2.7891995698247364e-05 -5.0246856723730789e-05 0.00021715901986154806 0.0010244253162108074 0.00027045026825878171 -0.00025546778305960636 0.0015948611645747845 -0.00017804884868885429 0.0010677348672145425 0.00018293876297982377 -2.2079910877843279e-05 -1.5382958096689936e-05 0.00058476225333641018 0.00024792229392191922 -6.7431945896677389e-05 0.00074443567462486812 -0.0002989111861852061 6.40015387359466e-05 1.5074092932417506e-05 -3.6227608652312108e-05 -2.9093746042186362e-05 0.00094740851804744561 -2.8148437130760597e-05 0.0015335027963109937 0.00052639822491017119 -6.9053611450830768e-05 -8.3428495389428197e-05 1.8778658716275335e-05 0.0006232045450346238 -1.1080814703296685e-05 -0.00012264815747420679 1.6626754153892235e-05 -0.0001070087745273688 -0.00021459242634288056
leaf_weight=197 187 738 175 2543 97 95 356 284 426 900 507 306 118 357 4777 478 108 2416 162 711 80 363 113 255 1189 196 815 137 277 2298 797 128 757 536 475 160 321 340 407 2565 1417 142 190 1513 132 86 170 264 1003 533 7499 98 900 100 84 338 188 128 561 1948 158 396
leaf_count=197 187 738 175 2543 97 95 356 284 426 900 507 306 118 357 4777 478 108 2416 162 711 80 363 113 255 1189 196 815 137 277 2298 797 128 757 536 475 160 321 340 407 2565 1417 142 190 1513 132 86 170 264 1003 533 7499 98 900 100 84 338 188 128 561 1948 158 396
internal_value=-0.00703822 -0.017753 0.0036364 -0.00286802 -0.0090095 -0.0261402 0.0109132 0.00145669 -0.000628298 0.0149945 -0.0168546 -0.0116071 0.00429851 0.00753927 -0.0264583 0.00659698 0.000332861 0.00215307 0.00271154 -0.00491873 0.0127283 0.00807899 0.00566038 -0.0269095 -0.0235114 0.0147526 0.0162117 0.00786698 -0.00140625 -0.000436583 0.0031228 0.0043149 0.00610808 -0.000631579 0.00842791 0.00952978 0.00578838 -6.70558e-05 -0.000295605 0.000476454 0.00177895 0.00290783 0.00479478 0.00694652 -0.00305556 0.00927481 -0.00381385 -0.00540084 -0.002398 0.010599 -0.0270701 0.0151271 0.00536029 -0.00378788 0.00880435 -0.00134228 0.00527473 -0.00549107 -0.00140625 0.000677419 -0.000388601 0.000628141
internal_weight=45995 22954 23041 8273 2210 14681 5310 17731 6063 2728 1010 503 5024 1336 14458 2582 12707 3775 519 1414 1828 556 476 12531 1927 1272 1076 2104 703 8932 3688 2495 1831 664 1074 956 481 8052 7712 5414 2849 2310 1607 1869 539 261 880 710 1200 817 12276 235 1359 197 459 446 272 223 703 4649 2701 1193
internal_count=45995 22954 23041 8273 2210 14681 5310 17731 6063 2728 1010 503 5024 1336 14458 2582 12707 3775 519 1414 1828 556 476 12531 1927 1272 1076 2104 703 8932 3688 2495 1831 664 1074 956 481 8052 7712 5414 2849 2310 1607 1869 539 261 880 710 1200 817 12276 235 1359 197 459 446 272 223 703 4649 2701 1193
is_linear=0
shrinkage=0.03


Tree=98
num_leaves=63
num_cat=0
split_feature=0 8 0 9 10 2 0 1 3 8 1 0 1 11 1 8 11 3 8 10 1 0 11 5 0 8 5 0 10 10 4 0 11 2 11 5 0 2 10 0 9 3 11 9 2 2 8 9 5 11 0 1 1 8 1 8 8 1 3 10 2 10
split_gain=5777.47 3172.45 411.776 133.74 94.7592 90.0076 88.4386 44.0552 33.1958 33.0698 36.0655 51.5975 32.8222 30.1962 27.2861 26.7164 26.0265 25.9328 21.8243 22.6878 21.0812 20.2751 17.9591 17.6081 17.4161 17.1127 16.3514 14.8073 14.6869 14.3401 14.2553 14.1591 13.4967 13.2289 13.0231 12.9121 24.8068 16.9863 13.7059 12.5935 12.5797 15.3366 12.3611 21.4299 12.3542 12.1757 12.0899 11.9142 14.1116 11.8408 12.023 13.1331 11.5833 11.4754 10.5277 10.435 10.1951 14.8394 13.9149 10.3809 14.7224 9.96718
threshold=1.0000000180025095e-35 -1.0000000180025095e-35 2.0150000000000001 0.78656609248549303 0.25000000000000011 0.65000000000000002 0.15500000000000003 2.9550000000000005 0.11666666666666667 0.25881904510252091 1.0000000180025095e-35 0.025000000000000005 1.0850000000000002 0.6830127018922193 1.0000000180025095e-35 1.0000000180025095e-35 0.6830127018922193 0.45000000000000007 0.78656609248549325 -0.5 2.5650000000000004 3.3550000000000004 0.25000000000000017 0.15000000000000005 1.0850000000000002 -0.37940952255126059 1.0000000180025095e-35 0.6150000000000001 -0.6830127018922193 0.68301270189221941 0.17499999999999996 2.8650000000000007 -0.5 0.8500000000000002 0.6830127018922193 0.15000000000000005 1.7850000000000004 0.15000000000000005 1.0000000180025095e-35 1.9450000000000001 -0.60355339059327384 0.95000000000000007 1.0000000180025095e-35 0.1294095225512602 0.45000000000000007 0.15000000000000005 0.25881904510252091 -0.9159756150367534 0.71666666666666667 0.25000000000000017 1.1250000000000002 0.21500000000000002 3.1050000000000004 -0.37940952255126059 1.7750000000000001 -0.37940952255126059 0.60355339059327384 0.50500000000000012 0.75000000000000011 -0.24999999999999994 0.25000000000000006 0.68301270189221941
decision_type=10 2 10 2 2 8 10 10 10 2 10 10 10 2 10 2 2 10 2 2 10 10 2 8 10 2 8 10 2 2 10 10 2 10 2 10 10 10 2 10 2 10 2 2 8 10 2 2 10 2 10 10 10 2 10 2 2 10 10 2 10 2
left_child=1 3 6 26 8 34 9 17 22 -2 11 -11 35 25 15 23 20 32 -12 -20 27 47 31 -3 -18 -7 -1 -14 -17 39 -31 -4 -6 -21 -5 36 37 49 40 -29 41 -37 45 -44 -30 -28 -34 48 -10 -8 51 -51 54 -36 -49 -15 58 61 59 60 -39 -58
right_child=2 14 4 5 7 13 12 -9 21 10 18 -13 16 55 -16 28 24 -19 19 33 -22 -23 -24 -25 -26 -27 42 29 44 30 -32 -33 46 -35 53 38 -38 56 -40 -41 -42 -43 43 -45 -46 -47 -48 52 -50 50 -52 -53 -54 -55 -56 -57 57 -59 -60 -61 -62 -63
leaf_value=2.607444447479023e-05 -4.1717985878036984e-06 -2.7303984016837779e-05 0.00033132792084433201 -1.9674858020874031e-05 0.00037976738039250502 -3.0690040475707603e-05 -6.7184834631046634e-05 0.0028011207107031776 0.0010827456553426683 -2.8504183818510282e-05 -0.0001767605695523477 -4.1900983321619885e-05 0.0012609033480626209 -3.827703965135763e-05 -3.7668238710740444e-05 -2.7303984016837779e-05 0.00028732283918216751 0.0011552007046951994 -4.9807544353785341e-05 4.2884780942047803e-05 0.0015960968073990428 0.002528835130655869 0.002224387805205578 -2.7303984016837779e-05 0.0011609674147170001 -2.7305131790756317e-05 -7.1930049967456914e-05 0.00010546451607072349 -2.7303984016837779e-05 0.00103941962153393 0.00014997249544301149 0.001623745538545272 0.0024039661264201539 -3.4942852012530191e-06 -9.7380087950174612e-06 0.00032372861752981858 0.0014320256029057025 -0.00035833195062669112 0.00010007554657873965 -0.00052660979092949804 -9.8092476125054593e-05 -9.2064590191716223e-05 0.00011799855402934644 -2.5735991629459546e-05 -2.7303984016837779e-05 2.9070104509280791e-05 0.0011332609589968466 0.00065784581564626125 -0.00012276031173254264 -0.00016812152664119268 0.00053465086259222303 0.00092303199660834093 0.0011892961927834156 -3.4255815675540013e-05 -1.949267741122085e-05 -2.7255385117496117e-05 0.0001143410804423156 -0.00028236978235290781 -5.1413963338810541e-05 0.00092275639782057287 0.0011546098565233954 -8.0384933199723586e-05
leaf_weight=1523 2105 745 162 1493 146 712 615 876 955 403 122 862 173 253 105 2764 288 617 143 230 299 120 270 1156 745 691 96 1879 2966 360 489 172 518 144 215 1064 93 86 3836 145 1566 906 81 1613 6644 894 195 220 141 128 87 160 147 210 736 259 407 81 245 522 201 124
leaf_count=1523 2105 745 162 1493 146 712 615 876 955 403 122 862 173 253 105 2764 288 617 143 230 299 120 270 1156 745 691 96 1879 2966 360 489 172 518 144 215 1064 93 86 3836 145 1566 906 81 1613 6644 894 195 220 141 128 87 160 147 210 736 259 407 81 245 522 201 124
internal_value=-0.00705458 -0.0179805 0.00324546 -0.0028877 0.0106387 -0.00694053 0.00113782 0.0151211 0.00702804 -0.00280549 -0.00566929 -0.0086019 0.00222828 -0.0115397 -0.0264182 -0.0265305 0.00439826 0.0119431 0.000140625 0.00283784 0.00311118 0.00539224 0.0132893 -0.0231703 0.00855899 -0.00925214 0.000805608 0.00236298 -0.0270448 0.0018476 0.00511765 0.00859701 0.015314 0.00672 -0.00234497 0.00128927 0.00304364 0.00250659 0.000634748 0.000474074 -0.000712468 0.000882801 -0.000603352 -0.00215929 -0.0276121 0.00205853 0.0170168 0.00473182 0.00694622 -0.000605449 0.00359043 0.000622837 0.00252717 -0.00697183 0.00131661 -0.0177778 0.00435513 0.00127243 0.00614218 0.00803704 0.0034375 0.0031015
internal_weight=46203 22420 23783 8040 5275 3833 18508 2352 2923 4009 1904 1265 14499 1915 14380 14275 4378 1476 639 517 3345 2319 604 1901 1033 1403 4207 3046 12374 2873 849 334 859 374 1918 10121 2749 2656 7372 2024 3536 1970 2684 1694 9610 990 713 2199 1096 990 375 288 1103 425 956 512 1666 612 1054 809 287 531
internal_count=46203 22420 23783 8040 5275 3833 18508 2352 2923 4009 1904 1265 14499 1915 14380 14275 4378 1476 639 517 3345 2319 604 1901 1033 1403 4207 3046 12374 2873 849 334 859 374 1918 10121 2749 2656 7372 2024 3536 1970 2684 1694 9610 990 713 2199 1096 990 375 288 1103 425 956 512 1666 612 1054 809 287 531
is_linear=0
shrinkage=0.03


Tree=99
num_leaves=63
num_cat=0
split_feature=0 8 0 6 8 10 1 0 8 1 1 3 11 8 11 8 8 11 11 6 11 6 9 1 1 10 4 3 11 3 1 0 8 2 4 4 11 0 4 11 6 8 4 10 2 2 0 1 2 4 8 8 2 2 3 4 8 2 6 2 8 3
split_gain=5745.63 3191.87 427.277 139.433 119.634 101.454 85.3116 49.3402 39.5902 60.6464 35.8585 33.0861 31.0651 62.3128 30.3224 41.3403 25.1763 24.4178 21.5711 26.0534 21.2497 21.1175 30.5681 21.0521 16.071 15.6663 15.6294 15.1682 14.094 23.4402 13.8423 14.1168 13.1224 22.7461 17.0188 12.7751 12.6955 16.0576 12.5643 13.8893 12.229 12.0706 12.0695 15.2322 11.6778 11.6694 11.3274 11.1291 11.0571 10.8912 11.3638 10.8364 11.0305 10.434 14.1364 11.7213 10.2872 10.2264 10.9412 10.2209 10.0207 9.38637
threshold=1.0000000180025095e-35 -1.0000000180025095e-35 2.0150000000000001 0.9919160630702849 -0.37940952255126059 0.25000000000000011 1.1050000000000002 0.025000000000000005 0.78656609248549325 1.0000000180025095e-35 2.9350000000000005 0.11666666666666667 0.6830127018922193 -0.37940952255126059 -0.5 -0.78656609248549303 0.12940952255126045 1.0000000180025095e-35 0.6830127018922193 0.26924950830363353 0.6830127018922193 0.9919160630702849 -0.70710678118654757 3.4250000000000003 1.0000000180025095e-35 -0.6830127018922193 0.58333333333333337 0.75000000000000011 -0.24999999999999994 0.25000000000000006 2.4850000000000008 0.6150000000000001 0.37940952255126054 0.35000000000000003 0.64166666666666683 0.083333333333333315 0.25000000000000017 2.9050000000000007 0.9125000000000002 -0.24999999999999994 0.27817168356754757 0.25881904510252091 0.083333333333333315 0.68301270189221941 0.55000000000000016 0.95000000000000007 0.51500000000000012 0.20500000000000004 0.45000000000000007 0.17499999999999996 -0.60355339059327362 -0.78656609248549303 0.75000000000000011 0.95000000000000007 0.62500000000000011 0.17499999999999996 -0.25881904510252113 0.95000000000000007 0.92930638923935771 0.15000000000000005 -0.5 0.95000000000000007
decision_type=10 2 10 2 2 2 10 10 2 10 10 10 2 2 2 2 2 2 2 2 2 2 2 10 10 2 10 10 2 10 10 10 2 10 10 10 2 10 8 2 2 2 10 2 10 10 10 10 8 10 2 2 10 10 10 10 2 10 2 10 2 8
left_child=1 3 6 4 14 11 7 8 -2 -10 17 36 38 49 51 40 61 -7 19 -17 30 28 32 -13 25 -18 -15 41 53 -30 31 -8 33 -23 47 -11 37 -4 -5 -40 -16 -19 43 -33 -6 -36 -34 -35 -27 59 -51 -1 -53 54 -9 -55 -47 58 -31 -14 -22 -3
right_child=2 16 5 12 44 10 20 21 9 35 -12 23 13 26 15 18 24 27 -20 -21 60 22 -24 -25 -26 48 -28 -29 29 57 -32 42 46 34 45 -37 -38 -39 39 -41 -42 -43 -44 -45 -46 56 -48 -49 -50 50 -52 52 -54 55 -56 -57 -58 -59 -60 -61 -62 -63
leaf_value=0.00010910344998154161 -6.3758849402340863e-06 -2.6484864496332646e-05 0.00043192295295693347 1.435967960406505e-05 -2.8193670300265332e-05 0.0010210960278241997 0.0013574638780178437 -0.00011171500978752445 -2.7649058303954976e-05 2.5531882280682842e-05 0.0028162575596705807 0.00064953607839100141 -3.7754427817728722e-06 -3.3228141205273807e-05 -4.9407709531714723e-05 -3.6108102551066225e-05 -2.6484864496332646e-05 0.0025873574924048385 -4.0970599794144184e-05 -3.7932298216638811e-05 0.00052634096146229935 0.0016346845509522933 7.3326086083063708e-06 0.0026184152685590043 -3.7025036130574049e-05 -2.6484864496332646e-05 -2.6369532461690683e-05 0.0010210705438037609 0.0014933372186221932 -0.00011473708066739615 0.0013762253991086726 0.0001516238619525062 -0.00023934287311533768 0.0013146212732349223 0.001439012620587663 -2.6728405146109934e-05 0.002024454595930824 0.0016289697006629145 -4.0530217274581749e-05 5.8230769842762714e-06 7.9227954513904317e-06 0.0009744946805819981 0.00010230058058860125 0.0010171833840128921 -2.6485977837033629e-05 0.0007895094859978344 0.00026485318303673898 -0.00023120686142435911 -2.6484864496332646e-05 -1.0897440561326558e-05 -8.8475273847105971e-05 4.2247030450541235e-05 -2.9858455811970637e-05 0.00016431438775842374 0.00014425105686070096 -5.0420163803765807e-05 -7.8410327279666289e-05 -4.6753990276214923e-05 -0.00027647573095585361 5.1414870781412355e-05 0.001151369015291307 -2.6484864496332646e-05
leaf_weight=90 594 1466 177 3748 125 723 170 152 386 82 887 2213 395 222 156 149 2764 534 187 288 319 99 6198 95 92 2978 152 84 81 806 367 602 175 132 450 122 282 163 89 113 353 114 1801 304 402 114 606 340 6694 739 219 178 276 160 931 1310 154 1028 280 182 663 480
leaf_count=90 594 1466 177 3748 125 723 170 152 386 82 887 2213 395 222 156 149 2764 534 187 288 319 99 6198 95 92 2978 152 84 81 806 367 602 175 132 450 122 282 163 89 113 353 114 1801 304 402 114 606 340 6694 739 219 178 276 160 931 1310 154 1028 280 182 663 480
internal_value=-0.00715871 -0.0180029 0.00315456 -0.00287574 -0.00930612 0.0106846 0.00099962 -0.000114076 -0.00597468 -0.0114721 0.0153393 0.00696008 -0.000455631 -0.00359686 -0.00538141 -0.0081746 -0.026429 0.0124245 -0.013344 -0.00965753 0.00474095 0.000419451 0.00133511 0.005301 -0.0269279 -0.027021 -0.01456 0.0162892 -0.00117498 -0.00293716 0.00356857 0.00286657 0.00449058 0.00634884 0.00518892 0.0017561 0.0130979 0.00914956 0.00106302 -0.0062069 -0.00182353 0.0178428 0.00233752 0.00515987 -0.0217614 0.00809458 0.00141944 0.000761099 -0.0276026 -0.000917969 -0.002878 0.000440367 -0.00145055 0.000340642 0.0025738 -0.00130523 0.00312268 -0.0035461 -0.00557498 0.00233564 0.00860631 -0.0232049
internal_weight=46235 22537 23698 8063 2204 5272 18426 14200 1184 590 2342 2930 5859 1909 1677 1133 14474 1455 624 437 4226 13016 8268 2308 12528 12436 374 732 4748 2195 3244 2877 2070 1289 1190 204 622 340 3950 202 509 648 2707 906 527 718 781 472 9672 1535 958 544 454 2553 1083 1470 268 2114 1086 577 982 1946
internal_count=46235 22537 23698 8063 2204 5272 18426 14200 1184 590 2342 2930 5859 1909 1677 1133 14474 1455 624 437 4226 13016 8268 2308 12528 12436 374 732 4748 2195 3244 2877 2070 1289 1190 204 622 340 3950 202 509 648 2707 906 527 718 781 472 9672 1535 958 544 454 2553 1083 1470 268 2114 1086 577 982 1946
is_linear=0
shrinkage=0.03


Tree=100
num_leaves=63
num_cat=0
split_feature=0 8 0 6 8 2 0 6 9 3 5 0 9 11 8 1 0 11 8 8 11 8 9 5 1 2 5 11 6 2 2 11 8 11 11 0 5 5 9 11 3 4 4 3 2 1 9 6 11 0 1 1 5 8 0 2 1 4 6 2 9 1
split_gain=5659.16 3166.24 356.073 134.4 135.611 89.0036 76.9998 39.8353 40.3694 33.5232 32.4507 33.3369 32.3452 50.0671 31.6845 37.2811 48.8259 31.0815 30.7831 29.0542 28.9411 24.3741 20.3406 19.9962 18.4908 16.9021 16.4515 16.3458 15.7391 14.4843 14.0277 12.2147 11.8671 11.6145 11.558 11.4831 11.4717 11.1793 10.9027 12.0847 13.2459 10.7424 10.7322 26.2905 10.2916 10.1352 9.82662 9.50454 9.46408 9.44185 9.35476 9.03478 8.76157 8.67343 11.9249 8.64837 8.60299 8.54813 8.24917 8.22782 8.05657 7.91794
threshold=1.0000000180025095e-35 -1.0000000180025095e-35 2.0150000000000001 0.9919160630702849 -0.37940952255126059 0.15000000000000005 0.13500000000000004 0.9919160630702849 -0.70710678118654757 0.8500000000000002 0.083333333333333315 3.0350000000000006 0.91597561503675351 0.6830127018922193 0.25881904510252091 1.0000000180025095e-35 0.025000000000000005 1.0000000180025095e-35 -0.60355339059327362 0.12940952255126045 1.0000000180025095e-35 0.37940952255126054 -0.70710678118654757 0.22500000000000003 1.0000000180025095e-35 0.55000000000000016 0.083333333333333315 0.93301270189221952 0.30675165837886681 0.65000000000000002 0.15000000000000005 1.0000000180025095e-35 0.25881904510252091 0.6830127018922193 1.0000000180025095e-35 1.0650000000000002 0.55000000000000016 0.083333333333333315 -0.12940952255126037 -0.24999999999999994 0.95000000000000007 0.31666666666666671 0.81666666666666676 0.8500000000000002 0.35000000000000003 2.2650000000000001 0.37940952255126048 0.72773610537564315 -0.5 1.1450000000000002 2.5850000000000004 0.85500000000000009 0.22500000000000003 0.78656609248549325 0.042500000000000003 0.55000000000000016 3.3450000000000002 0.17499999999999996 0.39171654935837491 0.75000000000000011 -0.60355339059327384 1.0000000180025095e-35
decision_type=10 2 10 2 2 10 10 2 2 10 10 10 2 2 2 10 10 2 2 2 2 2 2 8 10 10 10 2 2 10 10 2 2 2 2 10 10 10 2 2 10 8 8 10 10 10 2 2 2 10 10 10 10 2 10 10 10 10 2 8 2 10
left_child=1 3 6 4 18 22 14 27 9 21 11 17 42 59 61 16 -16 50 28 23 29 30 32 -3 41 -15 -17 38 31 -20 37 -1 -4 -30 56 -23 51 -9 39 40 44 -21 -5 -44 -8 -36 -35 -22 -24 60 -7 -11 -41 -28 -55 -6 -12 -42 -31 -14 -46 -2
right_child=2 19 5 12 55 10 7 8 -10 36 34 -13 13 25 15 26 -18 -19 20 24 47 35 48 -25 -26 -27 53 -29 33 58 -32 -33 -34 46 45 -37 -38 -39 -40 52 57 -43 43 -45 49 -47 -48 -49 -50 -51 -52 -53 -54 54 -56 -57 -58 -59 -60 -61 -62 -63
leaf_value=-2.8653331482260401e-05 2.0685747960356228e-05 -2.569031856144267e-05 0.0024020386370371149 9.9189227221262156e-06 -2.7347860191257373e-05 -3.255308106047017e-05 -6.3480303007311633e-05 0.0014397845135345998 7.7178843627264128e-05 -0.00036023201025806332 0.00040941209430996273 0.0023123141276539571 1.4153734482855598e-05 -3.2231296969115596e-05 -2.6819586554836326e-05 2.7487239218924481e-05 -4.0700950149523513e-05 0.0018099781817423482 3.5614951322239735e-05 -2.569031856144267e-05 -2.6524472411610829e-05 -0.00028958102304073579 0.00021634750211360908 -2.569031856144267e-05 -3.5425960809144235e-05 -2.5578446487839961e-05 -0.00014721918699408078 -0.00037272917805720882 2.7898870914509109e-05 -2.8924874247079457e-05 0.0010709877618898208 -4.0503083742827067e-05 0.0012856142744422855 1.365411486352652e-05 0.00091501742779226175 0.00051846476572101844 0.00031839757911861552 0.00099083960766062893 -0.0001260247358328246 0.00042423354372065237 0.00036863518155607635 -2.569031856144267e-05 -8.2904541403417911e-05 1.7459094807993599e-05 0.0027330757372626534 0.0020275602449190667 -6.5637751066206768e-05 -2.6401197097183904e-05 0.001093379771098395 0.00029191608107478727 0.00070877274465617536 9.9231563170943947e-05 -9.5815824787266185e-05 -3.9176727472416893e-05 9.4638585430095458e-05 -2.5689736397962636e-05 0.0020357095281285198 -3.0493396104515347e-06 -4.4994780984999717e-05 -3.9174180706102833e-05 0.00031790502635865359 -4.3085555547070239e-05
leaf_weight=241 1270 883 1195 3789 122 222 83 131 6147 205 1694 244 697 168 384 130 739 264 100 6145 96 292 144 1050 97 209 98 182 488 114 1736 165 412 88 289 480 827 126 453 175 184 6232 252 376 99 243 139 114 99 185 305 263 1539 196 157 416 129 1517 104 327 113 655
leaf_count=241 1270 883 1195 3789 122 222 83 131 6147 205 1694 244 697 168 384 130 739 264 100 6145 96 292 144 1050 97 209 98 182 488 114 1736 165 412 88 289 480 827 126 453 175 184 6232 252 376 99 243 139 114 99 185 305 263 1539 196 157 416 129 1517 104 327 113 655
internal_value=-0.00730264 -0.0180993 0.00294828 -0.00297152 -0.00930987 0.00984545 0.000980019 0.00194395 0.00298295 0.00530411 0.0069537 0.0113803 -0.00058773 -0.00455777 -0.00293388 -0.00591202 -0.00910142 0.00837121 -0.00503636 -0.026504 -0.0110019 0.0071692 0.0151378 -0.0230352 -0.0270397 -0.0138889 0.000257732 -0.000397263 -0.00221925 -0.00526646 0.00892177 -0.00692875 0.0163619 0.000460894 0.00500424 0.00263907 0.00131944 0.0154651 -2.75926e-05 0.000485113 0.00196609 -0.0271425 0.00067225 -0.00295707 0.00636175 0.00889306 -0.00513158 -0.0196209 0.0070082 0.00836683 0.00414773 -0.0024307 -0.00139942 -0.00245575 -0.000254237 -0.0223748 0.00386513 0.000722679 -0.00958904 -0.0011122 0.0126761 -0.00029595
internal_weight=46018 22412 23606 8005 2187 5240 18366 14737 10207 4060 3390 1035 5818 1401 3629 1704 1123 791 1649 14407 528 2765 1850 1933 12474 377 581 4530 1121 318 1993 406 1607 715 2355 772 1295 257 4348 3895 2181 12377 4417 628 480 532 227 210 243 397 527 468 1714 451 353 538 1823 1701 218 1024 212 1925
internal_count=46018 22412 23606 8005 2187 5240 18366 14737 10207 4060 3390 1035 5818 1401 3629 1704 1123 791 1649 14407 528 2765 1850 1933 12474 377 581 4530 1121 318 1993 406 1607 715 2355 772 1295 257 4348 3895 2181 12377 4417 628 480 532 227 210 243 397 527 468 1714 451 353 538 1823 1701 218 1024 212 1925
is_linear=0
shrinkage=0.03


Tree=101
num_leaves=63
num_cat=0
split_feature=0 8 0 6 8 0 5 1 11 8 8 0 1 8 11 0 5 8 0 11 11 11 4 5 1 5 4 8 1 3 4 7 5 3 0 4 11 11 6 11 0 7 1 11 3 8 3 8 8 7 3 7 5 8 9 4 8 0 11 11 11 11
split_gain=5625.41 3198.34 366.856 130.45 133.074 74.0898 68.7708 34.5397 34.454 72.6298 28.6808 34.3195 49.0457 28.5842 25.1231 44.4792 25.057 24.3253 21.7452 22.2696 20.9501 20.3625 19.8116 19.3469 18.7949 16.0079 15.2915 18.3258 15.0879 14.3708 20.3588 20.0659 18.286 16.4865 15.7194 13.9273 13.2383 13.0054 14.9847 12.9525 12.2069 12.0464 11.9836 11.7632 11.6982 11.1565 10.9058 10.779 10.6997 23.2951 14.6081 12.7669 9.63258 9.4833 9.4639 9.44911 9.42613 9.36309 9.21165 8.6406 8.29674 8.25003
threshold=1.0000000180025095e-35 -1.0000000180025095e-35 2.0150000000000001 0.96010100249940655 -0.60355339059327362 0.15500000000000003 0.083333333333333315 1.0850000000000002 0.6830127018922193 -0.37940952255126059 0.25881904510252091 0.025000000000000005 1.0000000180025095e-35 0.12940952255126045 -0.5 2.8250000000000006 0.71666666666666667 -0.37940952255126059 3.3550000000000004 1.0000000180025095e-35 1.0000000180025095e-35 0.6830127018922193 0.96250000000000002 0.15000000000000005 1.0000000180025095e-35 0.083333333333333315 0.48333333333333339 -0.78656609248549303 2.2650000000000001 0.95000000000000007 0.64166666666666683 0.55647090087696005 0.95000000000000007 0.57500000000000007 1.8250000000000004 0.48333333333333339 1.0000000180025095e-35 1.0000000180025095e-35 0.21090423132313618 -0.24999999999999994 2.2850000000000006 0.92316406335097934 2.5850000000000004 1.0000000180025095e-35 0.35000000000000003 -0.70710678118654735 0.95000000000000007 -0.91597561503675329 1.0000000180025095e-35 0.98948946579341923 0.083333333333333315 1.053418561078624 0.55000000000000016 -0.78656609248549303 -0.60355339059327384 0.31666666666666671 1.0000000180025095e-35 0.77500000000000013 0.25000000000000017 0.6830127018922193 0.6830127018922193 1.0000000180025095e-35
decision_type=10 2 10 2 2 10 10 10 2 2 2 10 10 2 2 10 10 2 10 2 2 2 8 8 10 10 10 2 10 10 10 10 10 10 10 10 2 2 2 2 10 10 10 2 10 2 10 2 2 10 10 10 10 2 2 8 2 10 2 2 2 2
left_child=1 3 5 4 37 10 14 29 22 26 -2 12 -12 23 15 40 18 20 19 -8 52 42 43 -3 55 -14 47 -28 59 30 34 33 54 -32 -7 -11 -33 -1 -39 -24 -4 58 48 44 -5 -23 -45 -10 49 50 -9 -50 -6 -49 -31 -15 -42 -35 -16 -21 -40 -56
right_child=2 13 6 8 17 7 16 21 9 35 11 -13 25 24 41 -17 -18 -19 -20 28 -22 45 39 -25 -26 -27 27 -29 -30 32 31 36 -34 57 -36 -37 -38 38 60 -41 56 -43 -44 46 -46 -47 -48 53 51 -51 -52 -53 -54 -55 61 -57 -58 -59 -60 -61 -62 -63
leaf_value=1.1160158402486464e-05 -4.3352956630711769e-06 -2.4919609004599388e-05 -0.00062309246819578499 -1.6746200817513086e-06 -1.5132399933099303e-06 3.087676985143013e-05 0.00069063917103441065 0.0014705030561292559 -2.4482689882085114e-05 -3.1264358060042131e-05 -2.5049590836758059e-05 -2.5826666537114242e-05 2.5044254927175076e-05 -2.4919609004599388e-05 0.0010146196008893021 0.0017292315232440957 0.00013467501187730712 -2.4919044306023754e-05 0.002519836261089918 0.00087545903690081246 -2.2276423877575555e-05 -3.2954812981134673e-05 -3.6249747261669451e-05 -2.4919609004599388e-05 -3.4852246050560891e-05 -3.2160811203989476e-05 1.0588333970589815e-06 -8.3890741323677071e-05 0.0025372553540449995 -3.7990038805887392e-06 0.0013575708663977261 0.00037860306733381293 0.00028566319759991659 0.00015676392058889849 0.001182165069991263 -2.4811093093204762e-05 -0.00059485669821028109 -3.4478468067362299e-05 1.0885203184744178e-05 -6.818125050674201e-06 0.00070288223011635397 0.0023428584211385357 0.0013040961083986358 5.3342506032515514e-06 4.6564930477626565e-05 0.00098496155898841081 -5.3928103946037984e-05 5.0087018651346726e-05 -0.00014336122164093133 -0.00022188520070428596 0.00049092258443278914 0.0003101759984127328 -2.8132783800731195e-05 3.6316252786355687e-06 -7.2769751605812995e-05 -2.4919609004599388e-05 4.1038916433877582e-06 0.0010100590451928987 0.0019597548937042505 0.0016514723969333555 -5.7618413725296382e-05 -0.00031080464737513644
leaf_weight=479 2086 764 100 793 111 4748 1701 205 214 210 403 1263 82 6068 328 539 474 476 133 203 161 96 104 1171 96 128 393 347 376 2048 390 88 427 755 138 188 118 132 167 120 148 860 275 1373 1461 940 224 217 840 305 1447 184 160 441 770 6254 149 311 131 127 182 270
leaf_count=479 2086 764 100 793 111 4748 1701 205 214 210 403 1263 82 6068 328 539 474 476 133 203 161 96 104 1171 96 128 393 347 376 2048 390 88 427 755 138 188 118 132 167 120 148 860 275 1373 1461 940 224 217 840 305 1447 184 160 441 770 6254 149 311 131 127 182 270
internal_value=-0.00725601 -0.0180562 0.00295841 -0.00279482 -0.00972713 0.000951523 0.00993359 0.00195389 -0.000665462 -0.00387867 -0.00267979 -0.00537027 -0.0111889 -0.0265118 0.0138963 0.0101174 0.00696517 -0.0179538 0.0081464 0.00748754 -0.0127483 0.00420685 0.00092002 -0.0230733 -0.0270457 0.00056872 -0.00104154 -0.00421053 0.0119661 0.000992647 0.00182318 0.00469032 -0.000554608 0.00592999 0.000847145 -0.0153383 -0.00405797 -0.00193548 -0.00541494 -0.00773333 0.00248744 0.0165682 0.00303961 0.00142523 0.0028204 0.00786885 -0.000544431 0.00164948 0.00248491 0.00378447 0.00519056 0 -0.00761029 0.00355083 -0.00135966 -0.0271492 0.00553691 0.0039925 0.012587 0.00725076 -0.00214286 -0.00368876
internal_weight=45892 22306 23586 7953 1868 18317 5269 14355 6085 2010 3962 1876 613 14353 2255 936 3014 908 2540 2407 432 4292 4075 1935 12418 210 1612 740 706 10063 6548 1662 3515 1456 4886 398 206 960 481 224 397 1319 3256 3851 2254 1036 1597 872 2981 1957 1652 1024 271 658 3088 12322 297 1066 459 330 349 1040
internal_count=45892 22306 23586 7953 1868 18317 5269 14355 6085 2010 3962 1876 613 14353 2255 936 3014 908 2540 2407 432 4292 4075 1935 12418 210 1612 740 706 10063 6548 1662 3515 1456 4886 398 206 960 481 224 397 1319 3256 3851 2254 1036 1597 872 2981 1957 1652 1024 271 658 3088 12322 297 1066 459 330 349 1040
is_linear=0
shrinkage=0.03


Tree=102
num_leaves=63
num_cat=0
split_feature=0 8 0 9 6 0 10 11 6 8 0 7 0 8 11 5 3 9 3 3 11 6 8 6 10 10 0 11 5 2 2 7 10 9 8 5 10 10 2 10 2 2 11 8 7 8 8 10 5 9 2 2 2 10 0 7 2 3 2 11 0 6
split_gain=5531.51 3163.25 345.762 128.139 119.647 86.7066 84.9323 56.5575 50.2817 43.391 42.0249 39.5878 34.5708 30.7411 30.1182 23.038 23.0058 32.8202 23.2362 20.928 20.6848 22.573 25.9669 17.2411 16.2222 16.1101 16.0965 18.5538 15.7164 14.6816 13.4891 12.8948 20.6782 15.5366 14.8084 33.1663 22.3477 15.9202 14.9292 11.6251 12.5081 10.7558 10.7394 10.5648 17.754 10.2599 10.2425 10.2014 10.1083 9.98135 10.7335 9.4688 11.8679 9.36195 9.2172 8.95316 10.5852 8.90016 12.5766 8.63088 18.6017 9.62317
threshold=1.0000000180025095e-35 -1.0000000180025095e-35 2.0150000000000001 0.91597561503675351 0.9919160630702849 0.31500000000000006 0.25000000000000011 0.6830127018922193 0.32212462018004401 0.37940952255126054 0.025000000000000005 0.91675550817341867 3.2450000000000006 0.12940952255126045 0.25000000000000017 0.15000000000000005 0.95000000000000007 -0.70710678118654757 0.35000000000000003 0.25000000000000006 0.6830127018922193 0.9919160630702849 -0.78656609248549303 0.59844731329174716 0.68301270189221941 1.0000000180025095e-35 2.8250000000000006 1.0000000180025095e-35 0.083333333333333315 0.55000000000000016 0.65000000000000002 0.99095200782781923 0.68301270189221941 0.1294095225512602 0.60355339059327384 0.083333333333333315 0.68301270189221941 0.25000000000000011 0.8500000000000002 -0.6830127018922193 0.45000000000000007 0.65000000000000002 -0.24999999999999994 0.37940952255126054 0.95947386619028407 -0.5 1.0000000180025095e-35 0.93301270189221952 0.55000000000000016 0.78656609248549303 0.95000000000000007 0.55000000000000016 1.0000000180025095e-35 0.68301270189221941 2.6650000000000005 0.56609579100145158 0.65000000000000002 0.62500000000000011 0.75000000000000011 -0.24999999999999994 0.80500000000000016 0.97587888928342192
decision_type=10 2 10 2 2 10 2 2 2 2 10 10 10 2 2 8 10 2 10 10 2 2 2 2 2 2 10 2 10 10 10 10 2 2 2 10 2 2 10 2 8 10 2 2 10 2 2 2 10 2 8 8 10 2 10 10 10 10 10 2 10 2
left_child=1 3 5 8 30 9 12 51 24 23 28 46 14 15 54 -3 17 18 43 -16 49 22 -22 -2 41 -18 27 -13 -11 -9 -5 33 -33 34 35 55 38 59 -36 -15 -41 -1 57 -7 -45 -25 48 53 -8 -10 -51 52 -6 -27 -4 -19 -57 -12 -59 60 -37 -61
right_child=2 13 6 4 7 16 11 29 20 10 42 26 -14 39 19 -17 25 31 -20 -21 21 -23 -24 45 -26 47 -28 -29 -30 -31 -32 32 -34 -35 36 37 -38 -39 -40 40 -42 -43 -44 44 -46 -47 -48 -49 -50 50 -52 -53 -54 -55 -56 56 -58 58 -60 61 -62 -63
leaf_value=3.4499401268544152e-05 -5.2027614853709601e-05 -2.4172020734461408e-05 0.00013848798816168238 -2.5779853056338938e-05 -7.1521350119916087e-05 0.0012642372571632864 0.0017974521898003076 -3.0326427318240865e-05 1.8092622060922273e-05 -2.2628965545612885e-05 -3.33580726104832e-05 0.00088935928542502644 0.002324541628675369 -2.4172020734461408e-05 0.0019641369664673246 -2.4172020734461408e-05 -0.00012425832025145329 0.0018825014072615268 0.0004739266287787849 0.00075088079079801084 -3.1833100433695911e-05 -7.1631902547268211e-06 -4.8907739234077249e-05 3.5612598407668216e-05 -3.1814507412834898e-05 8.9586444560006137e-05 0.0026773537547083912 0.0024212715869734885 -2.5263511233088491e-05 -2.4066760300408622e-05 -2.4171472976843041e-05 -0.00017375695425777882 0.00054611456440914247 -0.00021427019084310528 5.4386054369748996e-05 0.0010766308347509696 -0.00017631304390452074 0.00074939436391398587 0.00071999892614749866 -2.4172020734461408e-05 -2.4172020734461408e-05 -2.7250972396177198e-05 -5.7234649034689465e-05 5.1094746458901217e-05 0.0010423580021044132 0.00050924071689087457 0.00059552847764455347 -9.9674981235337023e-05 0.0013709056079064432 1.0474361652809379e-05 -4.1857393298228691e-05 -3.998618591167661e-05 4.6329640442845529e-05 0.00040880209991030089 0.00064130648498908786 0.0014502621935365363 3.35516882778808e-05 0.00012946800750499967 -1.1400376951082538e-05 -0.00054935101782821807 -8.5271126947051575e-05 -0.00016165627558960949
leaf_weight=88 976 786 1065 170 247 829 386 168 2390 185 256 325 298 2772 328 1177 1283 102 2688 293 162 1530 135 2408 160 971 793 360 452 209 371 700 238 218 1044 113 353 586 120 2953 6648 344 1207 288 94 160 339 274 158 1015 239 494 282 484 946 561 136 214 592 91 366 434
leaf_count=88 976 786 1065 170 247 829 386 168 2390 185 256 325 298 2772 328 1177 1283 102 2688 293 162 1530 135 2408 160 971 793 360 452 209 371 700 238 218 1044 113 353 586 120 2953 6648 344 1207 288 94 160 339 274 158 1015 239 494 282 484 946 561 136 214 592 91 366 434
internal_value=-0.00725263 -0.0179643 0.00283871 -0.00285572 -0.00956231 0.000897199 0.00959751 -0.00492505 -0.000707454 -0.00190668 -0.00462332 0.0138315 0.00618219 -0.0263988 0.00508166 -0.0228666 0.00240772 0.00317005 0.00523846 0.0108521 0.000191886 -0.00241247 -0.00996644 0.00032158 -0.00900506 0.000139396 0.0168357 0.0134257 -0.0114263 -0.0148413 -0.0215314 0.00157614 -0.00159744 0.00229818 0.00273356 0.00420502 0.00041502 0.00169705 0.0024206 -0.0269573 -0.0274662 -0.00595843 -0.00270925 0.00868812 0.00454308 0.00161152 0.00878959 0.0020289 0.0113394 0.00149794 -0.000669323 -0.00125977 0.0015283 0.00302885 0.00329523 0.0091875 0.00795129 -0.000507996 0.00104089 -0.000597015 0.0023125 -0.00325095
internal_weight=46054 22340 23714 8004 1941 18423 5291 1400 6063 6450 2906 2361 2930 14336 2632 1963 11973 8961 3899 621 5471 1827 297 3544 592 3012 1478 685 637 377 541 5062 938 4124 3906 2389 1517 1590 1164 12373 9601 432 2269 1211 382 2568 883 1729 544 3644 1254 1023 529 1455 2011 799 697 1062 806 1004 479 525
internal_count=46054 22340 23714 8004 1941 18423 5291 1400 6063 6450 2906 2361 2930 14336 2632 1963 11973 8961 3899 621 5471 1827 297 3544 592 3012 1478 685 637 377 541 5062 938 4124 3906 2389 1517 1590 1164 12373 9601 432 2269 1211 382 2568 883 1729 544 3644 1254 1023 529 1455 2011 799 697 1062 806 1004 479 525
is_linear=0
shrinkage=0.03


Tree=103
num_leaves=63
num_cat=0
split_feature=9 8 8 11 5 6 8 8 9 9 3 8 8 11 7 5 8 8 5 8 7 11 2 7 11 7 2 10 10 11 11 2 10 10 10 6 11 8 10 11 4 2 7 3 7 4 4 8 5 2 6 7 6 7 8 11 7 7 7 8 8 2
split_gain=4264.12 3393.65 703.323 261.092 175.068 161.229 144.824 121.305 89.7132 76.3719 66.8787 41.6956 41.3682 55.4452 38.8803 31.8536 28.7095 25.5591 23.536 28.3605 21.059 19.7235 18.7613 17.3191 16.157 20.0971 15.2956 17.5333 15.1858 14.7174 14.5464 12.9202 12.8496 11.9433 11.7083 11.9557 11.3954 11.0103 10.8342 10.8476 10.7586 13.8254 12.6812 10.5049 11.7899 20.1173 13.9848 10.1356 9.67753 9.1643 9.16123 11.1982 9.06893 8.90308 15.9655 13.7365 8.82655 8.82576 12.2138 12.0478 9.51097 8.81151
threshold=1.0000000180025095e-35 -1.0000000180025095e-35 0.78656609248549325 1.0000000180025095e-35 1.0000000180025095e-35 0.96010100249940655 0.91597561503675362 -0.60355339059327362 -0.70710678118654757 -0.70710678118654757 0.75000000000000011 1.0000000180025095e-35 -0.37940952255126059 0.6830127018922193 0.36208711433756807 0.35000000000000003 0.25881904510252091 -0.37940952255126059 0.22500000000000003 0.12940952255126045 1.0070054473180547 1.0000000180025095e-35 0.55000000000000016 0.91205306799336661 -0.5 1.1627445551864157 0.15000000000000005 1.0000000180025095e-35 0.25000000000000011 1.0000000180025095e-35 0.93301270189221952 0.65000000000000002 -0.24999999999999994 -0.6830127018922193 -0.24999999999999994 0.30675165837886681 1.0000000180025095e-35 -0.25881904510252113 0.25000000000000011 1.0000000180025095e-35 0.4333333333333334 0.75000000000000011 0.26297565536849205 0.35000000000000003 0.84086977036804045 0.17499999999999996 0.17499999999999996 -0.5 0.35000000000000003 0.15000000000000005 0.49212782510116915 0.053902147229731835 0.67077817246640559 0.99959078452094785 0.60355339059327384 -0.68301270189221952 0.89264347308950354 0.19884702286018077 0.81875345989775006 0.37940952255126054 0.25881904510252091 0.95000000000000007
decision_type=2 2 2 2 8 2 2 2 2 2 8 2 2 2 10 10 2 2 8 2 10 2 10 10 2 8 10 2 2 2 2 8 2 2 2 2 2 2 2 2 10 10 10 10 10 10 10 2 10 10 2 10 2 10 2 2 10 10 10 2 2 8
left_child=2 5 4 24 8 7 14 34 11 10 16 28 30 31 15 32 26 21 19 -3 57 -9 -15 38 25 -4 27 37 49 40 61 -14 -5 -20 -2 36 -36 -6 -12 -40 -11 42 -42 44 46 -46 -31 56 -49 -1 -43 -52 -23 54 -10 -56 -28 59 -59 -13 -60 -7
right_child=1 18 3 6 9 12 -8 17 53 29 23 20 13 22 -16 -17 -18 -19 33 -21 -22 52 -24 -25 -26 -27 47 -29 -30 43 -32 -33 -34 -35 35 -37 -38 -39 39 -41 41 50 -44 -45 45 -47 -48 48 -50 -51 51 -53 -54 -55 55 -57 -58 58 60 -61 -62 -63
leaf_value=0.0014615277971272323 -7.4011028478655584e-06 -2.3446860112427565e-05 8.9051682232056921e-06 3.4262201530333157e-05 0.00031843231162075655 1.4770693621416059e-05 -2.3446860112427565e-05 -2.6395615333759821e-05 0.00089825152340013538 -1.1679813250797809e-05 2.9181564655288148e-05 0.0018734656450824392 1.3004961473194656e-05 -2.9416634498693638e-05 9.9736489138200493e-05 -2.3996287359856307e-05 0.00034802451968084399 -2.3446328787537752e-05 -2.3446860112427565e-05 -2.3446860112427565e-05 0.001574686433189253 -2.199521299947168e-05 -2.3344757491396362e-05 0.0011719671263789721 -2.655562130344023e-05 -0.0002380198202185614 0.00096927110825214765 0.0029954271043520319 0.0024580425347234306 -0.00014891038168493131 -3.2542083258470398e-05 -3.6538778214523552e-05 -3.0455291677440805e-05 -2.3446860112427565e-05 -7.2096453382866591e-05 -3.0583062713620648e-05 -4.5402580662760418e-05 0.001700074645844703 0.00039376336202683656 8.0458626661956872e-05 0.0010276879091880664 -3.8279636998266516e-05 0.00040424251166653376 -8.9427553233003418e-05 0.00070438747094505357 -0.00066452964506382502 0.00051329570691449741 0.0015412029338504557 0.00094399212621628335 0.0010654525970404749 0.0005035370731325177 0.00013228694866194451 -1.6531111438462792e-05 5.8618647838312719e-05 0.00035047688222433673 -0.00010885074323582488 -0.00017509980589034633 -0.00010209211449370813 0.0013703329952620303 0.00060765502792148654 0.00046422482934533661 -2.210890617212146e-05
leaf_weight=208 609 882 1245 116 135 4530 956 276 1191 1577 2688 102 637 160 124 403 1228 481 1604 5153 299 93 220 273 638 103 312 236 848 159 505 413 300 5752 205 474 119 130 757 1164 89 355 223 2144 120 88 234 828 734 328 128 516 83 487 92 305 186 177 304 243 333 811
leaf_count=208 609 882 1245 116 135 4530 956 276 1191 1577 2688 102 637 160 124 403 1228 481 1604 5153 299 93 220 273 638 103 312 236 848 159 505 413 300 5752 205 474 119 130 757 1164 89 355 223 2144 120 88 234 828 734 328 128 516 83 487 92 305 186 177 304 243 333 811
internal_value=-0.007244 -0.016386 0.00185918 -0.00978127 0.00421236 -0.00278881 -0.0177316 -0.00963691 0.00909516 0.00253338 0.00430005 0.0125572 -0.000585406 -0.00515723 -0.009375 -0.0117439 0.00729024 -0.0180193 -0.0261492 -0.0247366 0.00900617 -0.0128477 -0.0149606 0.00197829 -0.00217413 -0.000311342 0.00909836 0.0138048 0.0162888 -0.000186368 0.000533607 -0.00159848 -0.00589928 -0.0273046 -0.0040696 -0.00645807 -0.0108923 0.00845865 0.0015423 0.00326223 0.00130841 0.00331555 0.00881789 -0.00175892 0.00174419 -0.00401914 0.00479695 0.0079476 0.00913628 0.0122905 0.00159 0.00372093 -0.020678 0.00434971 0.00543738 0.000226131 0.00420842 0.00716379 0.00544785 0.011185 0.00738245 0.00099401
internal_weight=46113 23007 23106 3885 19221 9616 1899 2340 4917 14304 8671 2842 7276 1430 943 819 3789 933 13391 6035 1458 452 380 4882 1986 1348 2561 501 1384 5633 5846 1050 416 7356 1407 798 324 265 4609 1921 2888 1311 312 2745 601 208 393 2060 1562 536 999 644 176 2075 1588 397 498 1159 814 345 637 5341
internal_count=46113 23007 23106 3885 19221 9616 1899 2340 4917 14304 8671 2842 7276 1430 943 819 3789 933 13391 6035 1458 452 380 4882 1986 1348 2561 501 1384 5633 5846 1050 416 7356 1407 798 324 265 4609 1921 2888 1311 312 2745 601 208 393 2060 1562 536 999 644 176 2075 1588 397 498 1159 814 345 637 5341
is_linear=0
shrinkage=0.03


Tree=104
num_leaves=63
num_cat=0
split_feature=0 0 9 9 9 9 0 2 1 6 6 9 11 1 0 11 9 1 0 4 5 0 11 11 0 5 1 3 7 11 5 0 5 0 2 11 1 11 2 1 5 11 9 6 4 2 0 4 7 6 11 2 9 9 9 5 7 3 11 6 3 11
split_gain=5585.56 322.068 225.084 184.177 235.884 126.797 79.5227 76.0692 66.0321 61.915 48.2976 42.7307 37.4114 35.1816 27.4652 36.2538 22.9033 31.6245 22.2091 19.946 18.5601 18.2058 29.6189 17.9911 24.5622 17.2554 16.2866 15.8322 14.3366 12.6596 11.9847 11.9508 11.6793 18.0322 18.9365 12.3814 12.5773 11.6162 10.9927 10.4643 10.3014 10.0815 18.5536 15.1492 10.599 22.798 15.98 10.0742 9.92532 9.89733 15.0841 9.66549 9.50775 25.5656 9.42004 9.23406 16.5322 10.7586 9.02405 8.99583 8.78585 8.542
threshold=1.0000000180025095e-35 2.0150000000000001 0.1294095225512602 0.25881904510252057 0.37940952255126048 0.91597561503675351 0.055000000000000007 0.15000000000000005 1.0000000180025095e-35 0.9919160630702849 0.96010100249940655 0.98296291314453421 0.6830127018922193 0.95500000000000007 3.1150000000000007 1.0000000180025095e-35 0.1294095225512602 1.0000000180025095e-35 0.025000000000000005 0.31666666666666671 0.35000000000000003 2.8250000000000006 0.25000000000000017 0.6830127018922193 0.88500000000000012 0.15000000000000005 2.6350000000000002 0.75000000000000011 0.86965835848142781 1.0000000180025095e-35 0.083333333333333315 0.44500000000000006 0.22500000000000003 1.8250000000000004 0.25000000000000006 -0.5 0.17500000000000002 0.93301270189221952 0.55000000000000016 2.5650000000000004 0.083333333333333315 -0.24999999999999994 -0.37940952255126015 0.24817607891553481 0.48333333333333339 0.75000000000000011 0.50500000000000012 0.78333333333333355 0.83346901117985472 0.9919160630702849 0.93301270189221952 0.95000000000000007 -0.12940952255126037 1.0000000180025095e-35 -0.78656609248549325 0.083333333333333315 0.98570308348105951 0.62500000000000011 0.6830127018922193 0.94457821059868363 0.45000000000000007 0.25000000000000017
decision_type=10 10 2 2 2 2 10 10 10 2 2 2 2 10 10 2 2 10 10 8 10 10 2 2 10 8 10 10 10 2 10 10 10 10 10 2 10 2 10 10 10 2 2 2 10 10 10 10 10 2 2 10 2 2 2 10 10 10 2 2 10 2
left_child=2 6 8 -4 -5 10 16 21 -1 -7 27 12 -11 32 15 -9 17 18 52 61 -16 22 -3 31 -25 -13 60 58 -26 -29 -19 -15 33 34 35 -8 -37 -21 -14 55 -30 42 43 51 46 -46 -45 -20 49 50 59 -34 -2 -54 -42 56 57 -33 -6 -43 -17 -12
right_child=1 7 3 4 5 9 13 14 -10 11 19 25 38 23 20 26 -18 30 47 37 -22 -23 -24 24 28 -27 -28 29 40 -31 -32 39 41 -35 -36 36 -38 -39 -40 -41 54 48 -44 44 45 -47 -48 -49 -50 -51 -52 -53 53 -55 -56 -57 -58 -59 -60 -61 -62 -63
leaf_value=-2.2743454309054737e-05 -2.485024286111322e-05 0.00067520081955781846 -1.8118690425469968e-05 -2.2743454309054737e-05 -2.2736620592046181e-05 -2.2743454309054737e-05 -0.00010527227125816477 0.00039619634829253292 -2.3276398739060618e-05 -2.2743454309054737e-05 -2.4887589314609875e-05 -2.2743454309054737e-05 -2.2743454309054737e-05 0.0013014113804393243 0.0020093372520300842 0.0016035950020427507 -9.9211037839474695e-07 2.7003728343722223e-05 -6.4536730763681955e-05 -2.2743454309054737e-05 0.00089845341871549458 0.002192547788191767 0.0022835489416028003 -6.1047811205928033e-05 0.0015574556758872972 -2.2743454309054737e-05 0.0023576379090869768 -2.2743454309054737e-05 0.00088793584011425113 -2.2743454309054737e-05 -3.5840642715606236e-05 0.0011127469884178204 0.00044864368232969256 0.0012573879468423554 0.0001566064164498919 -2.0954396657770943e-05 0.00052545594932559641 -2.2743454309054737e-05 -2.2743454309054737e-05 0.0012512565889393962 0.000841305594999816 -2.1441748933009319e-05 -2.7002231054928086e-05 0.00037037074532766262 0.00082578219264510359 0.0002250857872425782 -7.6568188214964152e-05 4.5211451103468935e-05 -0.00038745037108913551 4.1844566616174493e-05 -0.00038450456606717011 -6.4375667491403383e-05 -2.4497813262646015e-05 -2.2759552589713459e-05 -0.00056134270745129724 9.7066387536016145e-05 -4.1011061046749006e-05 0.00037254886649309591 -2.2820200101476416e-05 -0.00021613907301099686 0.00073863884883912986 -2.5678056249160956e-05
leaf_weight=2807 314 612 738 1936 512 1587 454 2114 125 2043 2898 682 316 115 346 304 708 100 284 3054 155 826 422 250 420 722 180 1259 200 770 351 392 172 93 2134 685 381 481 446 290 187 1358 1387 121 161 756 368 125 149 2218 165 543 148 104 123 2441 375 205 129 239 302 1917
leaf_count=2807 314 612 738 1936 512 1587 454 2114 125 2043 2898 682 316 115 346 304 708 100 284 3054 155 826 422 250 420 722 180 1259 200 770 351 392 172 93 2134 685 381 481 446 290 187 1358 1387 121 161 756 368 125 149 2218 165 543 148 104 123 2441 375 205 129 239 302 1917
internal_value=-0.00740325 0.00272647 -0.0181448 -0.0169771 -0.0175556 -0.016412 0.000865151 0.00927594 -0.0258984 -0.0200069 -0.0145196 -0.0180926 -0.0159408 0.0015748 0.00660494 0.00548087 -0.0045808 -0.00676945 -0.00980533 -0.0133924 0.0130876 0.0141537 0.0114783 0.00367273 0.0069094 -0.0223772 0.0109784 -0.0180382 0.00915145 -0.0193448 -0.000199115 0.00267086 0.000653491 0.00202508 0.00169083 -0.00086785 0.000899719 -0.0151103 -0.0216252 0.00237311 0.00575342 -1.96386e-05 0.00116272 0.00292648 0.00473348 0.00663399 0.00116327 -0.00446341 -0.00102421 -0.000738508 -0.00241634 -0.000628492 -0.0136508 -0.00924901 0.00231511 0.00190685 0.00437821 0.00747492 -0.0138785 -0.00152065 0.00859967 -0.0121283
internal_weight=46199 23777 22422 19490 18752 16816 18516 5261 2932 5796 11020 4209 2805 16382 3401 2900 2134 1426 975 8350 501 1860 1034 4998 1180 1404 786 2670 930 2029 451 3818 11384 3747 3654 1520 1066 3535 762 3703 510 7637 3508 2121 1406 917 489 409 4129 3980 1762 715 566 252 310 3413 972 597 641 1597 606 4815
internal_count=46199 23777 22422 19490 18752 16816 18516 5261 2932 5796 11020 4209 2805 16382 3401 2900 2134 1426 975 8350 501 1860 1034 4998 1180 1404 786 2670 930 2029 451 3818 11384 3747 3654 1520 1066 3535 762 3703 510 7637 3508 2121 1406 917 489 409 4129 3980 1762 715 566 252 310 3413 972 597 641 1597 606 4815
is_linear=0
shrinkage=0.03


Tree=105
num_leaves=63
num_cat=0
split_feature=9 8 8 11 1 1 6 8 1 8 5 10 10 8 11 4 8 6 11 8 11 8 11 9 8 10 11 8 5 2 2 10 10 8 1 2 3 11 2 2 8 6 10 4 6 3 5 1 1 3 11 2 10 11 1 4 11 2 3 8 4 3
split_gain=4147.29 3482.15 675.656 234.58 214.024 158.797 149.326 126.301 122.71 81.0823 71.4121 66.1847 40.0171 32.8911 62.3764 31.9935 29.823 26.2852 25.7271 25.3682 26.5764 24.6147 22.6215 21.9305 21.2676 20.8887 17.4598 15.9521 15.9224 15.6528 14.3631 14.1207 13.4125 13.0224 13.4189 15.9264 13.9315 12.5337 12.2488 11.9357 11.8561 11.8094 16.1971 11.6467 11.4432 10.9474 10.64 10.5861 31.1154 14.9133 11.9314 18.8999 23.2946 10.1093 13.1769 10.0225 18.1672 9.82148 15.7233 9.79999 9.69532 9.40704
threshold=1.0000000180025095e-35 -1.0000000180025095e-35 0.78656609248549325 1.0000000180025095e-35 2.6150000000000007 1.0000000180025095e-35 0.96010100249940655 -0.60355339059327362 1.0000000180025095e-35 0.91597561503675362 0.15000000000000005 0.25000000000000011 -0.24999999999999994 -0.37940952255126059 0.6830127018922193 0.17499999999999996 0.37940952255126054 0.9919160630702849 0.25000000000000017 -0.70710678118654735 0.25000000000000017 -0.37940952255126059 1.0000000180025095e-35 -0.9159756150367534 0.12940952255126045 0.93301270189221952 0.6830127018922193 0.37940952255126054 0.15000000000000005 0.15000000000000005 0.55000000000000016 -0.6830127018922193 0.68301270189221941 0.91597561503675362 0.025000000000000005 0.55000000000000016 0.95000000000000007 0.6830127018922193 0.8500000000000002 0.65000000000000002 -0.78656609248549303 0.27367423887636216 0.68301270189221941 0.17499999999999996 0.81569335171151025 0.8500000000000002 1.0000000180025095e-35 1.0000000180025095e-35 0.115 0.083333333333333315 -0.24999999999999994 1.0000000180025095e-35 0.25000000000000011 1.0000000180025095e-35 3.1450000000000005 0.2166666666666667 1.0000000180025095e-35 0.65000000000000002 0.8500000000000002 0.25881904510252091 0.8583333333333335 0.95000000000000007
decision_type=2 2 2 2 10 10 2 2 10 2 8 2 2 2 2 10 2 2 2 2 2 2 2 2 2 2 2 2 8 10 10 2 2 2 10 10 8 2 8 10 2 2 2 10 2 8 8 8 10 10 2 10 2 2 10 10 2 10 10 2 10 10
left_child=2 6 4 33 10 9 7 37 24 12 16 29 -5 47 38 -7 19 18 -12 32 59 22 39 45 28 -14 -18 61 -3 -6 -16 -26 -1 60 36 -36 -35 41 -15 -9 -39 42 -2 -22 -31 -19 -33 50 -49 -50 51 52 -8 54 -13 -25 -57 -52 -59 -21 -4 -20
right_child=1 8 3 5 11 15 13 21 -10 -11 17 53 25 14 30 -17 26 23 27 20 43 -23 -24 55 31 -27 -28 -29 -30 44 -32 46 -34 34 35 -37 -38 40 -40 -41 -42 -43 -44 -45 -46 -47 -48 48 49 -51 57 -53 -54 -55 -56 56 -58 58 -60 -61 -62 -63
leaf_value=0.00035328852856289972 -2.7619193284444501e-05 -2.2061150679783095e-05 -2.5087718685257772e-05 -2.788388523404895e-05 0.0014293920561420335 0.00011836006648143917 -8.5063279060622519e-05 7.6074222091641361e-06 8.7614760484077755e-06 -2.2061150679783095e-05 5.5631992571646412e-05 0.0012628613933802024 -2.2544305111001571e-05 2.1984853196645663e-05 -2.7851831834461187e-05 -2.7518424982844261e-05 0.00014855738187160127 0.0010628925891560104 -0.00023236003649973808 0.00090200440750404232 0.0014723101240178471 -2.2062297398599962e-05 -2.1394426045079135e-05 -4.2360555345347106e-06 -2.2061150679783095e-05 -3.6168124157579152e-05 -0.00012941027797004081 -0.00017160630179309015 -2.2061150679783095e-05 -0.00045083933059152093 -2.1962111137382829e-05 -2.2061150679783095e-05 0.0010331533706861905 -2.4113540685467672e-05 -8.8234672710048442e-05 0.0001199895155159171 -2.8128932564618842e-05 -2.8813028391967315e-05 -3.0130462021264001e-05 -2.4997099025539509e-05 -5.3463043852479088e-05 3.4150215808147544e-07 -4.4880547843793839e-05 0.0010365465074918484 0.00082069707823139381 0.00018941088261216488 -2.2061150679783095e-05 -0.00010994274962564061 -0.00040383683868986764 0.00031867924968868915 9.6165626936113753e-06 6.5400011785581927e-05 0.0001138484416041876 0.0030263712754382563 0.0023893439813119643 0.00042197527774500738 4.6407062336088905e-05 -4.0673425354113939e-05 8.1199682031891578e-06 -0.00036513872277475377 0.00019761975741053276 3.6629051774443587e-06
leaf_weight=1209 388 746 825 198 360 130 158 85 133 890 3261 486 356 795 173 190 984 1188 564 221 624 459 176 2031 2629 126 292 302 1168 87 223 3010 657 397 175 158 226 146 295 203 80 687 123 388 1087 641 5764 139 116 340 1914 1381 267 400 555 1218 1903 772 766 117 129 680
leaf_count=1209 388 746 825 198 360 130 158 85 133 890 3261 486 356 795 173 190 984 1188 564 221 624 459 176 2031 2629 126 292 302 1168 87 223 3010 657 397 175 158 226 146 295 203 80 687 123 388 1087 641 5764 139 116 340 1914 1381 267 400 555 1218 1903 772 766 117 129 680
internal_value=-0.00734348 -0.0163167 0.00166161 -0.0098974 0.00394319 -0.0173876 -0.00260142 -0.00918654 -0.0261928 -0.0213113 0.00259075 0.0113407 -0.0134802 -0.00049455 -0.00447882 0.00186916 0.00580904 0.00136398 -0.000343178 0.00734846 0.0104811 -0.0178247 -0.0129032 0.00253939 -0.0264792 -0.0181366 0.00192639 -0.00352941 -0.0234987 0.00699674 -0.0146599 -0.0269774 0.00507766 -0.00248038 -0.00495298 -8.98204e-05 -0.00754808 -0.00357895 -0.000769936 -0.00768166 -0.0100441 -0.00235196 -0.00580078 0.0129121 0.00531064 0.00536066 -0.0275692 0.000517595 -0.00327181 0.000525164 0.000946948 0.00292197 -0.00260563 0.015957 0.0143666 0.00153697 0.0026041 -8.6881e-05 -0.00187135 0.00318584 0 -0.0020241
internal_weight=46191 23136 23055 3800 19255 1890 9686 2347 13450 1570 16280 2975 680 7339 1486 320 4492 11788 4807 3216 1350 923 464 6981 13317 482 1276 1546 1914 1534 396 11403 1866 1910 956 333 623 1424 1090 288 226 1198 511 1012 1174 1829 8774 5853 595 456 5258 1806 425 1441 1041 5152 3121 3452 1538 338 954 1244
internal_count=46191 23136 23055 3800 19255 1890 9686 2347 13450 1570 16280 2975 680 7339 1486 320 4492 11788 4807 3216 1350 923 464 6981 13317 482 1276 1546 1914 1534 396 11403 1866 1910 956 333 623 1424 1090 288 226 1198 511 1012 1174 1829 8774 5853 595 456 5258 1806 425 1441 1041 5152 3121 3452 1538 338 954 1244
is_linear=0
shrinkage=0.03


Tree=106
num_leaves=63
num_cat=0
split_feature=9 8 8 1 6 8 1 1 8 3 10 8 7 7 8 5 8 8 4 8 1 10 2 10 2 5 10 10 2 4 3 8 7 2 2 8 5 10 7 4 4 10 1 2 2 7 4 4 5 5 2 5 4 1 7 6 6 3 2 6 5 10
split_gain=4060.94 3548.04 656.257 271.217 127.778 137.486 101.987 101.467 80.4831 88.7664 71.8348 47.2229 30.7289 28.2624 28.2438 24.7356 24.5947 23.9313 26.6587 21.7379 39.4799 24.4546 21.1528 19.0385 18.2268 16.8499 16.3717 16.0346 15.7477 14.3129 13.5602 14.0533 13.2993 13.0526 12.9459 12.3386 12.1858 11.5441 10.7785 10.3271 9.62149 9.46365 15.6595 12.1149 9.45361 9.33982 11.0245 9.2733 9.17179 9.16654 9.05401 8.88919 8.80116 9.45373 9.4119 8.77836 8.66721 8.60026 12.2775 8.54117 8.47697 8.18181
threshold=1.0000000180025095e-35 -1.0000000180025095e-35 0.91597561503675362 2.6150000000000007 0.9919160630702849 -0.37940952255126059 0.015000000000000001 1.0000000180025095e-35 0.37940952255126054 0.62500000000000011 0.25000000000000011 -0.70710678118654735 0.98948946579341923 1.4989711938271608 -0.60355339059327362 0.083333333333333315 0.12940952255126045 -0.37940952255126059 0.51666666666666683 0.78656609248549325 0.015000000000000001 -0.24999999999999994 0.65000000000000002 1.0000000180025095e-35 0.15000000000000005 0.15000000000000005 -0.24999999999999994 0.68301270189221941 0.8500000000000002 0.41666666666666669 0.95000000000000007 -0.70710678118654735 1.1908150387964977 1.0000000180025095e-35 0.65000000000000002 -0.5 0.15000000000000005 0.93301270189221952 0.91675550817341867 0.083333333333333315 0.14166666666666669 -0.5 1.0000000180025095e-35 0.55000000000000016 1.0000000180025095e-35 0.4944834300085183 0.17499999999999996 0.41666666666666669 0.95000000000000007 0.45000000000000007 1.0000000180025095e-35 0.71666666666666667 0.48333333333333339 0.56500000000000006 0.068578436683185987 0.96010100249940655 0.72773610537564315 0.45000000000000007 0.75000000000000011 0.4249784619452962 0.45000000000000007 1.0000000180025095e-35
decision_type=2 2 2 10 2 2 10 10 2 8 2 2 10 10 2 10 2 2 8 2 10 2 10 2 10 8 2 2 10 8 8 2 10 10 10 2 10 2 10 10 8 2 10 10 10 10 10 8 10 10 10 10 10 10 8 2 2 10 10 2 8 2
left_child=2 4 3 8 5 14 29 16 9 11 24 12 15 19 26 50 25 61 57 41 21 60 -16 33 35 -3 -2 -14 -23 -4 31 55 -8 -17 -7 -5 37 -13 -12 -28 51 42 -10 -44 -25 -46 -47 -18 -43 -45 -1 -32 53 54 -42 -11 -24 -19 -59 -41 -21 -6
right_child=1 7 6 10 17 34 32 -9 13 30 38 36 27 -15 22 23 47 18 -20 20 -22 28 56 44 -26 -27 39 -29 -30 -31 40 -33 -34 -35 -36 -37 -38 -39 -40 59 52 48 43 49 45 46 -48 -49 -50 -51 -52 -53 -54 -55 -56 -57 -58 58 -60 -61 -62 -63
leaf_value=0.0005003321371591338 7.6123552867798581e-06 -2.1399316159389602e-05 -2.1399316159389602e-05 0.00051436989085919867 -4.7216902906202502e-06 -2.4485803566479592e-05 1.2427283212331926e-05 -7.5340256839609607e-07 0.00030410197502706151 -0.00016088149168882988 0.0014379467270379531 0.0012238967305556992 -0.000418573373193718 0.00060114026185457763 -1.8363677666767269e-05 -0.00037208148092698174 -2.1399316159389602e-05 -2.7016276879427352e-05 -2.1303247803261342e-05 2.269743190813256e-05 5.6103587085711698e-05 -2.2468841822751924e-05 -2.3193956232316609e-05 -0.00030007009240351696 0.00071595525515875719 -2.1399316159389602e-05 4.7361604634751503e-05 0.00084106635079496471 -2.1289670446756241e-05 -2.1399316159389602e-05 0.00029684738426362129 0.00048633457827549086 -0.00014747752653925244 1.4790605439743871e-05 -2.1398766372681974e-05 0.0017755414388926664 0.0010306569922715757 0.00046921375656588102 0.0021787752324782784 -4.4399900156809354e-05 -2.0471372817173169e-06 -5.8374936034772574e-05 0.0002120338125795737 -0.00055319127229117265 0.0009226976670667613 0.0013488001739683905 -0.00013373851724580942 -2.1399316159389602e-05 0.0003301327870800633 -6.9618310852106313e-05 0.0014457486329711264 -3.4498122176774957e-05 -6.0629799130074154e-06 3.5932689092411653e-05 -0.00025256915738903281 8.6054872151132862e-05 -2.3118040841281557e-05 5.6085134351008186e-05 -2.6735287946383026e-05 -4.8339509936627842e-05 -8.1955686804614249e-05 1.6891955796583154e-05
leaf_weight=366 649 764 811 81 2651 159 302 133 727 278 313 978 369 138 144 84 6404 545 415 266 540 495 231 90 1180 1159 105 174 313 746 271 2098 86 631 367 270 1324 100 1147 328 130 2414 236 94 173 80 135 4903 130 125 534 194 2533 255 293 1342 149 280 142 492 233 2959
leaf_count=366 649 764 811 81 2651 159 302 133 727 278 313 978 369 138 144 84 6404 545 415 266 540 495 231 90 1180 1159 105 174 313 746 271 2098 86 631 367 270 1324 100 1147 328 130 2414 236 94 173 80 135 4903 130 125 534 194 2533 255 293 1342 149 280 142 492 233 2959
internal_value=-0.00737185 -0.016299 0.0015169 0.00305181 -0.002402 -0.00804571 -0.0151542 -0.0262983 0.00167163 0.00302582 0.0114205 0.00609645 0.00332196 -0.00127626 -0.00460219 0.00497135 -0.0265604 -0.00028314 -0.00381779 -0.00160926 -0.00426948 -0.00708716 -0.0106286 0.00213568 0.00687337 -0.0233732 -0.00259048 -0.00303309 -0.010309 -0.0185815 0.000933063 0.00221027 -0.00138817 -0.000963687 -0.0217457 0.0128693 0.00913858 0.0115107 0.0161807 -0.00515119 -0.000358988 -0.000289777 0.0019273 -0.00243421 0.00676409 0.00879177 0.00458333 -0.0271003 -0.00132024 -0.0075 0.00872364 0.00366953 -0.000943337 -0.00397644 -0.0067217 0.000111043 -0.0143307 -0.00108471 0.00212766 -0.00628502 -0.00186 0.00058813
internal_weight=46058 22979 23079 21134 9616 2624 1945 13363 18143 12432 2991 5038 2636 5711 2098 2093 13230 6992 1382 5573 1847 1307 524 1193 1531 1923 1574 543 808 1557 7394 3718 388 715 526 351 2402 1078 1460 925 3676 3726 1182 455 478 388 215 11307 2544 219 900 465 3211 678 423 1620 380 967 422 820 499 5610
internal_count=46058 22979 23079 21134 9616 2624 1945 13363 18143 12432 2991 5038 2636 5711 2098 2093 13230 6992 1382 5573 1847 1307 524 1193 1531 1923 1574 543 808 1557 7394 3718 388 715 526 351 2402 1078 1460 925 3676 3726 1182 455 478 388 215 11307 2544 219 900 465 3211 678 423 1620 380 967 422 820 499 5610
is_linear=0
shrinkage=0.03


Tree=107
num_leaves=63
num_cat=0
split_feature=0 8 1 9 6 8 11 6 0 1 6 2 9 3 11 8 5 11 8 8 5 5 8 9 3 8 1 11 2 2 11 6 8 0 1 11 7 1 3 0 8 1 3 0 7 7 11 0 8 3 2 5 11 2 11 11 11 3 7 2 0 0
split_gain=5291.03 3221.47 275.872 124.331 118.191 80.0463 71.6937 61.3239 54.3601 61.062 50.9007 40.873 40.0828 52.3802 28.3038 27.9076 26.3513 20.13 21.4119 20.0698 19.7508 19.3001 18.8494 17.8957 17.3993 16.1292 14.6899 16.3954 14.0441 13.3678 13.0044 21.9353 23.6753 12.9707 12.5696 12.1199 11.6312 18.0476 16.4914 11.4256 11.2712 11.0187 10.9184 10.738 10.3936 10.1876 10.002 13.7173 9.88678 9.71861 14.2177 9.33129 9.2502 9.22051 9.18024 8.74888 12.5286 13.2877 8.64589 8.56566 15.5644 8.55375
threshold=1.0000000180025095e-35 -1.0000000180025095e-35 2.6150000000000007 0.91597561503675351 0.9919160630702849 0.78656609248549325 0.6830127018922193 0.9919160630702849 0.025000000000000005 1.0000000180025095e-35 0.56988722470830055 0.15000000000000005 -0.70710678118654757 0.25000000000000006 1.0000000180025095e-35 0.12940952255126045 0.083333333333333315 0.25000000000000017 0.37940952255126054 0.37940952255126054 0.15000000000000005 1.0000000180025095e-35 0.37940952255126054 -0.12940952255126037 0.8500000000000002 -0.78656609248549303 0.88500000000000012 0.25000000000000017 0.55000000000000016 0.55000000000000016 0.6830127018922193 0.9919160630702849 -0.78656609248549303 1.2850000000000004 0.025000000000000005 1.0000000180025095e-35 0.99095200782781923 0.38200000000000006 0.083333333333333315 3.1050000000000004 -0.60355339059327362 0.79500000000000015 0.35000000000000003 0.85500000000000009 0.84830591018193213 0.87671812772709257 1.0000000180025095e-35 3.0350000000000006 -0.5 0.62500000000000011 0.75000000000000011 0.55000000000000016 -0.5 0.65000000000000002 -0.5 0.6830127018922193 -0.68301270189221952 0.083333333333333315 1.023696919026168 0.75000000000000011 0.94500000000000006 1.1250000000000002
decision_type=10 2 10 2 2 2 2 2 10 10 2 10 2 10 2 2 10 2 2 2 8 8 2 2 10 2 10 2 10 8 2 2 2 10 10 2 10 10 10 10 2 10 10 10 10 10 2 10 2 10 10 10 2 10 2 2 2 10 10 10 10 10
left_child=1 3 5 10 53 7 -6 17 9 -7 14 48 13 22 40 20 46 23 -19 24 -3 42 -9 59 -15 -16 27 -21 -8 -17 -23 32 -32 -18 -10 39 37 -14 41 45 -1 -39 -12 -36 -28 -35 47 -13 52 50 -33 -26 -4 -5 -44 56 -38 -58 -24 60 -2 -40
right_child=2 15 11 4 6 8 28 12 34 -11 21 16 36 19 25 29 33 18 -20 26 -22 30 58 -25 51 -27 44 -29 -30 -31 31 49 -34 35 43 -37 55 38 61 -41 -42 -43 54 -45 -46 -47 -48 -49 -50 -51 -52 -53 -54 -55 -56 -57 57 -59 -60 -61 -62 -63
leaf_value=4.8786458053025858e-06 0.0011316656200750094 -2.0757336674607912e-05 0.00032286669508197364 -2.2224320942798605e-05 -2.5227756625305535e-05 -2.1725190722734019e-05 -2.6205788573044534e-05 0.0011868700074274695 -3.4071604766570725e-05 7.3735219042362337e-06 7.4839505638937987e-06 0.00084775111257077702 1.7598518435115452e-05 0.00079453390569368752 -4.0679786173587861e-05 -2.0757336674607912e-05 0.0026495379245135607 -8.5952991592240209e-05 -0.00020388401020785077 0.00086201829311109755 -2.0757336674607912e-05 6.2262799163991096e-06 0.00011199509717786271 -3.8466777047037128e-05 -0.00012579214429700669 -2.2639495747646735e-05 -0.00070707414418981149 -0.00018181193806910293 -2.0664150369163502e-05 -2.0757336674607912e-05 -2.8071083270252967e-05 -5.1753242962133442e-06 -4.4631349582269674e-05 0.0015303929974997709 4.6264691462975652e-05 0.0020081666014986387 -0.00036314458576489739 0.00048048661326513433 0.00043732587191462694 0.0011489520797409059 -2.3475711586739702e-05 0.0014980847829082788 0.00011801766180544963 -0.00029640170337540237 -3.7614155470597208e-05 4.8632059859865514e-06 0.0021699836477900212 0.0019184386059034535 0.0021502113553523625 6.4664870863070238e-06 -9.327136679288103e-05 0.00042702989870140013 0.0020298497942810266 -2.0756803381501518e-05 3.220465263747981e-05 -0.0004063833229177685 0.00058558715285021538 -8.6572366093501377e-05 0.0010912190490243638 3.8969279616652802e-05 0.00030631009575550483 6.4886573015084928e-05
leaf_weight=307 86 769 143 147 1007 381 163 1101 1501 202 1558 315 3158 2034 152 4789 81 1284 317 209 1174 1980 379 843 459 154 169 327 212 7623 129 249 108 165 795 128 226 149 1196 242 184 319 193 89 205 602 117 220 864 553 140 768 92 364 462 152 184 279 86 2490 487 993
leaf_count=307 86 769 143 147 1007 381 163 1101 1501 202 1558 315 3158 2034 152 4789 81 1284 317 209 1174 1980 379 843 459 154 169 327 212 7623 129 249 108 165 795 128 226 149 1196 242 184 319 193 89 205 602 117 220 864 553 140 768 92 364 462 152 184 279 86 2490 487 993
internal_value=-0.00741455 -0.0178772 0.00242512 -0.00270123 -0.0094245 0.00120753 -0.004859 0.00196414 -0.00335466 -0.0115582 -0.000636953 0.0109798 0.00313458 0.00497212 -0.00770677 -0.0263994 0.00827365 -0.000669935 -0.00350187 0.00321429 -0.0230093 0.000413177 0.00964901 0.000491426 0.0043133 -0.0148534 -0.000724479 0.0024581 -0.0160372 -0.0269282 -0.00109177 -0.00358475 -0.0117227 0.00566038 -0.00134535 0.00482425 0.00155025 0.00202717 0.00384876 0.00371287 -0.00323171 0.00895522 0.00256098 0.00149153 -0.00528 0.00191406 0.0131394 0.0113619 0.0155727 -0.00152704 -0.00515385 0.00149023 0.0100424 -0.0217383 0.00580793 -0.00174584 -0.000304348 0.00252155 0.00457082 0.00155679 0.00486063 0.00275342
internal_weight=46254 22417 23837 8062 1893 20868 1382 17900 2968 583 6169 2969 12393 5737 797 14355 1870 5507 1601 4171 1943 5372 1566 3906 3261 306 910 536 375 12412 3159 1179 237 1218 2385 1137 6656 5815 2657 1009 491 468 2213 884 374 767 652 535 1099 942 389 1227 235 511 655 841 689 463 465 3063 573 2189
internal_count=46254 22417 23837 8062 1893 20868 1382 17900 2968 583 6169 2969 12393 5737 797 14355 1870 5507 1601 4171 1943 5372 1566 3906 3261 306 910 536 375 12412 3159 1179 237 1218 2385 1137 6656 5815 2657 1009 491 468 2213 884 374 767 652 535 1099 942 389 1227 235 511 655 841 689 463 465 3063 573 2189
is_linear=0
shrinkage=0.03


Tree=108
num_leaves=63
num_cat=0
split_feature=0 8 0 6 8 10 0 8 9 3 8 11 0 11 0 8 8 3 11 5 11 2 2 6 8 5 5 11 2 8 2 11 10 2 10 8 11 7 2 6 0 2 10 10 2 5 9 5 8 6 8 7 9 7 2 11 3 3 9 0 8 7
split_gain=5332.21 3169.16 258.771 136.001 113.508 90.5079 73.5713 45.8372 38.8212 48.2368 36.8723 77.5102 32.6108 30.6714 35.9127 28.0774 28.0584 26.8033 23.618 22.3636 20.8249 19.4018 19.2837 18.6229 19.3399 16.8338 15.0426 14.5203 13.988 13.9394 23.7848 29.9691 17.6021 18.1853 13.574 13.4879 13.0622 12.6792 13.7891 12.0516 11.5388 11.1486 10.9677 10.7415 9.72042 9.48345 9.47513 9.43518 9.06323 8.98837 8.82381 8.73468 8.63601 12.6961 10.7656 7.97811 9.03628 15.5529 13.4766 20.6623 13.4453 7.96475
threshold=1.0000000180025095e-35 -1.0000000180025095e-35 2.1350000000000002 0.96010100249940655 -0.60355339059327362 0.25000000000000011 0.025000000000000005 0.60355339059327384 -0.70710678118654757 0.8500000000000002 -0.37940952255126059 0.6830127018922193 2.9650000000000003 0.25000000000000017 3.1150000000000007 -0.37940952255126059 0.12940952255126045 0.45000000000000007 1.0000000180025095e-35 0.15000000000000005 1.0000000180025095e-35 0.8500000000000002 0.55000000000000016 0.97587888928342192 0.37940952255126054 0.22500000000000003 0.95000000000000007 0.25000000000000017 0.65000000000000002 0.60355339059327384 1.0000000180025095e-35 -0.5 -0.5 0.15000000000000005 -0.6830127018922193 0.25881904510252091 1.0000000180025095e-35 0.56609579100145158 0.75000000000000011 0.31691654995395618 1.1950000000000001 0.45000000000000007 1.0000000180025095e-35 0.93301270189221952 0.55000000000000016 0.15000000000000005 0.78656609248549303 0.63333333333333341 -0.25881904510252113 0.67077817246640559 -0.78656609248549303 0.81066856330014236 -0.12940952255126037 0.93476266911258898 0.25000000000000006 -0.24999999999999994 0.95000000000000007 0.57500000000000007 1.0000000180025095e-35 0.93500000000000016 0.78656609248549325 0.9010966579947971
decision_type=10 2 10 2 2 2 10 2 2 10 2 2 10 2 10 2 2 10 2 8 2 8 10 2 2 10 10 2 10 2 10 2 2 10 2 2 2 10 10 2 10 8 2 2 10 10 2 10 2 2 2 10 2 10 10 2 10 10 2 10 2 10
left_child=1 3 6 4 36 13 7 -2 9 23 46 21 18 14 -4 20 19 -15 -7 -3 28 47 -13 27 43 29 55 -8 -6 30 31 -10 52 -34 -18 51 -1 -35 -39 -38 -26 -36 48 45 -31 -25 -5 -12 -16 -22 -41 -20 53 -32 -54 56 57 -27 59 60 -59 -14
right_child=2 16 5 10 15 12 8 -9 25 -11 11 22 61 17 42 -17 34 -19 35 -21 49 -23 -24 24 40 26 -28 -29 -30 44 32 -33 33 37 41 -37 39 38 -40 50 -42 -43 -44 -45 -46 -47 -48 -49 -50 -51 -52 -53 54 -55 -56 -57 -58 58 -60 -61 -62 -63
leaf_value=6.9840162393692764e-06 -1.4663003660798446e-06 -2.0134616574369676e-05 0.00013248761205457592 1.0185946406512727e-05 1.6576474017711522e-05 0.00073631254983782808 0.0006230840704910867 -2.0124250780138042e-05 -0.00025595311885425809 2.2924454901392386e-05 3.8985718326888396e-05 -2.5419614915853196e-05 0.0014619414270449459 0.001752970670755179 6.9510112067902027e-05 -2.0135761384016455e-05 -2.0134616574369676e-05 7.7921767173477755e-05 0.0013199549365657769 -2.0134616574369676e-05 -1.8291306516399825e-05 -2.8926505216907623e-05 -2.0044225858088596e-05 0.0010595658682045071 -0.000146312814824706 -0.0001202561660353339 0.00014816439511713546 -0.00052103985579881381 -2.284709602020163e-05 -2.7904476015955801e-05 0.0011272979869784059 0.00034659475693780614 0.001233262610083593 0.00054057614955370977 -2.0134616574369676e-05 0.00064358145883928292 -3.5258343859626239e-05 0.00064168437276332585 -0.00025585805618105387 6.884321950331885e-06 0.00045249410953738492 -2.0134616574369676e-05 0.0018562972861111936 -0.00027836312173596945 5.1305353033086994e-05 0.0008951568348138922 -1.5927184601218658e-05 -6.1046796248405939e-05 0.0014353425929808593 -1.5272663995495155e-05 -5.3750968658958043e-05 0.0022799105818135982 -0.00026115241148429028 -0.00041379022781004663 6.6618016075432331e-05 -6.8203559928018892e-05 -3.1823846149515529e-05 0.00079589952569800431 -7.046788548787263e-05 -8.7095711121673583e-05 0.0001085351733762517 0.0024509941923982303
leaf_weight=478 582 758 1624 3183 96 754 159 610 289 3569 706 173 90 364 121 449 2779 137 83 1138 86 268 229 719 376 299 409 231 207 1319 258 562 119 498 2985 99 162 545 154 215 504 6745 161 97 533 1505 1449 86 198 80 115 464 107 80 177 2644 1364 266 212 435 385 631
leaf_count=478 582 758 1624 3183 96 754 159 610 289 3569 706 173 90 364 121 449 2779 137 83 1138 86 268 229 719 376 299 409 231 207 1319 258 562 119 498 2985 99 162 545 154 215 504 6745 161 97 533 1505 1449 86 198 80 115 464 107 80 177 2644 1364 266 212 435 385 631
internal_value=-0.00757009 -0.0180726 0.00233715 -0.00290868 -0.00994177 0.00861857 0.000774937 -0.00643755 0.00125786 0.00296607 -0.000728466 -0.00488038 0.0132187 0.00486953 0.00327791 -0.0174973 -0.0264744 0.0115339 0.0105353 -0.0230258 -0.0123191 -0.000622055 -0.0160794 0.00542038 0.00617427 0.000109797 -0.000937656 -0.000767263 -0.00759868 0.00146704 0.00280645 -0.00137324 0.00464157 0.00660592 -0.0269952 0.014745 -0.00278064 0.00548414 0.00287143 -0.0062069 0.00238365 -0.0275367 0.0104782 0.00760982 -0.000550459 0.00803596 0.000582776 0.00174023 0.00721875 -0.0208383 -0.0029003 0.0165876 0.000481541 0.00371681 -0.00336842 -0.0013432 -0.000273464 0.00125782 0.00267898 0.00402944 0.00740798 0.0184072
internal_weight=46120 22387 23733 7982 1888 4726 19007 1192 17815 7160 6094 1462 2121 2605 2104 918 14405 501 1400 1896 469 1060 402 3591 3201 10655 6014 390 303 4641 2789 851 1938 1316 12509 646 970 1197 699 492 880 9730 480 2321 1852 2224 4632 792 319 166 330 547 622 338 284 5605 2961 1597 1298 1086 651 721
internal_count=46120 22387 23733 7982 1888 4726 19007 1192 17815 7160 6094 1462 2121 2605 2104 918 14405 501 1400 1896 469 1060 402 3591 3201 10655 6014 390 303 4641 2789 851 1938 1316 12509 646 970 1197 699 492 880 9730 480 2321 1852 2224 4632 792 319 166 330 547 622 338 284 5605 2961 1597 1298 1086 651 721
is_linear=0
shrinkage=0.03


Tree=109
num_leaves=63
num_cat=0
split_feature=0 8 0 9 0 2 10 2 8 5 8 8 8 0 1 11 5 11 7 0 1 7 11 1 11 9 8 11 3 5 5 7 10 5 5 11 7 2 2 2 11 0 11 0 8 3 7 11 0 3 8 11 3 2 1 8 3 10 11 1 10 2
split_gain=5203.08 3211.46 230.319 108.81 78.5941 70.2246 60.6175 35.8897 32.7823 31.6688 38.5915 31.3308 27.781 45.3612 66.1764 25.9234 24.292 23.1626 22.1196 22.0372 21.6823 21.1835 20.556 18.3847 15.871 15.6855 18.0237 14.5035 14.2279 13.8553 13.8455 12.7872 12.6153 12.9262 11.9328 11.6849 11.6389 11.4463 12.6979 11.3468 10.8237 10.0501 10.0403 9.48633 9.28298 11.576 9.17731 19.6357 11.9405 24.6961 11.7369 8.94178 9.44689 8.99813 8.8907 8.77608 8.6745 9.23071 8.94853 8.39605 8.30364 21.1303
threshold=1.0000000180025095e-35 -1.0000000180025095e-35 2.4550000000000005 0.91597561503675351 0.15500000000000003 0.65000000000000002 0.25000000000000011 0.75000000000000011 -0.78656609248549303 0.15000000000000005 0.37940952255126054 0.12940952255126045 0.25881904510252091 0.025000000000000005 1.0000000180025095e-35 0.25000000000000017 0.15000000000000005 0.6830127018922193 0.91675550817341867 1.3650000000000004 3.2550000000000003 0.85515616333305766 0.6830127018922193 1.0000000180025095e-35 0.6830127018922193 -0.60355339059327384 1.0000000180025095e-35 0.25000000000000017 0.75000000000000011 1.0000000180025095e-35 0.083333333333333315 1.4989711938271608 -0.6830127018922193 1.0000000180025095e-35 1.0000000180025095e-35 1.0000000180025095e-35 0.33846812998483961 1.0000000180025095e-35 0.15000000000000005 1.0000000180025095e-35 -0.5 1.1250000000000002 0.93301270189221952 3.0150000000000001 1.0000000180025095e-35 0.62500000000000011 0.084135282687147248 -0.24999999999999994 1.2650000000000003 0.95000000000000007 0.60355339059327384 -0.5 0.083333333333333315 0.55000000000000016 2.5650000000000004 -0.91597561503675329 0.57500000000000007 -0.5 1.0000000180025095e-35 0.31500000000000006 0.25000000000000011 0.75000000000000011
decision_type=10 2 10 2 10 8 2 8 2 10 2 2 2 10 10 2 8 2 10 10 10 10 2 10 2 2 2 2 10 8 10 10 2 8 8 2 10 10 10 10 2 10 2 10 2 10 10 2 10 10 2 2 10 10 10 2 10 2 2 10 2 10
left_child=1 3 4 7 12 24 20 55 -9 10 15 16 51 14 -14 37 -3 34 44 21 27 28 29 32 -5 26 36 -4 -17 -7 -29 42 -13 -34 -10 43 -11 40 -39 -28 -6 -40 56 -20 45 -8 47 48 49 -41 -49 52 -2 -54 -43 -1 57 -12 -58 -48 -27 -62
right_child=2 11 6 5 9 22 18 8 17 25 31 23 13 -15 -16 19 -18 -19 35 -21 -22 -23 -24 -25 -26 60 39 30 -30 -31 -32 -33 33 -35 -36 -37 -38 38 41 46 -42 54 -44 -45 -46 -47 59 50 -50 -51 -52 -53 53 -55 -56 -57 58 -59 -60 -61 61 -63
leaf_value=-1.7150605462507313e-05 -6.8284621356769245e-05 -1.9530578077138585e-05 0.00043414386633453428 -1.9135279450454051e-05 -0.00021134218910363932 -1.9376509292420837e-05 0.0020505985731641137 5.6472723677846587e-06 5.4842951234457882e-05 7.514166030253947e-05 0.00011515997415059625 -1.9530578077138585e-05 -2.069784326229981e-05 -1.8286803380499794e-05 7.7560437705132826e-06 0.0016898284283951995 -1.9530578077138585e-05 -4.6796516321536108e-05 0.0008824184887068642 0.0010824426692747867 0.0014380340102135253 -0.00026319059923313068 -1.9495284700915006e-05 -2.7132068524687213e-05 -2.4657026468377601e-05 -6.9020084233123162e-05 0.00068000808863709014 0.0025818413072579531 -0.00024019556770014271 -1.9530026438535976e-05 0.00083138809557522836 0.0004414741219876631 -1.9530578077138585e-05 -1.9530578077138585e-05 -2.2086027358531458e-05 0.0028163848448017324 0.00078915093442195796 0.0010269826253169144 0.00056803015294074077 0.0013845846256616788 0.00038094042512697157 -9.3756387887130579e-05 -0.00021338423181917643 0.0021922278235290854 0.00018912896972797465 0.0010308013390995913 -0.00013564076801203818 0.00016502802022034185 -8.5518466367079385e-05 0.00016844235621472407 -0.00014929300335433853 -3.0572306881662122e-05 0.00015137042098163899 2.4362538884005017e-05 0.0010257847179164653 1.352291694819336e-05 0.00021962899736806775 -5.8116807110764057e-05 -8.6912925211487526e-05 -1.6500667388272828e-05 0.00040045082133163509 -6.9075915933759433e-05
leaf_weight=391 95 739 1246 764 222 92 132 1061 154 1290 512 2748 413 1299 212 373 1167 434 309 847 342 225 250 91 211 2597 143 86 89 594 117 96 3171 6359 1030 327 1674 133 458 111 270 486 80 482 140 146 207 794 107 244 311 1355 182 495 116 3041 279 817 97 2362 566 864
leaf_count=391 95 739 1246 764 222 92 132 1061 154 1290 512 2748 413 1299 212 373 1167 434 309 847 342 225 250 91 211 2597 143 86 89 594 117 96 3171 6359 1030 327 1674 133 458 111 270 486 80 482 140 146 207 794 107 244 311 1355 182 495 116 3041 279 817 97 2362 566 864
internal_value=-0.00752574 -0.017933 0.00224599 -0.00274461 0.00105328 -0.00899059 0.0095643 -0.000790249 -0.00339179 0.00197911 0.0039404 -0.0264675 -0.00268756 -0.0052987 -0.0119329 0.00593478 -0.0228422 -0.00607783 0.0139362 0.0087557 0.00580915 0.00475291 -0.0148559 -0.0270243 -0.00335041 0.0010913 0.00192573 0.0042 0.00842333 -0.0121397 0.0116176 0.000526036 -0.0271244 -0.027655 -0.00389873 0.0161394 0.00372344 0.00336299 0.00494975 0.000679907 -0.000486815 0.00384543 -5.03919e-05 0.0141288 0.00801909 0.0111828 0.000391588 0.00220026 0.00738661 0.0100281 2.71248e-05 -0.000324248 0.00225097 0.00349558 0.00129353 0.0012409 0.000439625 -0.000699248 0.00445623 -0.000712062 -0.000409633 0.00142558
internal_weight=46045 22297 23748 8022 20421 1911 3327 6111 2679 16370 5100 14275 4051 1924 625 3219 1906 1618 1536 1534 1791 687 936 12369 975 11270 7243 1449 462 686 203 1881 12278 9530 1184 1118 2964 1685 1193 4279 492 1060 1785 791 418 278 4136 1567 462 355 1105 2127 772 677 602 3432 1705 1329 376 2569 4027 1430
internal_count=46045 22297 23748 8022 20421 1911 3327 6111 2679 16370 5100 14275 4051 1924 625 3219 1906 1618 1536 1534 1791 687 936 12369 975 11270 7243 1449 462 686 203 1881 12278 9530 1184 1118 2964 1685 1193 4279 492 1060 1785 791 418 278 4136 1567 462 355 1105 2127 772 677 602 3432 1705 1329 376 2569 4027 1430
is_linear=0
shrinkage=0.03


Tree=110
num_leaves=63
num_cat=0
split_feature=0 8 0 6 8 0 11 0 3 9 8 11 8 3 11 8 2 5 5 11 6 5 7 5 8 2 4 7 11 11 11 2 8 2 8 4 4 9 0 11 5 4 7 9 6 6 8 0 11 4 4 9 11 4 8 2 3 9 4 2 2 6
split_gain=5124.04 3350.09 205.97 136.21 122.169 85.0998 48.7729 58.3715 47.0122 49.9343 34.6829 69.4084 30.0973 27.4374 26.226 27.5465 21.2625 20.2428 19.0041 16.1757 18.8925 14.3457 14.0413 12.9937 19.8175 18.8515 19.8557 21.7586 19.0438 17.7657 17.1913 12.7522 12.6701 12.6087 12.2854 11.9778 11.4325 16.4019 11.2118 12.3946 12.7087 16.3206 12.8896 10.9736 10.3185 26.0727 14.4086 11.3935 11.9575 9.98952 9.35035 12.8964 11.9468 13.6367 15.6981 12.8827 10.8384 9.27387 9.24079 11.4905 9.50016 9.23313
threshold=0.015000000000000001 -1.0000000180025095e-35 2.3850000000000002 0.96010100249940655 -0.70710678118654735 1.0000000180025095e-35 1.0000000180025095e-35 3.1050000000000004 0.95000000000000007 -0.70710678118654757 -0.5 0.6830127018922193 0.12940952255126045 0.45000000000000007 1.0000000180025095e-35 -0.37940952255126059 0.55000000000000016 0.15000000000000005 0.95000000000000007 1.0000000180025095e-35 0.70439444458987499 0.35000000000000003 0.9189610170918584 0.22500000000000003 0.60355339059327384 1.0000000180025095e-35 0.058333333333333307 0.95732312792012275 -0.5 -0.24999999999999994 -0.5 0.8500000000000002 -0.91597561503675329 0.65000000000000002 1.0000000180025095e-35 0.31666666666666671 0.17499999999999996 -0.60355339059327384 0.03500000000000001 0.6830127018922193 0.71666666666666667 0.29285714285714293 0.1429916599408125 -0.12940952255126037 0.70439444458987499 0.51679097540509566 0.37940952255126054 0.71500000000000008 -0.68301270189221952 0.17499999999999996 0.96250000000000002 0.1294095225512602 1.0000000180025095e-35 0.37222222222222229 -0.91597561503675329 0.25000000000000006 0.8500000000000002 1.0000000180025095e-35 0.8583333333333335 0.95000000000000007 0.8500000000000002 0.94457821059868363
decision_type=10 2 10 2 2 10 2 10 10 2 2 2 2 10 2 2 10 8 10 2 2 10 10 10 2 10 10 10 2 2 2 8 2 10 2 8 10 2 10 2 10 10 10 2 2 2 2 10 2 10 8 2 2 10 2 10 10 2 10 10 10 2
left_child=1 3 8 4 19 12 7 -4 9 13 50 31 17 34 15 33 -13 -3 38 -1 32 -9 -8 24 25 28 -27 61 -11 36 -29 -12 -21 -6 -2 -14 -25 -38 -10 40 41 -40 58 -20 45 -15 -46 -48 -49 -7 51 -5 55 54 -54 -53 -52 -39 60 -60 -42 -28
right_child=2 5 6 10 14 49 22 21 18 23 11 16 35 44 -16 -17 -18 -19 43 20 -22 -23 -24 29 -26 26 27 30 -30 -31 -32 -33 -34 -35 -36 -37 37 57 39 -41 42 -43 -44 -45 46 -47 47 48 -50 -51 56 52 53 -55 -56 -57 -58 -59 59 -61 -62 -63
leaf_value=8.8985373612133692e-06 0.0011620782381211736 -1.8944660734824428e-05 0.00047955586531317929 0.00015546998235067583 1.8458675832475329e-05 -1.7326876662155927e-05 0.0013529673433564083 0.0018056996702977318 -4.3521846510158952e-05 -0.00014158670098022807 2.1507696676946651e-05 -2.3917315674326273e-05 -1.8944660734824428e-05 0.00030484407379521432 -1.8944125645379897e-05 -1.8945787749339882e-05 -1.885804054131849e-05 -1.8944660734824428e-05 0.00022501940621869388 -1.3894297564876305e-05 -1.689185569374047e-07 0.00081199290088795895 0.0025018266447365133 -3.3714827030749544e-05 -1.0287516949995523e-05 0.0006673408985103385 -0.00011164906472883693 0.00048141209284051188 0.0003181183081133476 -6.1093508193518943e-05 -0.0006461428158508831 -2.6376922078105767e-05 -3.5062225953387901e-05 -2.4115486835936011e-05 0.00053413648217506273 -1.8944660734824428e-05 0.00081556321096765019 0.00014554574377817356 0.00013968272900609089 -0.00017311961484711369 0.00021125329006256861 -2.1998555899083102e-05 -0.00018205536013556799 -4.7862973688041243e-05 0.00055443996893778764 -0.0015185386241260734 -0.00030274763462202395 -0.00064882339795063748 0.00061951830241942587 -1.8893478968918526e-05 -8.6485310238763982e-05 -9.0661997029460245e-06 -2.8318416229909001e-05 -2.3008328398815635e-05 1.7409340845746279e-05 4.8675238582351992e-05 -3.3105790262087132e-06 -2.9155193865869329e-05 0.00038532744000179529 1.5096328705251263e-05 -7.54770271403219e-05 0.0004706316708944201
leaf_weight=549 885 754 1850 95 93 127 270 788 232 320 790 165 6101 184 325 294 218 1186 647 108 252 199 493 598 1965 799 93 81 583 1926 102 292 200 192 1318 6266 154 759 483 578 154 1405 947 106 2203 91 197 145 288 265 81 595 295 1180 1285 1140 189 238 107 384 522 937
leaf_count=549 885 754 1850 95 93 127 270 788 232 320 790 165 6101 184 325 294 218 1186 647 108 252 199 493 598 1965 799 93 81 583 1926 102 292 200 192 1318 6266 154 759 483 578 154 1405 947 106 2203 91 197 145 288 265 81 595 295 1180 1285 1140 189 238 107 384 522 937
internal_value=-0.00758254 -0.0175862 0.00242402 -0.00239597 -0.00919067 -0.026202 0.00901416 0.00719873 0.00120266 0.00213745 -0.000232374 -0.00427694 -0.0265802 0.00442206 -0.0173702 -0.0135 -0.0152344 -0.0230603 -0.00112648 -0.00251351 -0.00609626 0.013087 0.0157461 0.000718794 0.00173325 0.00330247 0.00491803 0.00249588 -0.000298673 -0.0006284 -0.00701087 -0.000387812 -0.011068 -0.00681818 0.00698276 -0.0271305 0.00156 0.00330729 -0.00182007 -0.00149312 -0.000899326 0.000889359 -0.00249645 0.00330239 0.00260534 -0.00293478 0.00314397 -0.000855784 0.00186636 -0.0123664 0.000987451 0.0013069 0.00107429 -0.000152119 0.00166983 0.00302419 -0.00442804 0.00189379 -0.000385274 0.0027439 -0.00265879 0.00419011
internal_weight=46068 23037 23031 8338 2013 14699 3600 2837 19431 13866 6325 1465 14307 5311 904 579 383 1940 5565 1109 560 987 763 8555 4880 2915 2012 1213 903 3675 183 1082 308 285 2203 12367 1749 1151 4812 4580 4002 1888 2114 753 3108 275 2833 630 433 392 4860 4590 4495 2760 1580 1735 270 997 1167 491 676 1030
internal_count=46068 23037 23031 8338 2013 14699 3600 2837 19431 13866 6325 1465 14307 5311 904 579 383 1940 5565 1109 560 987 763 8555 4880 2915 2012 1213 903 3675 183 1082 308 285 2203 12367 1749 1151 4812 4580 4002 1888 2114 753 3108 275 2833 630 433 392 4860 4590 4495 2760 1580 1735 270 997 1167 491 676 1030
is_linear=0
shrinkage=0.03


Tree=111
num_leaves=63
num_cat=0
split_feature=0 8 0 1 6 8 10 8 11 0 0 11 11 8 6 2 11 10 8 5 1 0 2 10 4 3 2 1 8 5 0 0 8 6 0 5 2 6 5 8 11 1 5 5 1 4 5 3 6 4 8 1 1 8 6 1 11 2 3 8 10 5
split_gain=5246.25 3127.78 218.258 130.613 124.866 98.4782 66.4165 53.4753 60.6372 38.5913 31.2646 29.4926 28.4719 26.506 26.2186 25.5041 23.934 23.4172 21.5125 21.6491 19.0287 18.7786 18.236 17.993 16.2607 14.1399 14.1329 13.9529 13.7172 13.5474 12.7977 11.8577 11.7824 11.7548 11.5673 11.5465 11.5099 11.1325 10.7696 10.2986 10.0712 21.0146 9.85755 9.14612 10.1429 9.03615 10.6822 13.514 9.47855 9.00848 8.69456 21.7016 8.54855 8.29146 8.27857 8.19815 8.17365 8.0402 7.97515 12.0901 16.5277 18.9966
threshold=0.015000000000000001 -1.0000000180025095e-35 2.0150000000000001 1.0000000180025095e-35 0.84272314683140503 -0.37940952255126059 0.25000000000000011 -0.37940952255126059 0.6830127018922193 0.88500000000000012 2.7950000000000004 0.25000000000000017 1.0000000180025095e-35 -0.60355339059327362 0.9919160630702849 0.15000000000000005 0.25000000000000017 -0.6830127018922193 0.12940952255126045 0.15000000000000005 0.32500000000000007 1.0000000180025095e-35 0.55000000000000016 -0.6830127018922193 0.81666666666666676 0.95000000000000007 0.55000000000000016 0.56500000000000006 1.0000000180025095e-35 0.95000000000000007 1.1250000000000002 3.1150000000000007 -0.60355339059327362 0.65993311558630963 0.03500000000000001 0.22500000000000003 0.45000000000000007 0.9919160630702849 0.71666666666666667 0.78656609248549325 0.25000000000000017 3.1850000000000005 0.55000000000000016 0.083333333333333315 2.2450000000000006 0.45277777777777778 0.22500000000000003 0.95000000000000007 0.81569335171151025 0.96250000000000002 0.78656609248549325 1.0000000180025095e-35 1.9150000000000003 1.0000000180025095e-35 0.24817607891553481 2.0250000000000004 0.6830127018922193 0.55000000000000016 0.95000000000000007 0.37940952255126054 -0.24999999999999994 0.63333333333333341
decision_type=10 2 10 10 2 2 2 2 2 10 10 2 2 2 2 10 2 2 2 8 10 10 10 2 8 10 10 10 2 10 10 10 2 2 10 10 8 2 10 2 2 10 8 10 10 10 10 10 2 10 2 10 10 2 2 10 2 10 10 2 2 10
left_child=1 4 9 18 5 12 15 24 14 20 16 39 26 33 -9 40 -8 27 19 -3 29 23 -10 -20 -6 42 -1 -13 -12 34 -19 -17 -28 -14 50 -5 -25 -32 -27 43 41 -4 56 44 -11 -45 -47 48 -48 -40 -2 -52 -22 -49 -34 -18 -26 -29 59 60 -36 -62
right_child=2 3 6 35 7 -7 10 8 22 11 28 17 13 -15 -16 31 55 30 21 -21 52 -23 -24 36 25 38 32 57 -30 -31 37 -33 54 -35 58 -37 -38 -39 49 -41 -42 -43 -44 45 -46 46 47 53 -50 -51 51 -53 -54 -55 -56 -57 -58 -59 -60 -61 61 -63
leaf_value=7.1740448449227921e-05 -3.2278421938547745e-05 -1.8376320912779696e-05 0.00035046879286289274 2.4644266238745385e-05 6.5289083364419378e-06 -1.83758018760185e-05 0.00074222614008469798 -1.8325971889717466e-05 -2.3199796204096488e-05 0.00014946760412083758 0.0022460624610267698 0.00062623201880433689 -3.7519193665023347e-05 -1.6770291563749252e-05 -2.5585614415762595e-05 0.00027182433412291206 0.0011233195491963015 0.00033325739879188075 -1.8376320912779696e-05 -1.8376320912779696e-05 6.7706761050765206e-05 -1.832667459985097e-05 -1.8292299325078931e-05 -1.8376320912779696e-05 1.5843410427999557e-05 -4.3459956889508743e-05 -1.6396707782544003e-05 5.9290702786103377e-05 0.001327577801293981 0.00013856152287041769 -0.00016057932799900531 0.0010492813768183812 -2.0699981932697431e-05 4.9794570271927606e-06 -6.2957534300694387e-05 -2.3979820235917919e-05 -1.8376320912779696e-05 0.00085784700386510758 6.5748015345447984e-05 -0.00027218370394781698 0.0017673323481598063 0.0017984091128117696 -7.7447595694622067e-05 -8.4056568345663443e-05 0.0012938808253883649 -0.00046539130881219771 -7.9790141427642228e-05 0.0002674632379045498 0.00093012909203581844 -3.2745725180772371e-05 -2.5623982941280919e-05 7.5189283759870791e-06 0.0013748834832727152 -0.00028114746088928831 -2.6590711798998284e-05 0.0023695873499967844 -5.3830241606397078e-05 -0.00068131927390317998 -3.94454592819499e-05 -2.2052693964933876e-05 0.00047229542255966859 -8.7539653028972995e-05
leaf_weight=117 504 737 328 81 4366 376 1040 134 173 964 667 173 267 124 1013 1882 80 543 2756 1196 3736 259 248 2931 117 153 369 191 352 332 121 322 117 104 617 146 6709 1367 111 163 254 140 229 1526 82 136 114 324 497 95 220 128 143 219 80 225 139 160 2363 2079 791 317
leaf_count=117 504 737 328 81 4366 376 1040 134 173 964 667 173 267 124 1013 1882 80 543 2756 1196 3736 259 248 2931 117 153 369 191 352 332 121 322 117 104 617 146 6709 1367 111 163 254 140 229 1526 82 136 114 324 497 95 220 128 143 219 80 225 139 160 2363 2079 791 317
internal_value=-0.00778736 -0.017881 0.00232717 -0.0261508 -0.00317533 -0.0108424 0.00767719 -0.00141614 -0.00627151 0.000737746 0.0114165 0.00256192 -0.00656489 -0.0120363 -0.00269164 0.00465323 0.00840267 0.00508216 -0.0265022 -0.0235005 -0.000331226 -0.0269588 -0.0159953 -0.0271275 4.60564e-05 -0.00376331 -0.00258772 -0.000571429 0.0153824 -0.00122824 0.00654035 0.00304762 -0.00455026 -0.00798387 -0.00150855 -0.00355263 -0.0277502 0.00797851 0.00075 0.000961252 0.00954357 0.00690832 -0.00709877 0.00127362 0.00366762 0.000383387 0.00223083 0.00316883 0.00622549 0.00521739 -0.00478312 -0.00842407 0.00136856 -0.000275735 -0.0104545 0.0157843 -0.00303502 -0.00400568 -0.00105545 -0.000204993 0.00165122 0.0038413
internal_weight=46247 23147 23100 14815 8332 1554 5290 6778 1568 17810 2364 6580 1178 495 1147 2926 1345 2555 14588 1933 11230 12655 421 12396 5210 844 683 524 1019 7351 2031 2204 566 371 7019 227 9640 1488 359 4025 722 468 485 3862 1046 2816 1290 1154 611 206 852 348 3879 543 197 305 256 351 6167 3804 1725 1108
internal_count=46247 23147 23100 14815 8332 1554 5290 6778 1568 17810 2364 6580 1178 495 1147 2926 1345 2555 14588 1933 11230 12655 421 12396 5210 844 683 524 1019 7351 2031 2204 566 371 7019 227 9640 1488 359 4025 722 468 485 3862 1046 2816 1290 1154 611 206 852 348 3879 543 197 305 256 351 6167 3804 1725 1108
is_linear=0
shrinkage=0.03


Tree=112
num_leaves=63
num_cat=0
split_feature=0 8 1 6 8 0 2 6 9 8 1 8 11 11 8 8 8 8 8 2 3 7 11 1 1 11 0 4 11 4 11 9 6 11 2 2 3 8 7 7 1 4 4 11 3 8 4 0 2 8 0 3 0 11 3 6 4 3 3 8 2 8
split_gain=5122.55 3221.63 225.851 125.914 125.792 69.7824 55.3097 40.6903 37.6839 36.3424 57.5173 33.0504 32.5328 30.5664 78.9266 26.6047 25.3197 27.3133 25.0476 23.0285 19.4875 18.6092 18.1677 16.8979 16.6064 16.1033 16.0246 15.8836 15.9365 15.8069 15.7442 14.9722 14.8002 14.0222 13.2827 12.5426 12.0721 11.7048 18.3982 11.6077 22.3947 11.2427 11.2285 10.7183 10.5438 10.4835 11.1897 10.215 10.1751 10.0215 9.72886 9.52009 15.7624 9.15678 15.8515 10.5007 9.10324 9.00656 8.8328 9.05549 8.53982 13.1169
threshold=1.0000000180025095e-35 -1.0000000180025095e-35 2.1350000000000002 0.9919160630702849 -0.37940952255126059 0.03500000000000001 0.15000000000000005 0.9919160630702849 -0.70710678118654757 0.78656609248549325 1.0000000180025095e-35 -0.78656609248549303 0.6830127018922193 0.6830127018922193 -0.37940952255126059 0.12940952255126045 0.25881904510252091 -0.5 0.25881904510252091 0.35000000000000003 0.35000000000000003 1.0147758284600392 -0.5 1.0000000180025095e-35 3.4250000000000003 0.25000000000000017 2.8150000000000004 0.9125000000000002 -0.24999999999999994 0.083333333333333315 0.93301270189221952 -0.9159756150367534 0.29453213612318335 -0.5 0.55000000000000016 0.55000000000000016 0.95000000000000007 1.0000000180025095e-35 0.23624909481734635 0.98948946579341923 0.44166666650000003 1.0000000180025095e-35 0.17499999999999996 -0.24999999999999994 0.75000000000000011 -0.70710678118654735 0.60555555555555562 2.6950000000000007 0.65000000000000002 1.0000000180025095e-35 0.025000000000000005 0.083333333333333315 1.8650000000000004 -0.24999999999999994 0.25000000000000006 0.94457821059868363 0.083333333333333315 0.8500000000000002 0.57500000000000007 -0.91597561503675329 0.75000000000000011 -0.91597561503675329
decision_type=10 2 10 2 2 10 10 2 2 2 10 2 2 2 2 2 2 2 2 10 10 10 2 10 10 2 10 8 2 10 2 2 2 2 8 10 10 2 8 10 10 8 10 2 10 2 10 10 10 2 10 10 10 2 10 2 10 10 10 2 10 2
left_child=1 3 5 4 11 9 16 30 19 25 50 36 20 27 42 41 17 33 24 31 -13 47 -22 34 45 -2 29 -5 -29 -20 53 -9 -24 -4 -17 -16 -1 44 43 40 -10 -3 58 -39 -21 -8 -47 -18 -6 -19 -11 52 -33 -7 -55 -56 -12 60 59 -15 -44 -62
right_child=2 15 6 13 48 7 18 8 39 10 56 12 -14 14 35 23 21 49 26 37 22 -23 32 -25 -26 -27 -28 28 -30 -31 -32 51 -34 -35 -36 -37 -38 38 -40 -41 -42 -43 57 -45 -46 46 -48 -49 -50 -51 -52 -53 -54 54 55 -57 -58 -59 -60 -61 61 -63
leaf_value=3.6115183881105569e-05 3.1182689612975977e-05 -1.7825031285396304e-05 0.00024470722238761899 1.6593826912710518e-05 -1.9259812400719779e-05 1.4070773726878315e-05 1.6669517252819731e-05 0.0013319958610310222 4.5120093316503014e-07 -1.8525727154035813e-05 2.5958961369554519e-05 4.765724122453558e-05 -2.4024169656016086e-05 -2.7210341149006175e-05 -2.2503802317973592e-05 -1.7825031285396304e-05 -0.00046892683833835933 0.0024622447176294725 -0.0007649800013920943 0.0010438370966635079 -2.0078982474716508e-05 0.0013848393501865769 -2.0297497033138248e-05 -2.6436074871776245e-05 0.0017875802635523425 -7.1801354698933838e-05 0.00092514440775386282 -4.1873510606747331e-05 4.3438201118681237e-06 0.00018559264033981226 -0.00029759481459050896 0.00044174348076967573 -4.1098075779409764e-05 0.0015823273278110716 -1.7825031285396304e-05 -1.7743530345326567e-05 -2.2330472216988797e-05 0.0010308653220585298 -8.3960349045127521e-05 -9.3538631147869683e-05 0.00037588980083382375 -1.7825031285396304e-05 -1.0521187868567337e-05 0.00032854799845878136 0.00034354065988680626 0.00094828162437662455 0.00045067952915274181 0.00052134120882391111 -1.7824527819737943e-05 0.0015081969601166633 -4.2579962104156062e-05 0.00020474434280986942 0.0010527761544928238 0.00076584599046852439 -5.2630883998097016e-05 -0.00025454957559624956 -2.1415807329288431e-05 1.261262651324247e-05 4.9007912969671739e-05 2.3394019768329883e-05 3.6653858741093717e-06 -8.6839551658158634e-05
leaf_weight=280 463 652 207 3727 160 3061 227 365 4069 399 100 99 184 123 169 4752 135 569 180 648 395 104 134 96 178 362 85 95 109 351 209 162 214 211 7486 219 320 113 1018 1096 2290 1257 361 739 843 1845 330 90 359 298 93 390 105 91 1819 317 159 291 128 328 99 205
leaf_count=280 463 652 207 3727 160 3061 227 365 4069 399 100 99 184 123 169 4752 135 569 180 648 395 104 134 96 178 362 85 95 109 351 209 162 214 211 7486 219 320 113 1018 1096 2290 1257 361 739 843 1845 330 90 359 298 93 390 105 91 1819 317 159 291 128 328 99 205
internal_value=-0.00758224 -0.0179247 0.00211576 -0.00268875 -0.00890494 0.000639277 0.00791935 0.00118886 0.00217924 -0.00540266 -0.0101729 -0.0047941 -0.00806232 -0.000409906 -0.00350832 -0.0264806 0.0124458 0.0143468 0.00563028 0.00438641 -0.0055516 0.005 -0.00721774 -0.0269964 0.00692755 -0.00105327 0.000194489 0.00110631 -0.00702439 -0.00174812 -0.00094398 0.00832845 -0.0122063 0.00801909 -0.0270954 -0.0155784 0.000798669 0.0031856 0.00160342 0.00088117 0.00137264 -0.0231361 -0.000449219 0.00485346 0.00516756 0.00626717 0.00690717 0.000132743 -0.02175 0.0173848 -0.0161866 0.0056079 0.00996269 -0.000623936 -0.00208707 -0.00261114 0.00126923 -0.00244514 0.00284483 0.000862832 -0.00436937 -0.00806557
internal_weight=45963 22242 23721 7999 2145 18911 4810 17335 11838 1576 751 1626 1026 5854 1923 14243 1614 1285 3196 4383 842 329 743 12334 2580 825 616 3931 204 531 5497 1022 348 418 12238 388 600 3361 1870 7455 6359 1909 1535 852 1491 2402 2175 225 519 867 492 657 267 5288 2227 2136 259 956 579 451 665 304
internal_count=45963 22242 23721 7999 2145 18911 4810 17335 11838 1576 751 1626 1026 5854 1923 14243 1614 1285 3196 4383 842 329 743 12334 2580 825 616 3931 204 531 5497 1022 348 418 12238 388 600 3361 1870 7455 6359 1909 1535 852 1491 2402 2175 225 519 867 492 657 267 5288 2227 2136 259 956 579 451 665 304
is_linear=0
shrinkage=0.03


Tree=113
num_leaves=63
num_cat=0
split_feature=0 8 1 8 6 0 11 6 8 1 6 8 3 8 11 0 11 1 8 8 5 11 3 2 4 5 3 11 0 5 7 3 8 8 3 0 1 4 5 11 4 11 2 8 2 6 3 0 2 11 4 2 7 8 11 8 1 5 1 0 0 11
split_gain=5171.19 3167.87 231.155 119.79 115.364 62.0397 58.3272 47.9951 44.071 55.6283 40.8042 40.3885 37.2989 47.535 34.7437 46.8846 34.3664 31.7446 28.5975 26.5787 24.9431 18.9267 17.8116 17.5223 16.5794 16.1203 19.559 13.8097 13.7993 14.5109 13.6396 12.9004 12.7837 12.5686 12.1601 12.0942 11.8255 11.5633 11.4052 11.1806 11.1124 11.0622 17.1199 11.6193 22.0798 12.7769 11.9273 10.8715 10.5003 9.73273 9.64699 10.2922 11.7846 18.8488 9.64057 8.36502 8.27133 7.77491 13.4347 8.42767 8.25558 7.74628
threshold=1.0000000180025095e-35 -1.0000000180025095e-35 2.6050000000000004 -0.37940952255126059 0.9919160630702849 0.042500000000000003 0.6830127018922193 0.72773610537564315 0.78656609248549325 1.0000000180025095e-35 0.9919160630702849 0.37940952255126054 0.8500000000000002 -0.70710678118654735 1.0000000180025095e-35 3.1050000000000004 1.0000000180025095e-35 1.0000000180025095e-35 1.0000000180025095e-35 -0.60355339059327362 0.15000000000000005 -0.24999999999999994 0.25000000000000006 1.0000000180025095e-35 0.58333333333333337 1.0000000180025095e-35 0.35000000000000003 -0.5 1.3050000000000004 0.083333333333333315 0.9973800264740782 0.083333333333333315 -0.91597561503675329 -0.60355339059327362 0.62500000000000011 0.025000000000000005 3.1950000000000007 0.058333333333333307 0.083333333333333315 0.93301270189221952 0.31666666666666671 0.25000000000000017 1.0000000180025095e-35 -0.78656609248549303 0.65000000000000002 0.9919160630702849 0.8500000000000002 2.2450000000000006 0.65000000000000002 -0.68301270189221952 0.96250000000000002 0.45000000000000007 0.63028946988809553 1.0000000180025095e-35 0.25000000000000017 1.0000000180025095e-35 1.5350000000000004 0.083333333333333315 0.17500000000000002 1.1450000000000002 0.52500000000000013 0.6830127018922193
decision_type=10 2 10 2 2 10 2 2 2 10 2 2 10 2 2 10 2 10 2 2 10 2 10 10 10 8 10 2 10 10 10 10 2 2 10 10 10 10 10 2 8 2 10 2 10 2 10 10 10 2 10 10 10 2 2 2 10 10 10 10 10 2
left_child=1 3 5 7 48 8 -6 16 49 35 21 12 13 23 15 28 33 18 20 32 -3 -7 47 27 -8 26 -9 56 -4 55 34 -29 -18 -1 57 -10 -17 -32 -11 50 -20 42 -27 -43 -45 -46 -47 -15 -5 -2 51 -23 -53 -54 -49 -30 -12 58 -25 60 -59 -13
right_child=2 17 14 4 6 10 24 25 9 38 11 61 -14 22 -16 36 19 -19 40 -21 -22 39 -24 30 -26 41 -28 31 29 -31 37 -33 -34 -35 -36 -37 -38 -39 -40 -41 -42 43 -44 44 45 46 -48 54 -50 -51 -52 52 53 -55 -56 -57 -58 59 -60 -61 -62 -63
leaf_value=5.0935653660783181e-06 5.6286949352434911e-05 -1.7290280346834413e-05 0.0027218349264693169 -1.8682018028698182e-05 -2.3561840665087297e-05 3.8820327005776675e-05 -2.2017278841399636e-05 1.9434106198859719e-06 -1.7358821487189226e-05 2.2798879516543533e-05 -0.00022969901443241014 1.6380704676199437e-05 1.2857075780109417e-05 0.00082093160054285297 0.0022265879117658216 0.0011081307584344014 5.8777667010552393e-06 -2.2581261709260406e-05 -1.7290280346834413e-05 -1.4130829768955318e-05 -1.7290280346834413e-05 0.0003269638991424552 0.00071120544884186398 -3.6155288912248506e-06 -1.7211224434966771e-05 -9.5581013468452839e-05 6.4417953966948869e-05 0.00059971810543633204 0.00094513942964049571 0.00048970698565371947 0.00055824599360203839 -0.00029288959061587989 -3.2535470791539399e-05 -1.9425324340472815e-05 0.00015375987487869114 -4.6445348183941463e-05 0.0018477506829120232 -0.00044334698805344462 -2.5455596453561992e-05 -0.00030878572989391615 -1.7290280346834413e-05 -1.4267632358609325e-06 1.4870293307778225e-05 9.9413208891813496e-06 -3.9447542394936606e-05 -8.4497913337614863e-05 -2.174738261961101e-05 0.00092612225977567128 -1.7289791985145807e-05 -1.7529471445511232e-05 0.00015054623632952034 -6.4877560000163031e-05 -0.0012939254219226503 -3.8821483362765639e-05 0.0019069859581547148 0.00042655440590434968 4.0916698375397239e-05 0.00040040192522848382 0.0011627067067061618 -4.3642389697500506e-05 0.0011001896762388524 -8.2690424774028325e-05
leaf_weight=355 304 753 81 158 1010 3177 241 1546 382 95 211 3499 2260 798 536 228 85 100 6042 94 1164 205 2017 134 154 101 638 411 337 893 129 230 201 214 845 156 666 178 189 221 6262 825 1203 241 141 225 221 101 350 730 274 1545 147 122 214 262 93 376 495 262 272 833
leaf_count=355 304 753 81 158 1010 3177 241 1546 382 95 211 3499 2260 798 536 228 85 100 6042 94 1164 205 2017 134 154 101 638 411 337 893 129 230 201 214 845 156 666 178 189 221 6262 825 1203 241 141 225 221 101 350 730 274 1545 147 122 214 262 93 376 495 262 272 833
internal_value=-0.00764 -0.0180228 0.00205529 -0.0029048 -0.00945141 0.000937052 -0.00501422 -0.000847152 -0.00429725 -0.00947752 0.00144724 0.00235347 0.00349618 0.00461061 0.00983688 0.00832658 -0.00704211 -0.0264705 -0.0265891 -0.0140157 -0.0231335 -0.000679902 0.00732034 0.0022766 -0.0147727 0.00029755 0.00225172 -0.00123679 0.0052033 0.00454119 0.0035104 0.00126168 -0.00940767 -0.00236842 0.00427673 -0.0151391 0.0138101 -0.00243506 0.00126316 -0.00262425 -0.0271256 -0.00114604 0.00091954 -0.00277509 -0.00528347 -0.00841837 -0.00590604 0.010368 -0.0216896 -0.000173913 -0.00200087 -0.00271782 -0.00343802 -0.00922222 0.0150949 0.00815 -0.0064918 0.00586364 0.00842857 0.00408342 0.0059168 -2.76944e-05
internal_weight=46232 22324 23908 8003 1913 20905 1405 6090 1856 822 19049 13358 9026 6766 3003 2467 949 14321 14221 380 1917 5691 3130 3636 395 5141 2184 945 1573 1492 2691 641 286 569 2384 538 894 307 284 2514 12304 2957 1304 1653 828 587 446 1113 508 1034 2293 2019 1814 269 315 599 304 1539 629 910 648 4332
internal_count=46232 22324 23908 8003 1913 20905 1405 6090 1856 822 19049 13358 9026 6766 3003 2467 949 14321 14221 380 1917 5691 3130 3636 395 5141 2184 945 1573 1492 2691 641 286 569 2384 538 894 307 284 2514 12304 2957 1304 1653 828 587 446 1113 508 1034 2293 2019 1814 269 315 599 304 1539 629 910 648 4332
is_linear=0
shrinkage=0.03


Tree=114
num_leaves=63
num_cat=0
split_feature=0 8 0 9 2 0 2 8 1 11 10 9 3 2 8 8 5 5 8 5 11 5 1 10 0 11 8 2 0 10 5 8 10 8 10 1 11 9 0 1 0 8 11 2 0 0 8 1 2 5 0 9 10 3 0 11 3 2 2 2 0 11
split_gain=5074.1 3185.19 217.386 102.03 66.8674 66.0776 57.4445 42.3586 50.6374 34.9078 34.8468 30.1602 38.5235 27.7786 35.4279 26.967 23.2976 22.3595 21.8973 19.9449 16.9855 15.0909 14.2882 14.8508 13.338 19.9652 12.021 11.9816 11.8265 11.7172 11.487 14.1624 11.1571 11.1109 11.039 11.0358 10.3207 15.1582 10.8868 11.9456 10.4243 9.12522 15.4833 21.2567 10.8936 9.11718 10.8532 9.6745 8.8912 8.45383 8.41907 8.22364 12.1247 7.83844 7.58719 7.53571 10.1956 7.49071 8.25752 7.22741 12.2961 15.3236
threshold=1.0000000180025095e-35 -1.0000000180025095e-35 2.1150000000000007 0.91597561503675351 0.15000000000000005 0.025000000000000005 0.55000000000000016 0.60355339059327384 1.0000000180025095e-35 0.6830127018922193 0.25000000000000011 -0.70710678118654757 0.8500000000000002 0.65000000000000002 -0.60355339059327362 0.12940952255126045 0.15000000000000005 0.15000000000000005 0.37940952255126054 0.15000000000000005 1.0000000180025095e-35 0.083333333333333315 1.0000000180025095e-35 -0.6830127018922193 2.6950000000000007 0.25000000000000017 1.0000000180025095e-35 0.45000000000000007 3.2650000000000001 -0.6830127018922193 0.71666666666666667 0.25881904510252091 0.68301270189221941 -0.91597561503675329 0.68301270189221941 3.3350000000000004 -0.24999999999999994 -0.37940952255126015 1.7850000000000004 0.30300000000000005 0.20500000000000004 0.60355339059327384 -0.5 1.0000000180025095e-35 0.47500000000000003 0.94500000000000006 -0.98296291314453399 1.0450000000000002 0.75000000000000011 0.15000000000000005 1.7450000000000003 -0.9159756150367534 0.68301270189221941 0.62500000000000011 0.075000000000000025 0.25000000000000017 0.57500000000000007 0.55000000000000016 1.0000000180025095e-35 0.15000000000000005 1.6450000000000002 -0.5
decision_type=10 2 10 2 10 10 8 2 10 2 2 2 10 8 2 2 8 8 2 10 2 10 10 2 10 2 2 8 10 2 10 2 2 2 2 10 2 2 10 10 10 2 2 10 10 10 2 10 10 10 10 2 2 10 10 2 10 10 10 10 10 2
left_child=1 3 5 13 24 7 -5 -2 -9 17 28 12 18 33 -15 16 -3 -8 19 29 -16 41 23 -17 25 51 50 -25 55 -7 31 53 35 -1 -28 -26 37 -23 39 40 48 42 43 44 -13 47 -47 -41 -39 -10 -14 -4 -53 -12 -38 -6 -57 58 -43 -21 61 -61
right_child=2 15 4 6 10 11 9 8 49 -11 30 21 26 14 20 22 -18 -19 -20 59 -22 36 -24 27 32 -27 34 -29 -30 -31 -32 -33 -34 -35 -36 -37 54 38 -40 45 -42 57 -44 -45 -46 46 -48 -49 -50 -51 -52 52 -54 -55 -56 56 -58 -59 -60 60 -62 -63
leaf_value=-2.6089121305321142e-05 -2.7215657454404945e-06 -1.6771571936429382e-05 -0.00019347630568573136 -1.8121557487837237e-05 0.00014323511332435535 0.00011838781658446901 -1.6623798834700933e-05 -1.6838056842573549e-05 1.9179976337057575e-05 -1.6775714014835576e-05 0.0016993080393744391 -3.0306492751505304e-06 6.882121372127715e-05 -5.8370653371337824e-06 -1.7862485750709471e-05 -1.6771571936429382e-05 -1.6771571936429382e-05 -1.6771098225591431e-05 6.7165419022195967e-05 0.0011621000149405246 -2.6443572898409984e-05 0.00011633937052367538 -2.8317325453569083e-05 -1.6771571936429382e-05 0.00089536633656349396 0.0017763891500772065 -0.00013006862257093518 -1.6771571936429382e-05 0.001284438531407639 0.0009685572091626104 0.00018118221518263587 0.00024697388100388681 0.0021626141612290152 1.4140677132455752e-05 0.00016020487418178374 0.0019890339384286779 -5.0625407197027152e-05 3.387039011450957e-05 -0.00055939412598572929 0.00011567185386152367 -0.00013803045436331461 9.0122201495513134e-06 0.00063671116789042193 0.00023263082183365904 -0.00060251977933746233 -0.00045967381978390229 0.00018503030815484543 0.00083243802009593491 -3.0519819434097207e-05 -3.1167823115287262e-05 0.001213800332471362 0.00016881735833414345 0.0014683564069159316 0.0012020598904735247 -5.5456782979937944e-05 0.0011745116460154025 -0.00017545880963169445 8.1850933357647393e-05 -4.6957788276055024e-05 0.0018147945282575727 -4.6044507095660549e-05 0.00062129026582828564
leaf_weight=352 580 734 96 785 1494 100 179 418 88 277 512 117 1626 2161 473 2743 1156 624 959 123 501 1577 100 2959 350 299 1379 6625 167 660 120 178 407 2551 500 217 593 330 81 532 349 522 1129 472 151 139 210 83 533 117 131 190 166 275 3001 207 109 320 512 127 448 1105
leaf_count=352 580 734 96 785 1494 100 179 418 88 277 512 117 1626 2161 473 2743 1156 624 959 123 501 1577 100 2959 350 299 1379 6625 167 660 120 178 407 2551 500 217 593 330 81 532 349 522 1129 472 151 139 210 83 533 117 131 190 166 275 3001 207 109 320 512 127 448 1105
internal_value=-0.00773859 -0.0180478 0.00188697 -0.00275936 0.00760025 0.000448114 -0.00889068 -0.00635382 -0.0117788 -0.0133765 0.00493634 0.000907917 0.00241374 -0.000864382 -0.00282207 -0.0264862 -0.0230989 -0.0101866 0.00464945 0.00609594 -0.00756923 -0.000104206 -0.0269995 -0.027092 0.0123233 0.00929521 0.000247457 -0.027662 0.0025632 0.0101708 0.00925414 0.0103416 0.0146462 0.00125 -0.00142021 0.0118838 -0.000848028 0.000234681 -0.0013419 -0.000937069 -0.00291838 0.0016098 0.00296791 -0.000404858 -0.00713755 0.0015544 -0.00231429 0.00375 -0.00114583 0.000436893 0.00203072 0.00529801 0.00739496 0.0120685 -0.00200278 0.00185533 0.00605678 -0.000265683 -0.00150725 0.00437361 0.00385485 0.00540146
internal_weight=46019 22220 23799 7903 4787 19012 1865 1203 623 1080 3062 17809 7158 6038 3135 14317 1890 803 3522 2563 974 10651 12427 12327 1725 751 3636 9584 1977 760 1085 965 974 2903 1879 567 7428 3834 2257 2176 1212 3223 1869 740 268 964 349 615 863 205 1757 452 356 787 3594 1810 316 1354 1034 1803 1680 1232
internal_count=46019 22220 23799 7903 4787 19012 1865 1203 623 1080 3062 17809 7158 6038 3135 14317 1890 803 3522 2563 974 10651 12427 12327 1725 751 3636 9584 1977 760 1085 965 974 2903 1879 567 7428 3834 2257 2176 1212 3223 1869 740 268 964 349 615 863 205 1757 452 356 787 3594 1810 316 1354 1034 1803 1680 1232
is_linear=0
shrinkage=0.03


Tree=115
num_leaves=63
num_cat=0
split_feature=0 8 0 6 8 10 0 8 1 0 11 8 7 9 11 1 11 8 1 8 5 5 3 9 7 11 5 6 10 8 10 0 7 5 10 6 11 6 1 7 3 1 10 9 8 11 0 7 9 5 9 6 10 5 3 11 8 7 7 0 10 3
split_gain=5134.09 3167.13 190.399 136.543 133.353 61.8869 55.7231 37.9047 58.638 35.4443 34.7975 32.61 29.7755 28.5078 60.9318 27.9963 27.5498 25.0538 24.885 23.0175 22.8244 19.4857 18.1377 17.721 15.7041 15.4266 14.6081 13.79 14.9167 13.7554 12.7428 12.3567 11.3693 11.0531 10.622 10.1436 10.0961 10.0241 9.83375 13.5501 8.19638 8.10595 12.4244 11.8081 9.67582 7.90681 14.4789 7.44406 7.41307 8.33225 11.6114 8.04545 14.8192 9.50428 25.3993 7.65427 10.7622 20.4425 20.1491 8.08394 8.45701 8.76762
threshold=1.0000000180025095e-35 -1.0000000180025095e-35 1.905 0.9919160630702849 -0.37940952255126059 0.25000000000000011 0.03500000000000001 0.78656609248549325 1.0000000180025095e-35 2.8250000000000006 1.0000000180025095e-35 -0.60355339059327362 0.031915038094332708 0.91597561503675351 0.6830127018922193 0.81500000000000006 0.25000000000000017 0.25881904510252091 1.0000000180025095e-35 0.12940952255126045 0.083333333333333315 0.15000000000000005 0.35000000000000003 -0.78656609248549325 0.94949559701744335 0.6830127018922193 0.35000000000000003 0.70439444458987499 -0.24999999999999994 -0.60355339059327362 -0.6830127018922193 2.8250000000000006 0.9010966579947971 1.0000000180025095e-35 1.0000000180025095e-35 0.27367423887636216 -0.68301270189221952 0.72773610537564315 3.3650000000000007 1.0049262279169096 0.95000000000000007 2.5450000000000004 0.68301270189221941 -0.9159756150367534 -0.70710678118654735 -0.24999999999999994 3.2850000000000006 0.99579330756888362 -0.78656609248549325 0.22500000000000003 -0.12940952255126037 0.9919160630702849 -0.24999999999999994 0.63333333333333341 0.75000000000000011 -0.5 0.78656609248549325 0.61732364733436551 0.26297565536849205 1.2050000000000003 -0.93301270189221908 0.8500000000000002
decision_type=10 2 10 2 2 2 10 2 10 10 2 2 10 2 2 10 2 2 10 2 10 8 10 2 10 2 10 2 2 2 2 10 10 8 2 2 2 2 10 10 10 10 2 2 2 2 10 10 2 10 2 2 2 10 10 2 2 10 10 10 2 10
left_child=1 3 6 4 10 12 7 36 -9 16 29 27 -4 -5 -15 48 41 20 19 21 45 -3 23 -17 -25 38 -18 28 -12 -1 -21 47 -11 -32 -10 -31 40 -13 39 -22 -2 42 -7 -44 -45 46 -14 -19 51 -50 55 -8 53 54 -53 -51 57 59 -58 60 -57 -62
right_child=2 18 5 13 -6 9 15 8 34 32 11 37 17 14 -16 22 26 31 -20 30 25 -23 -24 24 -26 -27 -28 -29 -30 35 33 -33 -34 -35 -36 -37 -38 -39 -40 -41 -42 -43 43 44 -46 -47 -48 -49 49 50 -52 52 -54 -55 -56 56 58 -59 -60 -61 61 -63
leaf_value=2.2106476500377897e-05 0.00012061935391469501 -1.6268424778336502e-05 0.0031780356884607711 4.456720559022657e-06 -1.6269460178412719e-05 -0.00019381380067602259 -4.3549740143884737e-06 -1.7150489408201821e-05 -3.0274684688570443e-05 0.0010241603685966036 -6.931134179580132e-06 -1.3368604426918838e-05 0.00030584665758663919 -1.8964134526381388e-05 -1.7331939872716385e-05 0.0010328343158444542 0.0020517414225359031 -0.00053993084805621595 -2.1309115895684602e-05 -1.6268424778336502e-05 0.00035568102092995823 -1.6268424778336502e-05 0.0001729014350043427 0.0009550614394700671 4.2379303962884751e-06 0.0011167600698543988 0.001172426769319865 -2.4924176544899987e-05 -3.8449917688005024e-05 -1.8306690037737345e-05 -1.6268424778336502e-05 0.0006390896362441134 0.0018874853146872094 -1.6268424778336502e-05 2.4073343195672434e-05 -1.1283138010535795e-05 -3.1327020860024645e-05 -2.0223487512366098e-05 0.0011816777292977304 -0.00062455699296291021 -4.2492275033046128e-06 0.00085610108423183728 -6.2741490920823484e-05 0.00043008890747356251 0.0012605316404868266 0.001075021724495917 0.0023307781785722186 0.00032447519150622658 1.7647559944749326e-05 4.3571422770614259e-05 -7.5815886070594723e-05 0.00092616269832719198 7.1486193870741455e-05 0.0013634672631167263 -0.0006604266401344991 0.00015315046719966495 -9.1808891657407861e-05 -0.00053336757241749381 7.9377025450653652e-05 -0.00081459683517838316 0.00020672994963272156 -4.2440559936457091e-05
leaf_weight=502 141 764 85 4442 539 233 1507 475 94 148 93 99 269 1026 367 446 315 387 101 2788 1462 1184 3614 548 606 165 102 325 189 133 3182 93 833 6390 160 182 595 104 120 134 126 509 150 157 166 308 82 136 3107 1560 1252 226 1027 119 96 160 295 147 128 82 537 968
leaf_count=502 141 764 85 4442 539 233 1507 475 94 148 93 99 269 1026 367 446 315 387 101 2788 1462 1184 3614 548 606 165 102 325 189 133 3182 93 833 6390 160 182 595 104 120 134 126 509 150 157 166 308 82 136 3107 1560 1252 226 1027 119 96 160 295 147 128 82 537 968
internal_value=-0.00775135 -0.0180635 0.00193038 -0.00292802 -0.00935856 0.00663023 0.000402953 -0.00495603 -0.0099863 0.010065 -0.00506757 -0.00946979 0.00385873 -0.000539753 -0.00428264 0.000922318 0.00734844 0.00338296 -0.026467 -0.0265721 0.00469894 -0.023489 0.00273826 0.00539663 0.00342857 0.00301275 0.0139952 -0.00597039 -0.0108127 -0.000696822 -0.0270561 -0.00204214 0.0145723 -0.0275901 0.00164706 -0.00560127 -0.000695249 -0.0198529 0.00216657 0.00154039 0.00414179 0.00505757 0.0029703 0.00575949 0.00898148 0.0095 0.00639205 -0.00383588 7.75954e-05 -0.000386063 -0.00112865 0.00136089 0.00294078 0.00753394 0.00482972 -0.000317174 -0.0014107 -0.000443272 -0.00573113 0.000463387 0.000918367 0.000219124
internal_weight=46280 22410 23870 8001 2166 5854 18016 1591 729 2613 1627 810 3241 5835 1393 16425 1632 3156 14409 14308 2540 1948 5214 1600 1154 1881 417 607 282 817 12360 616 981 9572 254 315 862 203 1716 1596 267 1215 706 473 323 659 351 523 11211 8236 5129 2975 1468 441 322 3877 2317 1894 423 1747 1665 1505
internal_count=46280 22410 23870 8001 2166 5854 18016 1591 729 2613 1627 810 3241 5835 1393 16425 1632 3156 14409 14308 2540 1948 5214 1600 1154 1881 417 607 282 817 12360 616 981 9572 254 315 862 203 1716 1596 267 1215 706 473 323 659 351 523 11211 8236 5129 2975 1468 441 322 3877 2317 1894 423 1747 1665 1505
is_linear=0
shrinkage=0.03


Tree=116
num_leaves=63
num_cat=0
split_feature=0 8 0 6 8 0 11 0 8 1 11 8 8 5 1 8 1 2 5 5 2 11 6 11 0 11 5 4 2 5 9 8 4 11 2 11 0 1 5 8 2 4 2 5 9 0 7 2 11 4 8 11 7 8 1 6 11 9 0 6 0 6
split_gain=5060.01 3166.08 175.368 143.158 134.237 61.0293 48.1571 56.5136 40.6076 58.2426 39.131 72.978 34.1777 33.089 30.5472 28.4416 24.4658 21.6932 21.1333 17.4616 13.4642 13.3372 13.7903 15.187 12.9803 17.6325 12.9435 12.3965 12.005 11.999 11.8183 11.1559 11.1262 17.1231 11.0605 10.8484 10.3822 10.279 9.98137 10.8751 17.1735 9.66208 9.60645 9.0982 11.522 9.27303 8.83783 8.59475 8.43173 8.3894 8.06699 7.98301 7.96009 12.4651 9.31067 7.9501 7.89221 11.1743 8.13426 18.7695 10.0023 9.85889
threshold=1.0000000180025095e-35 -1.0000000180025095e-35 1.905 0.9919160630702849 -0.60355339059327362 0.03500000000000001 -0.5 3.2850000000000006 0.78656609248549325 1.0000000180025095e-35 0.6830127018922193 -0.37940952255126059 -0.37940952255126059 0.083333333333333315 1.0000000180025095e-35 0.12940952255126045 0.83500000000000008 0.75000000000000011 0.15000000000000005 0.083333333333333315 0.55000000000000016 0.93301270189221952 0.32212462018004401 1.0000000180025095e-35 2.6750000000000003 0.25000000000000017 0.95000000000000007 0.31666666666666671 0.15000000000000005 0.35000000000000003 -0.78656609248549325 0.37940952255126054 0.9125000000000002 -0.24999999999999994 0.75000000000000011 -0.68301270189221952 2.8850000000000002 3.4250000000000003 0.22500000000000003 0.60355339059327384 0.25000000000000006 0.083333333333333315 0.55000000000000016 0.71666666666666667 -0.60355339059327384 0.74500000000000011 0.94949559701744335 0.95000000000000007 -0.5 0.48333333333333339 -0.91597561503675329 -0.24999999999999994 0.93476266911258898 1.0000000180025095e-35 1.4350000000000003 0.75185124348285037 -0.5 -0.37940952255126015 0.69500000000000006 0.96010100249940655 0.51500000000000012 0.94457821059868363
decision_type=10 2 10 2 2 10 2 10 2 10 2 2 2 10 10 2 10 10 8 10 10 2 2 2 10 2 10 8 10 10 2 2 8 2 10 2 10 10 10 2 10 10 10 10 2 10 10 10 2 10 2 2 10 2 10 2 2 2 10 2 10 2
left_child=1 3 5 4 21 8 7 37 35 -10 32 49 17 24 15 18 26 29 -3 52 -13 22 23 -1 25 31 30 -17 36 -6 -7 -8 -5 -34 -28 47 -15 -4 39 40 48 -11 -14 44 -21 -45 -46 -2 -32 50 -12 -19 53 -18 -54 -30 57 58 59 -40 -61 -60
right_child=2 14 6 10 12 16 13 -9 9 41 11 20 42 28 -16 27 19 51 -20 43 -22 -23 -24 -25 -26 -27 34 -29 55 -31 38 -33 33 -35 -36 -37 -38 -39 56 -41 -42 -43 -44 45 46 -47 -48 -49 -50 -51 -52 -53 54 -55 -56 -57 -58 -59 61 60 -62 -63
leaf_value=-1.7805235442029879e-05 0.00015327227612933062 -1.5780372034986407e-05 0.0001757952662214035 1.5909315678863078e-05 3.7517720133649625e-05 0.00011095593754567672 0.00026080769617819799 0.0018739013384566567 -1.6635974725955764e-05 2.447847894615017e-05 -2.4090146926110989e-05 -2.0104564962375787e-05 -1.7091321857438772e-05 0.0010336737061235213 -2.3405314372761232e-05 -1.5780372034986407e-05 0.0011979659106606474 -1.7884433777671545e-05 -1.5780372034986407e-05 0.00038455048240164825 -1.567165808529121e-05 -6.1887039756380532e-05 1.2592461974029449e-05 -2.664891697543173e-05 0.0018142855015734892 0.0014991733786159289 0.0005950249422526227 -1.5780372034986407e-05 -0.00034991197243962709 -5.7317644614638889e-05 -0.00011655726713669126 0.0010489574451037541 -3.87763309123252e-05 8.155982670421877e-06 0.0001084109419863272 -3.0387210234223902e-05 0.003088870131871653 0.0010944817688652441 6.2365752170219499e-06 -1.7972981392240941e-05 0.00042711270024524238 -1.8166389981687173e-05 -1.5779881473471308e-05 0.00057856230072739006 0.00019433739780516657 -0.00022019313757073387 -0.00027253245722645811 -8.306135385640544e-06 0.00024580765519210073 -4.0755248355014477e-05 1.2428522367221861e-05 -1.2158787172961516e-05 -4.8188405341347828e-05 -1.8522280033067271e-05 0.00052223666393754885 0.00073290427579887347 -6.1096149147870092e-05 -3.2212985738216471e-05 0.00039924331962586378 0.00070001032788602675 0.00020847979147059422 -0.00025762876051728791
leaf_weight=234 149 756 2287 3739 98 2863 339 390 470 94 216 165 123 341 102 6144 522 156 1192 1901 215 82 645 145 590 421 95 6252 104 107 221 95 93 109 398 593 84 97 348 1496 943 151 421 258 698 680 271 96 440 701 651 164 299 124 312 1071 2813 1111 90 126 87 195
leaf_count=234 149 756 2287 3739 98 2863 339 390 470 94 216 165 123 341 102 6144 522 156 1192 1901 215 82 645 145 590 421 95 6252 104 107 221 95 93 109 398 593 84 97 348 1496 943 151 421 258 698 680 271 96 440 701 651 164 299 124 312 1071 2813 1111 90 126 87 195
internal_value=-0.00780114 -0.0179832 0.00188514 -0.00292374 -0.00949908 0.000410199 0.00640722 0.00354595 -0.00527027 -0.0105168 -0.000494058 -0.00397127 -0.0170748 0.00901182 -0.0263889 -0.0265054 0.000952001 -0.0115779 -0.0230888 0.00268259 -0.015748 -0.00216802 -0.00122927 -0.00576316 0.0123029 0.00991822 0.000171016 -0.0270404 0.00603373 -0.00393204 -4.75126e-05 0.00565517 0.00122527 -0.00561576 0.00491903 -0.000786651 0.0103521 0.00181132 -0.000647948 0.000677201 0.00239252 0.00134146 -0.0223486 0.00166973 0.00250784 -0.000894569 -0.000154639 0.0045122 -0.0013142 -0.00110899 0.000864055 -0.0164486 0.00574722 0.00806801 0.00328431 0.00446429 -0.00150912 -4.59653e-05 0.00255018 0.00464413 0.0116355 -0.00157343
internal_weight=46173 22510 23663 8064 2175 17844 5819 2774 1553 715 5889 1948 1069 3045 14446 14344 16291 525 1948 5065 380 1106 1024 379 1445 855 11226 12396 1600 205 10733 434 3941 202 493 838 425 2384 7870 3100 1604 245 544 3808 2870 938 969 245 661 1568 867 320 1257 646 611 1175 4770 1957 846 561 213 285
internal_count=46173 22510 23663 8064 2175 17844 5819 2774 1553 715 5889 1948 1069 3045 14446 14344 16291 525 1948 5065 380 1106 1024 379 1445 855 11226 12396 1600 205 10733 434 3941 202 493 838 425 2384 7870 3100 1604 245 544 3808 2870 938 969 245 661 1568 867 320 1257 646 611 1175 4770 1957 846 561 213 285
is_linear=0
shrinkage=0.03


Tree=117
num_leaves=63
num_cat=0
split_feature=0 8 1 8 6 0 11 6 11 0 3 11 0 8 1 0 8 5 7 11 6 8 11 6 1 11 11 2 2 5 8 8 6 4 0 0 2 2 0 1 7 1 2 11 0 5 2 4 3 8 7 7 5 0 5 6 4 4 8 2 5 7
split_gain=5035.76 3091.6 159.928 112.562 111.992 65.6283 64.815 52.2053 37.7417 43.815 28.4612 35.2224 32.5176 27.2427 46.2552 51.6815 24.4307 22.9269 21.8037 20.2382 26.8597 37.7669 17.1933 16.5787 15.6208 15.6205 15.0409 14.6696 13.1558 12.6624 15.8541 13.5785 13.2446 12.734 12.6512 11.9496 11.7207 11.6669 13.4719 11.3648 10.8123 15.3377 10.7025 10.579 12.5212 10.4934 10.3635 9.83048 15.42 9.78145 15.3278 12.2701 9.42434 9.4019 10.7894 9.42317 9.0884 8.97298 8.94829 8.80696 9.7183 8.58814
threshold=1.0000000180025095e-35 -1.0000000180025095e-35 2.6150000000000007 -0.37940952255126059 0.9919160630702849 0.13500000000000004 0.6830127018922193 0.31691654995395618 1.0000000180025095e-35 3.2350000000000008 0.25000000000000006 1.0000000180025095e-35 1.8650000000000004 0.25881904510252091 1.0000000180025095e-35 0.025000000000000005 0.12940952255126045 0.22500000000000003 1.0000000180025095e-35 0.6830127018922193 0.9919160630702849 -0.78656609248549303 1.0000000180025095e-35 0.76420684332829569 1.0000000180025095e-35 -0.24999999999999994 -0.9330127018922193 0.55000000000000016 0.65000000000000002 0.71666666666666667 0.25881904510252091 -0.5 0.41134755504551518 0.71666666666666667 0.67500000000000016 1.6450000000000002 0.55000000000000016 0.25000000000000006 0.37500000000000006 0.70500000000000007 0.93935989104528439 1.1050000000000002 0.55000000000000016 -0.5 3.0850000000000004 0.63333333333333341 0.35000000000000003 0.37222222222222229 0.8500000000000002 0.37940952255126054 0.93245415833840262 1.0267637531930585 0.083333333333333315 0.62500000000000011 0.82500000000000007 0.35816297423289001 0.58333333333333337 0.083333333333333315 -0.25881904510252113 1.0000000180025095e-35 0.22500000000000003 1.0007132667617691
decision_type=10 2 10 2 2 10 2 2 2 10 10 2 10 2 10 10 2 8 10 2 2 2 2 2 10 2 2 10 8 10 2 2 2 10 10 10 10 10 10 10 10 10 8 2 10 10 10 10 10 2 10 10 10 10 10 2 10 10 2 10 8 10
left_child=1 3 5 7 27 13 28 22 9 23 11 34 49 -2 15 -15 17 -3 -16 59 21 -21 -1 -4 42 -20 -25 -5 -6 30 40 46 -32 -33 37 -28 -8 38 -7 53 41 52 -18 -37 -45 -43 -31 -22 -49 50 56 57 -12 54 55 -35 -13 -51 -42 60 -9 -36
right_child=2 16 8 4 6 10 36 19 -10 -11 29 12 -14 14 18 -17 24 -19 25 20 47 -23 -24 26 -26 -27 35 -29 -30 31 32 33 -34 39 61 43 -38 -39 -40 -41 58 45 -44 44 -46 -47 -48 48 -50 51 -52 -53 -54 -55 -56 -57 -58 -59 -60 -61 -62 -63
leaf_value=-1.7272244983277276e-05 -5.6911526681332684e-06 -1.5306960873936816e-05 -0.00049159398505933761 -1.6577087302126575e-05 2.1579753438199069e-05 -2.3448482172562981e-05 -1.9501428013504513e-05 -2.5017317425954801e-06 0.0019995629643667851 0.0019518623321815864 0.00060509579410371003 0.0010086777678169597 0.0011809949407265096 -1.542521619825214e-05 2.8680091535599003e-05 -3.1482865396818707e-05 -1.5306960873936816e-05 -1.5306960873936816e-05 3.6115571869786771e-05 -1.8062312117760925e-05 6.8256952089195543e-06 -3.6024911252916806e-05 -1.9307959389816892e-05 -4.244949607838555e-05 -2.431186999135419e-05 -9.6100343075531151e-05 0.0023045415082937862 -1.5306485029267166e-05 -3.2043103166313963e-05 0.00026918980146912016 0.0002780707606092287 -4.1366956225180882e-05 -2.8279870436781658e-05 -0.00020118572006281143 0.00022261179759708869 0.0004453072266615754 -1.5201508342732472e-05 0.00014340691276180183 -0.0003203975152058625 -0.00012567504389984939 -0.00023731575532388554 0.00048768732670787852 -1.5306960873936816e-05 0.00077775673542785804 0.0016157003106539957 0.0010320697570939774 -0.00016444954728148301 -4.9389818272000177e-05 1.7900046847828027e-05 -9.5231300237008198e-05 3.3598207774682143e-05 0.00046602487400477453 4.2320193143742802e-05 0.0011111333238329338 0.00024017523840318543 0.00022201732590443937 0.0014351475992853424 0.00017106646641773773 0.00051209716519427068 1.5891635680250498e-05 -0.00010494388749552718 -0.00012745971115906584
leaf_weight=382 1950 858 103 131 605 170 164 702 524 575 329 582 720 405 225 749 4770 1048 185 165 729 148 210 300 94 170 111 391 405 108 270 1462 2958 97 857 858 216 108 158 359 515 1857 7543 395 104 296 1326 553 243 312 362 137 2520 217 360 174 225 228 97 2840 94 293
leaf_count=382 1950 858 103 131 605 170 164 702 524 575 329 582 720 405 225 749 4770 1048 185 165 729 148 210 300 94 170 111 391 405 108 270 1462 2958 97 857 858 216 108 158 359 515 1857 7543 395 104 296 1326 553 243 312 362 137 2520 217 360 174 225 228 97 2840 94 293
internal_value=-0.00788263 -0.0181235 0.00172912 -0.00315829 -0.0095034 0.000798287 -0.00504673 -0.00115708 0.00823965 0.00666939 0.00158089 0.00374187 0.00591352 -0.00283311 -0.00556772 -0.00903896 -0.0264643 -0.0232512 0.00134251 -0.000241096 -0.00280587 -0.0107962 -0.00961214 0.0044391 -0.026956 -0.00328652 0.00512154 -0.0213384 -0.00106825 0.000887533 0.00152663 -0.000489766 -0.000148653 0.000775281 0.000226843 0.00637168 -0.0155906 -0.00411899 -0.00693009 0.00305464 0.00248976 0.00295023 -0.0270497 0.0055891 0.00906 0.00486072 -0.00284321 -0.0011599 -0.00346299 0.00380076 0.00546154 0.000929204 0.00150526 0.004947 0.00308544 -0.00143382 0.0077599 -0.00110906 -0.00127243 0.00105582 -0.00173149 0.00187663
internal_weight=46042 22291 23751 7978 1912 20781 1390 6066 2970 2446 17097 4152 2566 3684 1734 1154 14313 1906 580 5474 1838 313 592 1871 12407 355 1768 522 1010 12945 8842 4103 3228 2669 1586 1468 380 436 328 1207 5614 5002 12313 1357 499 2153 1434 1525 796 1846 1169 677 2849 848 631 271 807 540 612 3636 796 1150
internal_count=46042 22291 23751 7978 1912 20781 1390 6066 2970 2446 17097 4152 2566 3684 1734 1154 14313 1906 580 5474 1838 313 592 1871 12407 355 1768 522 1010 12945 8842 4103 3228 2669 1586 1468 380 436 328 1207 5614 5002 12313 1357 499 2153 1434 1525 796 1846 1169 677 2849 848 631 271 807 540 612 3636 796 1150
is_linear=0
shrinkage=0.03


Tree=118
num_leaves=63
num_cat=0
split_feature=0 8 0 9 0 2 10 8 11 8 3 8 10 8 4 9 5 2 5 2 10 9 7 9 8 7 7 5 11 10 11 10 11 10 2 9 11 2 11 9 7 0 2 5 0 2 4 11 5 2 0 7 11 3 11 4 0 7 3 7 4 11
split_gain=4960.32 3222.41 172.297 114.111 68.579 67.5309 43.9602 37.1176 34.8578 32.9567 40.6873 30.8745 37.5131 28.3165 27.1383 31.0196 23.1829 17.9061 17.0313 15.2123 23.8226 18.6357 15.3283 18.6997 14.7264 14.9508 19.7901 14.4503 13.8527 13.3216 13.1 19.8439 12.677 11.9931 21.0223 13.4297 11.721 11.2841 10.9877 22.5105 10.6034 10.4724 10.0533 12.4062 10.0355 10.0134 9.77924 9.49765 9.15231 11.0714 12.4203 9.64243 8.87277 8.70642 8.68386 9.78807 13.1942 10.2377 9.54501 9.27242 8.67916 16.9361
threshold=1.0000000180025095e-35 -1.0000000180025095e-35 2.4550000000000005 0.91597561503675351 0.03500000000000001 0.55000000000000016 0.25000000000000011 0.78656609248549325 0.6830127018922193 0.37940952255126054 0.57500000000000007 -0.5 0.68301270189221941 0.12940952255126045 0.083333333333333315 0.78656609248549303 0.15000000000000005 0.15000000000000005 0.15000000000000005 1.0000000180025095e-35 1.0000000180025095e-35 -0.37940952255126015 0.94949559701744335 -0.12940952255126037 1.0000000180025095e-35 0.19884702286018077 0.96976227795193326 0.71666666666666667 -0.5 -0.6830127018922193 0.6830127018922193 -0.24999999999999994 0.25000000000000017 0.25000000000000011 0.75000000000000011 -0.12940952255126037 0.6830127018922193 0.45000000000000007 1.0000000180025095e-35 0.1294095225512602 0.62259526452090286 2.9550000000000005 1.0000000180025095e-35 0.35000000000000003 0.095000000000000015 1.0000000180025095e-35 0.17499999999999996 0.6830127018922193 0.55000000000000016 0.75000000000000011 3.1150000000000007 0.75218385073039962 0.25000000000000017 0.083333333333333315 1.0000000180025095e-35 0.8583333333333335 0.63500000000000012 0.063241418093146609 0.95000000000000007 0.33846812998483961 0.058333333333333307 0.25000000000000017
decision_type=10 2 10 2 8 10 2 2 2 2 10 2 2 2 8 2 8 10 10 10 2 2 10 2 2 10 10 10 2 2 2 2 2 2 10 2 2 8 2 2 10 10 10 10 10 10 10 2 10 10 10 10 2 10 2 10 10 10 10 10 10 2
left_child=1 3 4 14 7 36 17 -2 18 10 11 12 19 16 42 38 -3 -4 -7 21 22 53 23 40 -13 -26 47 32 -17 -15 -11 -32 41 -12 -35 54 45 -31 -16 -40 -21 -8 43 -1 -23 -5 -22 -27 49 50 51 -19 -53 -6 -36 56 -56 -57 59 -59 -24 -62
right_child=2 13 6 5 9 8 27 -9 -10 30 33 24 -14 29 15 28 -18 48 -20 20 46 44 60 -25 25 26 -28 -29 -30 37 31 -33 -34 34 35 -37 -38 -39 39 -41 -42 -43 -44 -45 -46 -47 -48 -49 -50 -51 -52 52 -54 -55 55 57 -58 58 -60 -61 61 -63
leaf_value=1.0457602435566624e-05 -6.559967682377848e-06 -1.484775204771871e-05 0.00098771014662799028 -1.8231806532023654e-05 0.00074945343095860764 -1.4797273959431379e-05 0.00090004606796886041 -1.485656472732405e-05 -1.4818540148869517e-05 -7.0005362849688382e-07 -1.3092519268871338e-05 0.0012916565742840007 0.00088060883651445705 -1.484775204771871e-05 1.7925879205143245e-05 -1.6702788973776756e-05 -1.484775204771871e-05 0.001326385778162915 -1.4847290478389152e-05 0.0011350068766966886 0.00089349933597488264 6.3229736626258865e-05 8.1133473790757628e-05 -0.0001568101915909614 0.0013469684333638481 -0.00051357625752096459 0.0010205348377211954 -0.00026238188180983723 -2.3283235038860015e-05 -1.484775204771871e-05 4.4134543026845551e-05 -0.00014753419235762018 0.0030037236382773505 0.00059923587069607388 0.00031180984294239793 -0.00012248178133629899 -1.8916385173099378e-05 -1.484775204771871e-05 0.00011461863863096924 -1.4279860722759135e-05 0.00026194609888486654 0.001847661927760653 3.8878431964414307e-05 -6.7624566951396422e-05 -0.00037942085766080435 2.1385994217114099e-05 0.00050722908282062719 0.00056863359240572834 -0.00020917036435251057 0.0013396561786486461 0.00092694975716017586 -0.00017928865192789022 0.0010784973090451754 -5.7634530641686994e-05 -0.0002018186880084152 0.00022393061643549524 0.00010784673897280883 0.001377413962676992 -0.00014363648756019205 -5.9948996550479578e-05 -0.00017438588473730809 -0.0010022060174282898
leaf_weight=1046 837 755 443 282 89 184 680 709 287 4928 4865 658 835 2807 963 414 1160 81 645 155 174 83 88 294 230 233 195 80 804 2955 389 646 96 828 851 388 174 6709 84 1780 365 726 862 96 405 346 308 179 350 101 229 430 86 83 360 167 493 109 278 112 99 88
leaf_count=1046 837 755 443 282 89 184 680 709 287 4928 4865 658 835 2807 963 414 1160 81 645 155 174 83 88 294 230 233 195 80 804 2955 389 646 96 828 851 388 174 6709 84 1780 365 726 862 96 405 346 308 179 350 101 229 430 86 83 360 167 493 109 278 112 99 88
internal_value=-0.00781818 -0.0179686 0.00170626 -0.0026619 0.000682682 -0.00903596 0.0080654 -0.00539108 -0.0138048 0.0011778 0.00202413 0.00430732 0.00258233 -0.0264447 -0.000639669 -0.00205388 -0.023001 0.00474143 -0.0106627 0.000551075 0.00215649 -0.00326778 -0.000302752 0.00176687 0.00784091 0.00519093 0.00271382 0.011674 -0.00605414 -0.0269716 -0.000669014 -0.00373552 0.0123353 0.000791529 0.00210761 0.000848133 -0.00239103 -0.0275137 -0.000328854 -0.00167292 0.00518234 0.0115991 0.00221446 0.000367454 -0.00625767 -0.000476948 0.00770186 -0.00101695 0.00293427 0.00449353 0.00333736 0.00105351 -0.000464217 0.00520231 0.00169549 0.000335526 -0.00179157 0.00305847 0.0009 0.00554054 -0.00641304 -0.0100532
internal_weight=46176 22353 23823 7967 20521 1918 3302 1546 1116 18975 13012 4561 3066 14386 6049 4045 1915 1720 829 2231 1571 660 1089 814 1495 837 607 1582 1218 12471 5963 1035 1502 8451 3586 2758 802 9664 2827 1864 520 1406 2004 1142 488 628 482 412 1277 927 826 597 516 172 2370 1519 853 666 499 221 275 187
internal_count=46176 22353 23823 7967 20521 1918 3302 1546 1116 18975 13012 4561 3066 14386 6049 4045 1915 1720 829 2231 1571 660 1089 814 1495 837 607 1582 1218 12471 5963 1035 1502 8451 3586 2758 802 9664 2827 1864 520 1406 2004 1142 488 628 482 412 1277 927 826 597 516 172 2370 1519 853 666 499 221 275 187
is_linear=0
shrinkage=0.03


Tree=119
num_leaves=63
num_cat=0
split_feature=0 9 9 9 0 9 6 0 11 9 1 2 10 6 9 0 6 3 9 1 10 11 10 7 11 9 9 2 4 2 11 0 0 7 4 11 10 10 3 10 7 9 10 11 2 7 10 6 4 9 2 1 9 3 1 3 7 1 4 0 11 7
split_gain=4936.51 238.499 184.475 237.517 156.624 131.496 71.5529 67.039 46.7631 44.6337 44.6173 44.387 43.3435 25.807 24.0638 22.4695 22.0395 20.4809 19.7038 38.376 16.0406 13.8934 12.9536 12.4289 12.3047 13.0353 12.0066 11.6711 11.1407 10.9336 10.8602 27.2683 13.5323 10.8111 10.6292 10.6163 10.484 10.284 10.213 9.57505 15.4511 9.30697 12.8895 11.2828 10.2531 9.1231 9.07398 9.06714 9.02453 10.9692 11.7149 8.97873 8.9409 15.6794 8.77834 8.7531 8.64729 9.56122 8.63282 8.07189 8.03292 7.6941
threshold=1.0000000180025095e-35 0.1294095225512602 0.25881904510252057 0.37940952255126048 2.4550000000000005 0.91597561503675351 0.9919160630702849 0.03500000000000001 0.6830127018922193 0.98296291314453421 1.0000000180025095e-35 0.65000000000000002 0.25000000000000011 0.9919160630702849 -0.70710678118654757 3.2450000000000006 0.9919160630702849 0.75000000000000011 0.1294095225512602 1.0000000180025095e-35 -0.6830127018922193 0.25000000000000017 -0.5 0.9010966579947971 0.25000000000000017 -0.12940952255126037 -0.78656609248549325 0.55000000000000016 0.083333333333333315 0.45000000000000007 0.25000000000000017 1.4450000000000001 1.8650000000000004 0.91434130072262365 1.0000000180025095e-35 0.25000000000000017 1.0000000180025095e-35 1.0000000180025095e-35 0.75000000000000011 -0.24999999999999994 0.66713352007469673 -0.12940952255126037 -0.5 0.25000000000000017 0.8500000000000002 0.84086977036804045 0.68301270189221941 0.9919160630702849 1.0000000180025095e-35 0.60355339059327384 1.0000000180025095e-35 0.38200000000000006 0.1294095225512602 0.35000000000000003 2.2816666665000001 0.62500000000000011 0.99959078452094785 2.0450000000000004 0.58333333333333337 0.34500000000000003 0.6830127018922193 0.8229615964784831
decision_type=10 2 2 2 10 2 2 10 2 2 10 8 2 2 2 10 2 10 2 10 2 2 2 10 2 2 2 10 10 10 2 10 10 10 8 2 2 2 10 2 10 2 2 2 10 10 2 2 10 2 10 10 2 10 10 10 10 10 10 10 2 10
left_child=1 10 29 -4 7 11 -7 18 9 -8 -1 22 15 41 17 21 20 30 19 24 -13 61 35 -14 -2 58 -25 -10 -21 -3 31 -15 -32 -23 -18 -5 45 -17 60 40 -34 43 -43 -9 59 52 -28 -37 49 -24 55 -33 -16 -54 -38 -51 57 -53 -26 -44 -36 -6
right_child=4 2 3 5 12 6 8 13 27 -11 -12 16 23 14 36 37 34 -19 -20 28 -22 33 48 26 25 -27 46 -29 -30 -31 32 51 39 -35 38 47 54 -39 -40 -41 -42 42 44 -45 -46 -47 -48 -49 -50 50 -52 56 53 -55 -56 -57 -58 -59 -60 -61 -62 -63
leaf_value=-1.4402319486287149e-05 -1.4410867785504329e-05 -3.6131595854421159e-05 -1.4402319486287149e-05 -1.4998361178877316e-05 0.00059767100627642841 -1.4402319486287149e-05 -1.4402319486287149e-05 3.588681065644654e-05 -1.4402319486287149e-05 -1.4402319486287149e-05 -1.5532159645092942e-05 -1.4402319486287149e-05 0.00094571783714536778 0.0016341550851946961 4.2708719357991318e-05 0.0010266648666530664 -1.7213057640217837e-05 0.00011116128509802563 -2.9925457921523099e-06 2.3233829172026798e-05 -1.4402319486287149e-05 0.00028061404049325777 -1.7235900650586307e-05 0.0016592507105667774 -2.1675168536275303e-05 -5.4551261157026946e-05 9.4126884420813183e-05 -1.4402319486287149e-05 -1.8036104086484811e-05 3.2273061605121893e-06 0.00046215128974663787 0.00059565246833235381 0.0021455803966037379 0.0016878812176577818 -1.5131409741518073e-05 -1.4404447732380466e-05 6.0624273584351308e-05 0.0021004016916189045 -1.4402319486287149e-05 0.0012275937623969745 0.00033845916744438431 -0.00012094003009075961 0.00013884982024912836 -8.9213554286754273e-05 -9.6519067558114283e-05 -0.00014103807210945514 0.001524516767393702 -1.7248883368190179e-05 -1.4402319486287149e-05 -1.6425774295460701e-05 -1.6552849988342491e-05 -0.00084488747955330007 -0.00013988494856184558 3.0501026127059648e-05 0.0012294517745303003 -2.588069364733596e-05 0.00048855036847045058 -0.00011441706410820651 -1.2503543606532549e-05 -0.00017535925273507217 -1.4402319486287149e-05 9.8049321259685571e-06
leaf_weight=2837 267 239 1892 964 350 1577 2042 3460 483 1041 116 479 383 157 2259 179 284 2116 532 90 1803 87 606 941 132 220 117 642 219 497 1621 157 84 125 549 84 4076 108 2045 352 366 198 154 1474 295 988 144 912 1259 949 448 124 99 169 119 89 112 413 104 106 511 867
leaf_count=2837 267 239 1892 964 350 1577 2042 3460 483 1041 116 479 383 157 2259 179 284 2116 532 90 1803 87 606 941 132 220 117 642 219 497 1621 157 84 125 549 84 4076 108 2045 352 366 198 154 1474 295 988 144 912 1259 949 448 124 99 169 119 89 112 413 104 106 511 867
internal_value=-0.00794093 -0.0180626 -0.0168514 -0.0174325 0.00157795 -0.0162935 -0.0199568 0.00059959 -0.0179045 -0.0159825 -0.0260088 -0.0143622 0.00764082 0.00109365 0.00182093 0.00433314 -0.0162112 0.00333636 -0.00536741 -0.00778316 -0.018502 0.00279021 -0.0123852 0.0112169 -0.0115608 -0.00853392 0.0127182 -0.0231528 0.00106452 -0.00211669 0.00478299 0.00208506 0.00585396 0.00985915 -0.0146637 -0.0104335 0.000739204 0.0119792 -0.0151739 0.0090411 0.00611973 -0.000595992 -0.00370027 -0.000121581 -0.00134892 -0.000469283 0.00698473 -0.00824473 -0.0135233 -0.0122981 -0.0108944 -0.000148699 0.000486551 -0.00468401 0.00175167 -0.0126468 -0.00170769 -0.00328996 -0.0134177 0.00298851 -0.0175872 0.00155172
internal_weight=46112 22348 19395 18659 23764 16767 5785 20463 4208 3083 2953 10982 3301 18899 13212 1716 5671 5502 1564 1032 2282 1429 5311 1585 723 456 1202 1125 309 736 3386 963 2423 212 3389 1960 7710 287 3105 802 450 5687 753 4934 555 3515 261 996 3351 2092 1486 806 2527 268 4195 1038 649 537 236 260 1060 1217
internal_count=46112 22348 19395 18659 23764 16767 5785 20463 4208 3083 2953 10982 3301 18899 13212 1716 5671 5502 1564 1032 2282 1429 5311 1585 723 456 1202 1125 309 736 3386 963 2423 212 3389 1960 7710 287 3105 802 450 5687 753 4934 555 3515 261 996 3351 2092 1486 806 2527 268 4195 1038 649 537 236 260 1060 1217
is_linear=0
shrinkage=0.03


Tree=120
num_leaves=63
num_cat=0
split_feature=0 8 1 6 8 8 0 1 3 9 2 8 1 0 0 8 6 1 5 2 0 4 0 3 7 5 3 6 2 5 2 2 8 8 7 7 6 2 0 1 3 9 5 4 8 1 2 4 8 2 2 0 2 7 1 7 8 7 7 8 0 9
split_gain=4930 3206.17 141.551 122.707 120.808 63.1413 52.0597 53.0169 35.1566 34.5267 35.7156 30.0815 29.2373 29.9474 24.9749 20.5051 20.1858 20.0665 19.5963 14.6262 14.487 13.4837 12.8745 12.4802 12.4774 12.3507 11.9119 12.3971 12.1501 11.5441 11.5267 11.3575 11.2326 13.61 13.5875 12.6087 11.1496 11.0279 10.9579 14.4459 10.0717 8.93624 8.92424 8.79142 10.1328 10.8335 8.73003 8.58539 8.57973 15.0633 8.60682 8.55269 8.54256 11.5821 11.0254 8.48048 14.291 9.49629 9.23699 8.90582 8.4268 8.09909
threshold=1.0000000180025095e-35 -1.0000000180025095e-35 2.6050000000000004 0.96010100249940655 -0.60355339059327362 0.78656609248549325 0.025000000000000005 1.0000000180025095e-35 0.45000000000000007 0.91597561503675351 0.75000000000000011 0.12940952255126045 0.81500000000000006 1.9450000000000001 3.1350000000000002 -0.37940952255126059 0.76420684332829569 1.0000000180025095e-35 0.22500000000000003 0.55000000000000016 2.4550000000000005 0.78333333333333355 0.21500000000000002 0.45000000000000007 0.71594818862578424 0.15000000000000005 0.95000000000000007 0.9919160630702849 0.45000000000000007 0.15000000000000005 0.75000000000000011 0.55000000000000016 1.0000000180025095e-35 -0.70710678118654735 0.94351148625232761 1.0214926040880241 0.20408539105479609 0.55000000000000016 0.81500000000000006 0.025000000000000005 0.083333333333333315 -0.98296291314453399 0.35000000000000003 0.45277777777777778 0.37940952255126054 1.0000000180025095e-35 0.15000000000000005 0.96250000000000002 0.91597561503675362 0.55000000000000016 0.15000000000000005 0.56500000000000006 0.75000000000000011 0.75218385073039962 1.6150000000000004 1.0912713862789898 1.0000000180025095e-35 0.98948946579341923 0.96789996102708098 -0.91597561503675329 1.3450000000000004 -0.12940952255126037
decision_type=10 2 10 2 2 2 10 10 10 2 8 2 10 10 10 2 2 10 8 10 10 10 10 10 10 10 10 2 10 10 10 8 2 2 10 10 2 10 10 10 10 2 10 10 2 10 10 8 2 10 10 10 10 10 8 10 2 10 10 2 10 2
left_child=1 3 5 4 30 8 7 -7 12 47 23 18 13 21 16 19 -4 31 -3 -6 24 -2 -23 -11 60 -25 27 -10 -28 -9 -1 -13 33 -18 -35 -34 -32 -27 39 -8 55 -42 -16 44 45 -29 -36 -5 50 -50 -41 -24 -45 -54 -55 56 57 -26 -58 -59 -14 -30
right_child=2 11 14 9 15 6 38 29 26 10 -12 17 20 -15 42 -17 32 -19 -20 -21 -22 22 51 25 40 37 28 43 61 -31 36 -33 35 34 46 -37 -38 -39 -40 48 41 -43 -44 52 -46 -47 -48 -49 49 -51 -52 -53 53 54 -56 -57 58 59 -60 -61 -62 -63
leaf_value=1.9294489755878314e-05 -1.4072302599798976e-05 -1.3970249901698534e-05 -0.00047004968309182795 6.0775455030937643e-06 -1.7289873902252727e-05 -1.458967560416471e-05 -2.5391933678626226e-05 2.0016461317538199e-05 -3.7236280943663062e-05 -1.791682403331778e-05 -1.3980965697446087e-05 -1.3970249901698534e-05 0.0022503729440309195 0.0018652962614478285 0.0014618635810060808 -1.397141442029005e-05 -9.0283197479055775e-05 -2.1115421253341404e-05 -1.3970249901698534e-05 -1.5820924379977037e-05 0.0011465517503032963 -0.00010145807608830055 0.0010628184806783249 5.5312019245841793e-05 0.0010863065772044433 4.7846950687055611e-05 0.00057516880350953618 0.00029209001936552741 -1.2693395534120587e-05 -2.8653178863374624e-05 -2.7153363417058575e-05 -1.3970249901698534e-05 0.00025792440759561886 0.00079456726999339812 0.0016473574168686766 0.0012939210013598395 -2.1689568286838623e-05 -2.143594140968297e-05 -0.00023862806527363777 0.00040828453782936977 0.00091140113984436444 0.00013199244797197334 0.00074478800189577306 0.00047743285867890448 -0.00011478499452359009 9.5992992179006338e-05 0.0010444811068203441 -4.6777557088085755e-05 -6.6833281240819765e-05 9.9165426709248858e-05 9.5756652413020197e-05 0.00066004070445006282 0.00022214545998060461 -0.00077210469908124842 3.1658096315728689e-05 0.0008654416735541956 -0.00051481144671985718 -0.00019359138254425366 0.00030422603433706395 0.0005155867150672366 0.00070480155661996802 -4.1171520776037124e-05
leaf_weight=297 2290 872 106 4435 98 383 1383 89 1506 595 512 4820 105 105 752 466 94 98 1031 369 333 109 121 150 483 108 103 315 4082 121 275 7532 647 488 237 108 424 102 209 81 121 1333 114 673 596 2121 416 256 185 151 334 108 1490 84 133 104 101 95 132 111 182 828
leaf_count=297 2290 872 106 4435 98 383 1383 89 1506 595 512 4820 105 105 752 466 94 98 1031 369 333 109 121 150 483 108 103 315 4082 121 275 7532 647 488 237 108 424 102 209 81 121 1333 114 673 596 2121 416 256 185 151 334 108 1490 84 133 104 101 95 132 111 182 828
internal_value=-0.00793094 -0.0180045 0.00162279 -0.00289688 -0.00949741 0.000744892 -0.00332993 -0.0112626 0.00141852 -0.000828057 -0.00484332 -0.026516 0.00332705 0.00106437 0.00775565 -0.0172484 0.00597997 -0.0270581 -0.0229569 -0.0127564 0.00532086 0.000433625 0.0060177 -0.00141213 0.00460621 0.00299169 0.00048525 0.00129209 -0.000628241 0.000853081 -0.00222668 -0.0271659 0.00665997 0.00842233 0.00932574 0.00376984 -0.00432857 -0.00170616 -0.00131826 -0.000674473 0.00391778 0.00230928 0.0120415 0.00196194 0.000890208 0.00174805 0.012156 0.000428389 0.00267287 -0.000890208 0.00555288 0.0100435 0.00332633 0.00219555 -0.00426606 0.00619279 0.00526544 0.00743478 -0.00115385 0.00202899 0.0105208 -0.000843005
internal_weight=46102 22440 23662 8087 1929 20700 2936 593 17764 6158 1467 14353 5833 2733 2962 933 2096 12450 1903 467 3100 2628 338 955 2767 360 11931 6918 5013 210 996 12352 1990 1235 1141 755 699 210 2343 2134 2480 1454 866 5412 3032 2436 653 4691 751 336 415 229 2380 1707 217 1026 922 689 233 206 287 4910
internal_count=46102 22440 23662 8087 1929 20700 2936 593 17764 6158 1467 14353 5833 2733 2962 933 2096 12450 1903 467 3100 2628 338 955 2767 360 11931 6918 5013 210 996 12352 1990 1235 1141 755 699 210 2343 2134 2480 1454 866 5412 3032 2436 653 4691 751 336 415 229 2380 1707 217 1026 922 689 233 206 287 4910
is_linear=0
shrinkage=0.03


Tree=121
num_leaves=63
num_cat=0
split_feature=0 8 0 9 6 0 11 6 8 1 8 0 11 8 5 3 9 11 8 11 8 3 1 4 8 6 4 4 5 8 7 1 4 11 0 11 9 7 5 0 1 11 8 3 11 7 6 3 11 1 7 9 1 9 11 4 0 6 6 1 4 4
split_gain=4770.82 3191.82 151.587 125.818 119.648 61.1737 57.31 50.0788 46.2599 65.6342 32.7044 31.7143 45.9209 31.0305 24.9901 24.9167 27.3336 19.8216 18.8146 18.4666 18.5264 17.6123 16.8992 13.0331 12.4434 12.1983 12.0884 11.9555 11.907 22.0321 18.2577 15.0232 12.2982 11.4692 11.5689 11.1819 10.9703 14.9534 10.9315 10.6657 10.2134 9.99819 9.46812 9.29272 9.71864 8.75421 8.75073 8.27137 8.12805 8.0557 7.80504 7.71255 7.62165 7.57773 8.9504 10.6842 7.2874 7.2651 8.34461 7.16085 7.05961 6.87623
threshold=1.0000000180025095e-35 -1.0000000180025095e-35 2.1350000000000002 0.91597561503675351 0.9919160630702849 0.025000000000000005 0.6830127018922193 0.72773610537564315 0.60355339059327384 1.0000000180025095e-35 0.12940952255126045 3.3050000000000002 1.0000000180025095e-35 -0.60355339059327362 0.15000000000000005 0.95000000000000007 -0.78656609248549325 1.0000000180025095e-35 0.37940952255126054 1.0000000180025095e-35 -0.91597561503675329 0.62500000000000011 3.1150000000000007 0.96250000000000002 -0.78656609248549303 0.97587888928342192 0.31666666666666671 0.58333333333333337 0.083333333333333315 0.60355339059327384 0.82682435789051689 0.38200000000000006 0.083333333333333315 0.25000000000000017 1.3250000000000004 -0.68301270189221952 -0.12940952255126037 0.93688952110004753 0.15000000000000005 1.2050000000000003 0.48250000000000004 0.6830127018922193 0.25881904510252091 0.083333333333333315 -0.5 0.20953478290449004 0.96010100249940655 0.8500000000000002 -0.5 1.4150000000000003 0.70646166682181299 -0.98296291314453399 1.1650000000000003 0.78656609248549303 -0.24999999999999994 0.058333333333333307 1.8650000000000004 0.81569335171151025 0.20078576419566965 2.1350000000000002 0.16333333333333333 0.8583333333333335
decision_type=10 2 10 2 2 10 2 2 2 10 2 10 2 2 8 10 2 2 2 2 2 10 10 8 2 2 8 10 10 2 10 10 10 2 10 2 2 10 10 10 10 2 2 10 2 10 2 10 2 10 10 2 10 2 2 10 10 2 2 10 10 10
left_child=1 3 5 7 -5 8 -6 13 -2 -10 14 12 22 19 -3 16 18 -15 25 -1 -21 42 45 53 -25 48 -12 -8 29 36 31 32 -30 35 -35 -20 37 40 -11 46 -18 60 -14 44 -38 -4 -33 -27 -7 -39 -46 -24 -47 -9 -55 -56 -42 58 -43 -23 -17 -34
right_child=2 10 11 4 6 15 27 23 9 38 26 -13 21 17 -16 41 28 -19 33 20 -22 59 51 24 -26 47 -28 -29 30 -31 -32 39 61 34 -36 -37 43 49 -40 -41 56 57 -44 -45 50 52 -48 -49 -50 -51 -52 -53 -54 54 55 -57 -58 -59 -60 -61 -62 -63
leaf_value=7.76120366288764e-06 -8.2726923636755597e-07 -1.3551142404647578e-05 0.0010889266670368514 -1.3552271987681348e-05 -1.8645263131123612e-05 0.0015646616661442899 -1.8360039059097337e-05 1.2921473987866013e-05 -1.3796736535731927e-05 1.9057001014855247e-05 -1.3551142404647578e-05 0.001816396462499042 0.0016745047296746539 -1.5346296648577727e-05 -1.3551142404647578e-05 9.4305037168010978e-05 0.0018187884036758623 -1.0790975892781406e-05 -0.00020786499693426134 1.0014051213986364e-05 -3.0055307217168774e-05 -0.00094749727334990646 0.00020116650099902931 1.2525179850958563e-05 -4.6394405264479036e-05 0.00077033918819691127 -1.3551142404647578e-05 -1.3356467079623868e-05 -8.105611655909036e-05 -1.6574565782882243e-05 -0.00019808131774259462 -6.404284351026246e-05 -1.2440476510502951e-05 -0.00033233080357764397 0.0005050178661538423 0.00058070638643870098 -0.00012497374354744791 -0.00042566104348632471 -2.1588795399139454e-05 -4.0275868548407258e-05 0.0011752440850345579 -0.00013741352544553807 0.00072677594044499362 0.00029812238639563983 -0.0001217568068708485 -0.00036824575233040583 0.00054513780650508755 0.00015221439589514218 -9.4140546975172705e-05 0.00034101477315524984 0.0011052268708029998 0.00098475298995255524 0.00024305249509903759 2.3859946300312083e-05 1.2449100948086315e-05 -4.0067031449062458e-05 -0.00011877476991770718 -0.00025186994308462043 0.00014220749251488073 0.0012536224164881248 -2.7519275494276851e-05 0.00011560597407320499
leaf_weight=362 584 742 85 533 1046 86 215 3288 402 88 6143 478 895 210 1166 603 85 101 158 98 194 81 190 144 203 1752 6261 151 537 1344 1277 175 1715 487 159 368 242 86 124 549 462 113 139 503 212 84 780 437 318 238 109 527 2123 604 348 550 86 382 134 119 4129 413
leaf_count=362 584 742 85 533 1046 86 215 3288 402 88 6143 478 895 210 1166 603 85 101 158 98 194 81 190 144 203 1752 6261 151 537 1344 1277 175 1715 487 159 368 242 86 124 549 462 113 139 503 212 84 780 437 318 238 109 527 2123 604 348 550 86 382 134 119 4129 413
internal_value=-0.00793782 -0.017894 0.00139318 -0.00277709 -0.00941932 0.000205351 -0.00484076 -0.000658692 -0.0063553 -0.0120976 -0.0263928 0.00620712 0.00537936 -0.00692547 -0.0226925 0.000643813 0.00137372 -0.0147115 0.00351301 -0.00320611 -0.00880546 0.010251 0.00337874 0.000519657 -0.00508621 0.00493832 -0.0269601 -0.0150409 0.000459496 0.00186164 -0.000407564 0.000553957 -0.00079895 0.000358056 -0.00231839 0.00364326 0.00383893 0.0061691 0.00140845 0.00295017 0.00884858 -0.00106863 0.0118261 0.00174321 -0.000904255 0.00211949 0.00486402 0.00582192 0.000148148 0.000923077 0.00251553 0.00739554 0.00175272 0.000926738 -0.000838323 -0.00273637 0.0073224 -0.00461905 -0.000604839 0.00208955 -0.000595817 0.000225458
internal_weight=46217 22359 23858 8047 1945 19137 1412 6102 1198 614 14312 4721 4243 965 1908 17939 12578 311 3765 654 292 1234 3009 5137 347 2593 12404 366 8813 3367 5446 4169 2665 1172 646 526 2023 957 212 1504 633 5361 1034 1066 563 2292 955 2189 404 324 321 717 2207 4790 1502 898 548 629 247 200 4732 2128
internal_count=46217 22359 23858 8047 1945 19137 1412 6102 1198 614 14312 4721 4243 965 1908 17939 12578 311 3765 654 292 1234 3009 5137 347 2593 12404 366 8813 3367 5446 4169 2665 1172 646 526 2023 957 212 1504 633 5361 1034 1066 563 2292 955 2189 404 324 321 717 2207 4790 1502 898 548 629 247 200 4732 2128
is_linear=0
shrinkage=0.03


Tree=122
num_leaves=63
num_cat=0
split_feature=0 8 0 6 8 0 2 8 9 11 6 8 5 3 8 9 11 8 2 0 3 7 11 11 8 7 7 2 8 6 6 6 2 5 5 9 11 4 2 7 7 8 7 4 11 4 2 3 6 2 8 7 4 5 8 4 11 6 4 0 11 0
split_gain=4903.13 3225.61 139.997 118.379 84.0937 58.674 46.5031 40.8944 37.6767 67.3418 26.2392 25.1851 21.7419 19.8131 25.6031 22.4489 19.4199 24.1574 19.2995 18.2747 16.4552 22.0162 16.2218 15.9462 16.6052 14.5901 13.6953 12.675 12.4058 12.0702 11.8097 10.9479 9.88156 12.4594 9.98576 9.72752 12.9284 9.55735 9.84464 9.49003 12.288 9.38411 9.63076 9.29632 18.3628 12.1368 10.8679 9.16684 8.87773 8.29892 7.96255 13.0051 11.7913 7.75556 7.67054 13.2965 8.8201 7.54833 7.53688 7.44636 7.36802 19.7833
threshold=1.0000000180025095e-35 -1.0000000180025095e-35 2.1050000000000004 0.80250532449306278 -0.60355339059327362 0.025000000000000005 0.15000000000000005 0.60355339059327384 0.91597561503675351 0.6830127018922193 0.9919160630702849 0.12940952255126045 0.15000000000000005 0.95000000000000007 0.37940952255126054 -0.12940952255126037 1.0000000180025095e-35 -0.37940952255126059 0.55000000000000016 3.3950000000000005 0.35000000000000003 0.73220579702614474 1.0000000180025095e-35 1.0000000180025095e-35 -0.91597561503675329 1.4989711938271608 0.26929030721600383 0.55000000000000016 -0.70710678118654735 0.50021524203698764 0.87064863372406032 0.23251122184542691 0.25000000000000006 0.63333333333333341 0.083333333333333315 0.1294095225512602 0.93301270189221952 0.083333333333333315 0.55000000000000016 1.0049262279169096 0.98818824404761918 0.25881904510252091 0.92316406335097934 0.083333333333333315 0.25000000000000017 0.14166666666666669 0.55000000000000016 0.45000000000000007 0.70439444458987499 0.55000000000000016 -0.5 0.94949559701744335 0.083333333333333315 0.083333333333333315 1.0000000180025095e-35 0.68285714285714294 -0.68301270189221952 0.96010100249940655 0.17499999999999996 2.4350000000000005 1.0000000180025095e-35 0.96500000000000008
decision_type=10 2 10 2 2 10 10 2 2 2 2 2 8 10 2 2 2 2 10 10 10 10 2 2 2 10 10 8 2 2 2 2 10 10 10 2 2 10 10 10 10 2 10 10 2 10 10 10 2 10 2 10 10 10 2 10 2 2 10 10 2 10
left_child=1 3 5 4 23 7 28 -2 35 10 -10 12 -3 14 15 20 17 -6 -11 22 21 -7 39 -1 -25 29 48 -13 59 -16 31 -28 34 37 -17 -5 -37 38 -34 40 54 42 -30 -31 46 -46 -45 -24 -22 -15 51 -23 -53 -9 55 -8 -56 -39 -38 -4 61 -32
right_child=2 11 6 8 16 13 19 53 9 18 -12 27 -14 49 25 32 -18 -19 -20 -21 26 50 47 24 -26 -27 30 -29 41 43 60 -33 33 -35 -36 36 58 57 -40 -41 -42 -43 -44 44 45 -47 -48 -49 -50 -51 -52 52 -54 -55 56 -57 -58 -59 -60 -61 -62 -63
leaf_value=2.1593211544449452e-06 -1.6428057180155938e-06 -1.314460813250815e-05 0.00077346860562852891 0.00010561610461288093 -1.4860263419119296e-05 0.001289999974142753 0.00047283755747247854 -1.3073842328593042e-05 -1.3144091587209721e-05 -1.6828518140545327e-05 3.5438813976797209e-06 -1.314460813250815e-05 -1.314460813250815e-05 0.00019448433934780201 0.00022791552030832689 -2.6981538789078848e-05 -1.3144091587209721e-05 -1.3145703828050907e-05 -1.3048714320083701e-05 0.0019533982578443625 -0.00018720193168811827 0.00079669936855764837 0.0013878270729755138 1.0311649168123245e-05 -2.8085923089065207e-05 0.00027533240749262567 0.00026507086415032271 -1.314460813250815e-05 0.0010207343428204562 -5.1515085099826522e-05 0.0010211672088954512 -0.00045264726326010141 0.00061720802208168051 -9.1488079905019561e-05 -0.00021756508351515637 4.0838242913647518e-06 7.0026255225417044e-06 -0.00011065089276095813 0.00014142221057281446 -0.00038306342907293013 0.00098459676174178393 0.00060629740506285836 0.0015482198456162511 -3.0127032300660273e-05 0.00032593500017889852 -7.4673958823530726e-05 0.00015607053872014525 0.00059503407713772604 0.00068825091429657254 -2.6909234945714979e-05 0.00059718728099439507 0.00013357656285592877 -0.0005008860780563824 -1.3232844372722825e-05 -0.0002698594960162326 -0.00077507351061217866 0.00039840794108569612 0.00020598100559611419 -4.3982398217508813e-05 -0.00022929938609285826 6.8642620614700606e-05 0.00025834288414816777
leaf_weight=391 578 742 101 85 238 643 1121 191 135 166 1040 4867 1169 155 161 616 210 238 250 110 84 507 360 103 218 138 94 7685 263 1694 169 229 179 309 260 4389 160 141 170 210 159 402 920 399 125 972 939 309 715 5138 398 272 170 432 369 93 374 649 395 102 1633 867
leaf_count=391 578 742 101 85 238 643 1121 191 135 166 1040 4867 1169 155 161 616 210 238 250 110 84 507 360 103 218 138 94 7685 263 1694 169 229 179 309 260 4389 160 141 170 210 159 402 920 399 125 972 939 309 715 5138 398 272 170 432 369 93 374 649 395 102 1633 867
internal_value=-0.00803952 -0.0180985 0.00141466 -0.00283577 -0.0107648 0.000250683 0.00593993 -0.00616473 -0.00115995 -0.00518216 -0.0015051 -0.026559 -0.0233002 0.000683233 0.00133317 0.00233531 -0.0182533 -0.0148428 -0.0155396 0.00371861 0.00333622 0.00554495 0.00327437 -0.00353436 -0.00847826 -0.000501242 0.00217563 -0.0270533 0.00979318 -0.000811 0.0012429 -0.00416667 -0.000154839 0.00136646 -0.00266819 0.00011332 -6.06673e-05 0.00281579 0.00694286 0.00208853 0.00269249 0.0106873 0.0120355 -0.00112591 6.15764e-05 -0.00281421 0.00241972 0.00738806 0.0056625 -0.000855686 0.00336053 0.00186316 -0.00189616 -0.0114904 0.00203779 0.00350617 -0.000362903 0.000986094 -0.0043705 0.00279412 0.00189888 0.00387657
internal_weight=46401 22481 23920 8018 1398 19027 4893 1201 6620 1591 1175 14463 1911 17826 12533 8105 686 476 416 3105 5781 1990 2995 712 321 4428 3791 12552 1788 4290 2992 323 2324 1448 876 5029 4944 1139 349 2326 2116 1585 1183 4129 2435 1097 1338 669 799 5293 1347 949 442 623 1957 1214 743 790 555 203 2669 1036
internal_count=46401 22481 23920 8018 1398 19027 4893 1201 6620 1591 1175 14463 1911 17826 12533 8105 686 476 416 3105 5781 1990 2995 712 321 4428 3791 12552 1788 4290 2992 323 2324 1448 876 5029 4944 1139 349 2326 2116 1585 1183 4129 2435 1097 1338 669 799 5293 1347 949 442 623 1957 1214 743 790 555 203 2669 1036
is_linear=0
shrinkage=0.03


Tree=123
num_leaves=63
num_cat=0
split_feature=0 8 1 6 8 0 9 6 8 1 4 3 8 1 2 8 5 8 2 4 7 9 1 8 3 0 8 7 8 6 6 9 3 0 3 3 5 8 5 8 2 2 3 1 8 2 0 2 2 4 7 4 0 9 4 8 7 7 1 1 8 2
split_gain=4830.23 3153.18 136.864 117.797 82.0379 67.9474 66.0113 46.3422 42.5979 58.491 30.1527 29.611 30.2537 28.3186 27.1874 25.3868 20.5095 19.2123 19.5333 22.2428 16.5232 28.551 15.0953 14.1209 13.3378 13.0736 12.3862 16.7313 15.0241 12.3181 11.9196 10.7684 10.3657 10.1749 9.81503 9.74554 9.72497 9.60377 9.53381 11.4944 13.7487 11.6503 10.5435 9.05124 15.4976 12.7999 9.40834 9.00568 8.99644 8.59493 8.19335 8.18069 7.84725 7.56868 9.23778 7.45709 7.443 7.3938 7.43717 12.1291 6.90184 6.91467
threshold=1.0000000180025095e-35 -1.0000000180025095e-35 2.3550000000000004 0.72773610537564315 -0.60355339059327362 0.025000000000000005 0.91597561503675351 0.9919160630702849 0.78656609248549325 1.0000000180025095e-35 0.51666666666666683 0.75000000000000011 0.37940952255126054 1.0000000180025095e-35 0.15000000000000005 1.0000000180025095e-35 0.15000000000000005 -0.5 0.25000000000000006 0.058333333333333307 0.6892099792099794 -0.12940952255126037 3.3650000000000007 -0.37940952255126059 0.083333333333333315 1.1533333333333335 0.25881904510252091 1.0168648719606768 -0.5 0.96010100249940655 0.9919160630702849 0.1294095225512602 0.35000000000000003 0.91500000000000015 0.62500000000000011 0.8500000000000002 0.083333333333333315 1.0000000180025095e-35 0.15000000000000005 -0.78656609248549303 0.8500000000000002 1.0000000180025095e-35 0.75000000000000011 0.015000000000000001 0.25881904510252091 0.55000000000000016 1.6250000000000002 0.65000000000000002 0.15000000000000005 0.083333333333333315 0.88588903053481471 0.41666666666666669 3.0450000000000004 -0.60355339059327384 0.68285714285714294 -0.91597561503675329 0.98948946579341923 0.9729344180128775 1.8950000000000002 0.85500000000000009 -0.91597561503675329 0.45000000000000007
decision_type=10 2 10 2 2 10 2 2 2 10 8 10 2 10 10 2 8 2 10 10 10 2 10 2 10 10 2 10 2 2 2 2 10 10 10 10 10 2 8 2 8 10 10 10 2 10 10 10 10 10 10 8 10 2 10 2 10 10 10 10 2 10
left_child=1 3 5 4 -1 8 31 47 -2 -10 -9 12 17 15 26 16 -3 18 24 -20 21 32 36 35 33 -14 28 -28 56 -22 -19 -5 -21 -7 -27 -6 37 52 60 55 41 -41 -42 46 57 -46 -32 -8 -13 -39 -35 -17 -16 54 -50 -40 -4 58 59 -45 61 -33
right_child=2 13 14 6 23 11 7 10 9 -11 -12 48 25 -15 22 51 -18 30 19 20 29 -23 -24 -25 -26 34 27 -29 -30 -31 43 38 -34 50 -36 -37 -38 49 39 40 42 -43 -44 44 45 -47 -48 -49 53 -51 -52 -53 -54 -55 -56 -57 -58 -59 -60 -61 -62 -63
leaf_value=-1.9973025842392764e-05 -8.730805625044475e-06 -1.2750269888532905e-05 0.0010533005209090085 0.00012881533146601943 -1.87088914268679e-05 -2.5272582582432557e-05 -1.5069974851314047e-05 -1.6323662596328966e-05 -1.3341097908786127e-05 5.7182936473099043e-06 -1.2657252890481189e-05 0.00028558027305135416 -3.0405678421578095e-05 -1.8178235931337493e-05 0.00091885939724384573 -1.2750269888532905e-05 -1.2750269888532905e-05 -7.6216514816312414e-05 0.00061952576810045173 0.0016057151550407933 -0.00064768438668266423 -5.1196701167143805e-05 0.0014421324189378393 -1.275133271320938e-05 -0.00015447995108188857 5.4625153654501435e-05 -8.7877655934681661e-06 0.0010233350364900751 0.0016021357381848589 9.6006317548388835e-06 0.00085257653774997548 -2.8509276702624024e-05 0.00060932551328135489 0.0015243179320526051 0.00089248668128968109 -1.4388811186544618e-05 0.00034240513648183478 -0.00019920353100161714 -1.3357301757798475e-05 -5.6851806108919058e-05 -5.8053784858600984e-05 8.8991044632535676e-06 -3.6265972086685302e-05 0.00018346107886008461 0.00044814268124356737 -0.00086041741028266997 0.0022359022538153404 -1.271738257651418e-05 -3.8109466139409214e-05 0.00051486450688338018 0.00038922375584440086 -1.2750269888532905e-05 0.0014694698578213983 -2.9522703605771929e-05 9.7393960319399828e-05 1.5336431470841603e-05 0.00014248070365497246 0.0012465172998492456 0.00034807436685526717 0.0012795188386729439 1.8995985610330218e-05 1.3536742499855054e-05
leaf_weight=654 609 777 171 85 104 463 80 967 381 196 424 162 2171 98 356 6724 1170 196 593 213 86 413 268 312 856 866 206 81 764 680 160 177 402 108 150 214 1552 176 335 113 111 818 623 166 156 137 103 142 2618 104 338 5486 91 3889 2653 592 184 173 386 421 2126 121
leaf_count=654 609 777 171 85 104 463 80 967 381 196 424 162 2171 98 356 6724 1170 196 593 213 86 413 268 312 856 866 206 81 764 680 160 177 402 108 150 214 1552 176 335 113 111 818 623 166 156 137 103 142 2618 104 338 5486 91 3889 2653 592 184 173 386 421 2126 121
internal_value=-0.00801771 -0.0180547 0.00140765 -0.00297787 -0.0112996 0.00038742 -0.00138496 -0.00667286 -0.00657119 -0.0124048 -0.00463362 0.000832435 0.00203616 -0.026513 0.00650228 -0.0266245 -0.0233932 0.0032821 0.00213821 0.00390704 0.00223955 0.00472303 0.00465071 -0.0190174 -0.000254813 -0.00032936 0.00985075 0.00427083 0.0112768 -0.00109518 0.00578199 0.000288122 0.00881494 0.00227473 0.00247788 -0.0144828 0.00385526 0.00671703 0.000107634 -0.00115696 -0.00264706 -0.000225322 -0.00571429 0.00658837 0.00564583 -0.000510204 0.0117045 -0.0193722 -0.000360399 0.00234875 0.00550336 -0.0271378 0.00944196 -0.000484663 0.00025607 0.0015194 0.00615169 0.00721883 0.00619097 0.00831633 0.00145979 -0.00280936
internal_weight=45951 22253 23698 7998 1284 19745 6714 1613 1186 577 1391 18559 9237 14255 3953 14157 1947 6050 4152 2387 1794 1028 2547 630 1765 3187 1406 287 1119 766 1898 5101 615 909 1016 318 2279 727 5016 2592 1665 931 734 1702 1439 293 263 222 9322 280 446 12210 447 9160 5271 927 355 1146 973 587 2424 298
internal_count=45951 22253 23698 7998 1284 19745 6714 1613 1186 577 1391 18559 9237 14255 3953 14157 1947 6050 4152 2387 1794 1028 2547 630 1765 3187 1406 287 1119 766 1898 5101 615 909 1016 318 2279 727 5016 2592 1665 931 734 1702 1439 293 263 222 9322 280 446 12210 447 9160 5271 927 355 1146 973 587 2424 298
is_linear=0
shrinkage=0.03


Tree=124
num_leaves=63
num_cat=0
split_feature=9 8 8 11 1 1 6 8 8 11 3 11 8 1 11 1 11 8 8 8 5 8 7 2 3 4 6 11 6 7 2 11 6 7 5 8 1 11 6 6 4 11 1 8 2 2 8 1 2 5 2 2 11 11 4 2 6 1 9 11 7 4
split_gain=3617.82 3359.17 555.22 245.294 125.501 116.166 109.73 139.904 67.3622 70.732 38.0812 37.3548 54.9688 30.604 25.7723 25.1805 23.4467 25.0537 22.6525 22.5382 21.5163 17.9132 17.903 15.4024 20.974 16.6043 15.3573 15.9427 14.7165 14.5425 13.978 13.5732 17.3607 16.2424 15.7851 13.4106 12.6441 20.8092 19.024 12.0081 11.9996 11.9771 11.5884 11.5873 11.421 10.8433 10.5806 10.4954 10.1588 10.8491 9.87647 11.4739 11.7156 11.073 9.63378 9.528 9.09417 8.31759 9.09993 8.12319 8.0536 9.77067
threshold=1.0000000180025095e-35 -1.0000000180025095e-35 0.91597561503675362 1.0000000180025095e-35 2.6050000000000004 1.0000000180025095e-35 0.9919160630702849 -0.37940952255126059 0.78656609248549325 0.6830127018922193 0.45000000000000007 0.6830127018922193 -0.37940952255126059 1.0000000180025095e-35 1.0000000180025095e-35 3.1150000000000007 -0.5 -0.60355339059327362 0.12940952255126045 0.37940952255126054 0.15000000000000005 -0.91597561503675329 1.0147758284600392 1.0000000180025095e-35 0.083333333333333315 0.083333333333333315 0.31691654995395618 0.6830127018922193 0.72773610537564315 1.2889052528227787 0.8500000000000002 -0.24999999999999994 0.9919160630702849 0.088025157232704418 0.71666666666666667 0.25881904510252091 0.045000000000000005 -0.5 0.9919160630702849 0.75185124348285037 0.9125000000000002 -0.5 0.50500000000000012 0.60355339059327384 0.35000000000000003 0.75000000000000011 -0.60355339059327362 2.2650000000000001 0.95000000000000007 0.71666666666666667 1.0000000180025095e-35 0.15000000000000005 -0.24999999999999994 -0.5 0.41666666666666669 0.55000000000000016 0.4249784619452962 3.3650000000000007 -0.98296291314453399 1.0000000180025095e-35 0.93935989104528439 0.11666666666666667
decision_type=2 2 2 2 10 10 2 2 2 2 8 2 2 10 2 10 2 2 2 2 8 2 10 10 10 10 2 2 2 10 10 2 2 8 8 2 10 2 2 2 8 2 10 2 10 10 2 8 10 10 10 10 2 2 8 10 2 10 2 2 10 10
left_child=2 6 4 39 8 18 7 16 10 36 19 40 -13 -11 15 -6 30 26 20 21 -3 22 23 24 -1 -25 -18 -28 -19 -21 -2 33 -33 48 35 44 37 -10 -39 -4 50 57 -38 60 -35 -9 -42 -36 49 -12 53 52 -52 -8 -20 -14 -46 58 -17 -23 -34 -62
right_child=1 5 3 -5 14 -7 11 45 9 13 31 12 55 -15 -16 41 17 28 54 29 -22 59 -24 25 -26 -27 27 -29 -30 -31 -32 32 43 34 47 -37 42 38 -40 -41 46 -43 -44 -45 56 -47 -48 -49 -50 -51 51 -53 -54 -55 -56 -57 -58 -59 -60 -61 61 -63
leaf_value=0.00044683116893665543 2.8525204876867908e-05 -1.2367761791876918e-05 -1.5201226690614128e-05 -1.2367761791876918e-05 0.00038093362355417826 4.6445529032979069e-06 -6.5992736125200713e-05 -1.4573568699866149e-05 6.9840887213695749e-05 -1.2261405450622557e-05 0.00025416949442652771 -1.5029220507214308e-05 -1.5833952718439099e-05 -1.0503500380397008e-05 0.0018209155807318998 -0.00031657245477557439 -2.4833596892839637e-05 -1.2107682929154799e-05 -1.2367761791876918e-05 -2.3305673438007156e-05 -1.2367761791876918e-05 0.00028905404145764701 -0.00038130540455966227 0.001283637918796999 -0.0004307000978730487 0.00024188908684287603 6.5550809996493299e-06 -4.6575582691402995e-05 -2.1738880924547986e-05 0.00078950367006195394 -1.6973826959935244e-05 -7.6770476540343182e-05 0.00013685271983062463 -0.00026489539952651465 -4.7002587740001892e-05 -7.1731693389895097e-05 0.0002016123154954929 -3.7024204652908054e-05 -2.0246167453762739e-05 -1.4193768682191886e-05 -3.0204756563937445e-05 0.0016890814166503453 -8.2775511448307241e-05 -0.00010802611708180816 -3.1294316504261177e-05 -1.2367228858197147e-05 -2.2687033152386423e-05 -0.00084377406540557835 5.9970251154470366e-05 0.00080410481588482632 0.00018887619236080213 1.2232536110106406e-05 1.0509493306550557e-05 4.9033003603408949e-06 -1.2367761791876918e-05 -1.2277535303766753e-05 0.0004039492508512629 0.0012364652507353263 0.00057873030558133526 0.00079982188133488445 0.00034999523717562151 -0.00064276309218008754
leaf_weight=287 459 753 222 940 1293 132 478 228 405 340 198 1498 169 138 537 127 299 177 6445 1319 1156 362 225 244 144 525 413 223 128 85 434 2279 3237 127 1582 588 259 151 418 760 129 301 221 410 225 321 100 88 461 175 95 3417 117 774 4959 214 1385 406 351 2020 112 139
leaf_count=287 459 753 222 940 1293 132 478 228 405 340 198 1498 169 138 537 127 299 177 6445 1319 1156 362 225 244 144 525 413 223 128 85 434 2279 3237 127 1582 588 259 151 418 760 129 301 221 410 225 321 100 88 461 175 95 3417 117 774 4959 214 1385 406 351 2020 112 139
internal_value=-0.00809912 -0.0164877 0.000301468 -0.0151326 0.00170376 -0.026187 -0.00300496 -0.0081625 0.000761983 -0.00453182 0.0013929 -0.00102546 -0.00463868 -0.0145303 0.00737069 0.00607503 -0.00468135 -0.00734891 -0.0264646 0.00350537 -0.0233874 0.00470326 0.00204067 0.00349709 -0.00104167 0.00603896 -0.00490385 -0.0022606 -0.0148039 0.000256228 -0.000973154 0.000392478 -0.000539009 0.00158385 0.000788288 0.00238607 -0.00123711 -0.0032 -0.00689474 -0.00463886 0.000305224 0.00923272 0.00274428 0.000677097 0.00371116 -0.0216545 -0.0063913 -0.00143627 0.00538922 0.00906417 0.000620647 0.00141322 0.00816901 -0.00167598 -0.0269776 -0.0147656 0.00439479 0.00745763 0.00475992 0.00629459 0.00123818 -0.00392857
internal_weight=46204 23118 23086 1922 21164 13445 9673 2682 18149 1932 16217 6991 1881 478 3015 2478 2133 1240 13313 5211 1909 3807 1425 1200 431 769 935 636 305 1404 893 11006 6177 4829 3995 2325 1454 974 569 982 5110 1185 480 3898 1737 549 229 1670 834 373 4881 3629 212 1252 11404 383 1610 884 478 2382 3488 251
internal_count=46204 23118 23086 1922 21164 13445 9673 2682 18149 1932 16217 6991 1881 478 3015 2478 2133 1240 13313 5211 1909 3807 1425 1200 431 769 935 636 305 1404 893 11006 6177 4829 3995 2325 1454 974 569 982 5110 1185 480 3898 1737 549 229 1670 834 373 4881 3629 212 1252 11404 383 1610 884 478 2382 3488 251
is_linear=0
shrinkage=0.03


Tree=125
num_leaves=63
num_cat=0
split_feature=0 8 1 6 8 0 9 11 6 8 1 10 1 1 6 8 8 4 10 8 11 5 7 1 8 11 5 11 8 8 4 10 5 7 0 5 11 0 10 11 9 0 11 9 11 4 7 9 0 5 7 8 0 5 11 6 11 10 4 1 1 8
split_gain=4926.98 3169.87 135.86 115.81 67.2353 64.4731 62.6748 70.6857 59.4449 46.1763 50.5564 36.1718 34.6885 32.6494 28.0784 30.9438 22.9433 19.9344 19.1031 29.847 17.0747 16.6794 16.3328 15.6152 18.6232 15.3552 14.9287 14.6148 18.4284 12.7832 12.7661 12.38 11.8587 11.8081 11.5555 11.5089 10.8091 17.5605 9.86306 10.382 9.81714 14.8655 9.57389 9.55208 14.4014 15.2146 9.22702 8.88216 7.81473 7.81065 7.73983 7.6791 17.1496 10.5205 7.33772 7.14522 6.95677 7.71825 6.91953 12.706 13.054 8.52061
threshold=1.0000000180025095e-35 -1.0000000180025095e-35 2.6050000000000004 0.55160846378518025 -0.60355339059327362 0.025000000000000005 0.91597561503675351 0.6830127018922193 0.9919160630702849 0.78656609248549325 1.0000000180025095e-35 0.68301270189221941 1.0000000180025095e-35 3.3350000000000004 0.9919160630702849 0.37940952255126054 1.0000000180025095e-35 0.48333333333333339 0.25000000000000011 -0.5 1.0000000180025095e-35 0.15000000000000005 1.0123902975718344 0.025000000000000005 0.25881904510252091 -0.24999999999999994 0.083333333333333315 1.0000000180025095e-35 -0.37940952255126059 1.0000000180025095e-35 0.68285714285714294 -0.6830127018922193 0.15000000000000005 0.84830591018193213 1.6250000000000002 1.0000000180025095e-35 0.25000000000000017 1.1450000000000002 0.68301270189221941 1.0000000180025095e-35 -0.12940952255126037 1.4850000000000001 0.93301270189221952 0.1294095225512602 0.93301270189221952 0.17499999999999996 0.9729344180128775 1.0000000180025095e-35 2.9550000000000005 0.083333333333333315 0.81875345989775006 -0.5 0.75500000000000012 0.63333333333333341 1.0000000180025095e-35 0.96010100249940655 -0.24999999999999994 1.0000000180025095e-35 0.58333333333333337 1.1850000000000003 1.7750000000000001 -0.25881904510252113
decision_type=10 2 10 2 2 10 2 2 2 2 10 2 10 10 2 2 2 10 2 2 2 8 10 10 2 2 10 2 2 2 10 2 10 10 10 8 2 10 2 2 2 10 2 2 2 10 10 2 10 10 10 2 10 10 2 2 2 2 10 10 10 2
left_child=1 3 5 4 20 9 43 8 -8 -2 -11 13 16 30 25 18 21 -9 19 22 -1 -3 26 34 46 47 40 28 -6 -13 33 -18 -12 -4 -21 -33 -20 50 -10 -40 41 -16 -27 -5 56 -46 58 -7 54 -39 51 52 53 -38 -31 -35 57 -45 59 -25 -61 -60
right_child=2 12 11 6 27 14 7 17 38 10 32 29 -14 -15 15 -17 31 -19 36 23 -22 -23 -24 24 -26 42 -28 -29 -30 48 -32 35 -34 55 -36 -37 37 49 39 -41 -42 -43 -44 44 45 -47 -48 -49 -50 -51 -52 -53 -54 -55 -56 -57 -58 -59 61 60 -62 -63
leaf_value=-1.2551148573087829e-05 -8.1546096343510475e-07 -1.199672893812061e-05 0.0014139577533801317 0.00012567037707652984 -1.349922070215242e-05 5.579706837539944e-05 -1.1997775866067184e-05 -1.5358934136885924e-05 2.8223308350428786e-05 -1.20098130438118e-05 1.9672308931617766e-05 0.0018236291463033605 -1.2939131114798549e-05 0.0013840401523102491 0.0015998634144425543 -6.2864655383265685e-06 -1.199672893812061e-05 -1.1909209244653751e-05 0.0002658534768900339 0.0012567585994600497 -2.3250326923302824e-05 -1.199672893812061e-05 -0.00047214954408761274 -0.00055463918737253849 -0.00018856401860319782 -4.3775001400692611e-05 -6.2276134753273967e-05 -1.1996211992451232e-05 -1.1997775866067184e-05 -0.00012008214101741466 -0.00044180343553732289 -1.199672893812061e-05 -2.9571229649434403e-05 -0.00042325377218824012 0.0020892917360699472 -1.199672893812061e-05 0.00063672175404797828 0.0014780849912901645 5.3071924095923074e-05 -4.2224328878224568e-05 1.0216739466292688e-05 0.00035211389786492491 -0.00025134649212417025 -5.954766654552748e-06 1.778954411873944e-05 -4.6940429936920858e-05 0.0010262432161052993 -5.6616876663990521e-05 0.0013889302915527557 0.00098165150007074203 -0.00043239876930775521 3.1665637890025411e-05 0.0015260072947737215 -0.00016957231813825413 0.00057956234675545111 0.00043440021466260913 -3.011940518516838e-06 5.6904198824328423e-05 0.0013281678884230336 0.0012531342911123054 0.00027177083353751685 0.00072020455372605644
leaf_weight=309 608 750 143 96 183 2947 208 233 661 391 81 612 104 474 194 4487 2761 219 2159 128 229 1166 251 138 383 2393 2172 154 174 104 139 3134 112 117 82 6408 375 296 117 236 399 196 224 604 157 415 152 323 111 566 168 291 112 117 85 1231 3053 1036 150 172 477 307
leaf_count=309 608 750 143 96 183 2947 208 233 661 391 81 612 104 474 194 4487 2761 219 2159 128 229 1166 251 138 383 2393 2172 154 174 104 139 3134 112 117 82 6408 375 296 117 236 399 196 224 604 157 415 152 323 111 566 168 291 112 117 85 1231 3053 1036 150 172 477 307
internal_value=-0.00793776 -0.0180404 0.00154726 -0.00302041 -0.0123143 0.000686265 -0.00163303 -0.00669851 -0.00294358 -0.0060855 -0.0121026 0.00749751 -0.026517 0.00533017 0.00109715 0.00183838 -0.0266435 -0.0168212 0.00282684 0.00162053 -0.00489796 -0.0235368 -0.000168067 0.00450754 0.00358989 -0.000636889 0.000455773 -0.0200977 -0.016676 0.0124863 0.00331085 -0.0271253 0.000463918 0.00412198 0.0122275 -0.0276517 0.0043623 0.00599688 5.91133e-05 -0.00398305 0.00398734 0.00736573 -0.00234912 -5.03543e-05 -0.00022218 -0.00471204 0.00519685 0.000733721 0.00737542 0.00917729 0.00341165 0.00452009 0.00644628 0.00401623 0.00363158 0.00324685 0.000325948 0.00190128 0.00433735 0.0026269 0.00438462 0.00727074
internal_weight=46274 22407 23867 8084 1049 20851 7035 1674 1222 1192 584 3016 14323 2104 19659 13772 14219 452 9285 5201 538 1916 3212 1989 1779 5887 2961 511 357 912 1630 12303 193 1491 210 9542 4084 1925 1014 353 789 390 2617 5361 5265 572 1396 3270 300 862 1063 895 604 492 189 1348 4693 1640 1244 787 649 457
internal_count=46274 22407 23867 8084 1049 20851 7035 1674 1222 1192 584 3016 14323 2104 19659 13772 14219 452 9285 5201 538 1916 3212 1989 1779 5887 2961 511 357 912 1630 12303 193 1491 210 9542 4084 1925 1014 353 789 390 2617 5361 5265 572 1396 3270 300 862 1063 895 604 492 189 1348 4693 1640 1244 787 649 457
is_linear=0
shrinkage=0.03


Tree=126
num_leaves=63
num_cat=0
split_feature=9 8 8 11 8 6 8 3 11 10 11 10 6 8 8 7 11 4 8 5 10 2 8 8 2 4 2 2 8 11 5 8 3 7 10 11 4 2 10 10 7 8 5 7 4 3 5 2 7 7 8 2 10 10 11 6 4 2 11 5 11 2
split_gain=3446.2 3525.2 543.576 243.444 131.337 131.664 87.6932 82.9128 65.3441 75.0571 63.0513 51.1547 45.7423 34.0006 32.7834 25.9553 23.9561 21.9077 21.2412 20.0005 18.331 18.5194 16.0316 32.6895 17.2036 15.1388 14.3639 13.1429 12.6377 12.3026 19.4411 13.2791 10.8967 21.9715 10.7544 10.3607 11.2384 10.2055 10.171 9.8795 9.86027 9.79478 11.3868 10.8811 9.3924 13.9375 12.3273 9.28409 9.26654 14.3352 9.22309 9.03244 11.4747 9.22656 8.8573 20.5621 12.8098 10.0017 12.154 11.187 14.1108 9.3346
threshold=1.0000000180025095e-35 -1.0000000180025095e-35 0.91597561503675362 1.0000000180025095e-35 -0.37940952255126059 0.9919160630702849 0.37940952255126054 0.62500000000000011 0.25000000000000017 -0.24999999999999994 0.6830127018922193 1.0000000180025095e-35 0.40469693966315429 0.78656609248549325 -0.5 0.91675550817341867 1.0000000180025095e-35 0.37222222222222229 0.12940952255126045 0.15000000000000005 0.25000000000000011 0.75000000000000011 -0.5 1.0000000180025095e-35 1.0000000180025095e-35 0.37222222222222229 0.15000000000000005 0.55000000000000016 -0.70710678118654735 0.25000000000000017 0.71666666666666667 -0.5 0.95000000000000007 0.088025157232704418 0.68301270189221941 1.0000000180025095e-35 0.68285714285714294 0.55000000000000016 0.68301270189221941 -0.6830127018922193 0.72666367926354991 -0.98296291314453399 0.45000000000000007 0.64188317670904749 0.2166666666666667 0.95000000000000007 0.95000000000000007 0.75000000000000011 0.98818824404761918 0.93688952110004753 -0.78656609248549303 1.0000000180025095e-35 -0.5 1.0000000180025095e-35 0.6830127018922193 0.9919160630702849 0.37222222222222229 1.0000000180025095e-35 -0.5 1.0000000180025095e-35 -0.68301270189221952 0.15000000000000005
decision_type=2 2 2 2 2 2 2 8 2 2 2 2 2 2 2 10 2 10 2 8 2 10 2 2 10 10 10 8 2 2 8 2 8 10 2 2 10 10 2 2 10 2 10 10 10 10 10 10 10 10 2 8 2 2 2 2 10 10 2 10 2 8
left_child=2 4 6 32 12 47 7 11 44 -10 38 14 16 -11 15 41 -2 -15 19 -3 29 -22 24 25 34 -24 -17 -20 -23 30 -9 -31 -4 -34 -13 40 -37 -12 -7 -29 -30 -1 43 -43 51 -46 -47 -6 49 -16 -18 -8 -53 -54 57 -56 61 58 -14 60 -59 -57
right_child=1 18 3 -5 5 10 8 20 9 13 37 22 54 17 48 26 50 -19 27 -21 21 28 23 -25 -26 -27 -28 39 35 31 -32 -33 33 -35 -36 36 -38 -39 -40 -41 -42 42 -44 -45 45 46 -48 -49 -50 -51 -52 52 53 -55 55 56 -58 59 -60 -61 -62 -63
leaf_value=-5.9662323008935929e-05 -1.3094244081087848e-05 -1.1636827069976992e-05 -1.5205943008902679e-05 -1.1636827069976992e-05 -1.3798195999138822e-05 2.2272426019784289e-05 7.2034086932885039e-05 0.00021006811498870041 5.8318554547388159e-05 -0.00014174944315852758 -1.4898166112779346e-05 -0.00016929804681374393 -6.1793062966381969e-05 -1.6139309151724188e-05 0.00075421495926672564 6.3577495855977878e-05 -2.9668318743596792e-05 -1.1533661418960262e-05 -1.1636827069976992e-05 -1.1636827069976992e-05 0.00071144016199653265 -4.3023262511493288e-05 0.0017641812795817478 0.00058974008348412147 0.00078806296578310233 0.00094726431193169864 -0.00058887175732044586 -1.1636827069976992e-05 0.00027947780345155825 -0.00018920996415678753 -0.00010501854637569998 2.441742989510699e-05 -2.8594000363965312e-05 4.8880048511686489e-05 0.00088983550419638848 -0.00019527291551694475 0.0001491841730740409 -1.1551932967314138e-05 -3.9225251125245928e-05 -1.1636827069976992e-05 0.0019252599388144991 0.0011526347235889169 -0.00038145771475736574 0.00046301282340611093 0.0003152002607283988 -2.4256182082356581e-05 0.0002600626528617469 -1.1636325632677696e-05 0.00090140890335600569 -8.1375925625737922e-05 -1.4997279173993676e-05 7.5174769641542238e-05 -0.00049372760749072538 -7.0932181679933255e-05 -2.6911027838174207e-05 -2.7926241867205595e-06 -3.3413630090867191e-05 0.00013086503238990868 5.7850603575051831e-06 4.5292760474483981e-06 1.6180346946230969e-05 3.6101160961092699e-05
leaf_weight=337 628 771 678 936 220 652 549 1891 874 960 156 293 406 183 896 236 124 297 4584 1177 763 976 704 961 1118 233 392 1285 557 763 1383 729 220 86 401 337 660 211 353 5632 120 207 93 420 853 673 188 315 448 360 135 473 151 604 264 399 763 403 698 2624 882 341
leaf_count=337 628 771 678 936 220 652 549 1891 874 960 156 293 406 183 896 236 124 297 4584 1177 763 976 704 961 1118 233 392 1285 557 763 1383 729 220 86 401 337 660 211 353 5632 120 207 93 420 853 673 188 315 448 360 135 473 151 604 264 399 763 403 698 2624 882 341
internal_value=-0.00805223 -0.0162574 0.000160407 -0.0151171 -0.0023436 -0.00938679 0.00155236 0.00274494 -0.00158629 -0.0054946 -0.00445739 0.0051169 -0.000590767 -0.0097016 0.00245133 -0.000516014 -0.00699324 -0.0162162 -0.0261613 -0.0232119 0.000685819 0.0023638 0.00755053 0.00947867 0.00552675 0.0134648 -0.00534181 -0.0266588 0.00117691 -0.000516048 0.000512977 -0.00277294 -0.00469036 -0.00938111 0.00181295 0.00275821 0.000811623 -0.0150815 -0.0005666 -0.0275065 0.00561947 0.0023535 0.00432732 0.00578025 0.00100515 0.00258892 -0.000104408 -0.0219963 0.00538416 0.00405728 -0.0146538 -0.00052306 -0.00195281 -0.00424603 0.000247751 -0.00157805 -0.000219415 0.000891504 -0.00162896 0.00160358 0.0038958 0.00259109
internal_weight=46026 23023 23003 1920 9574 1907 21083 15278 5805 2314 1372 7099 7667 1440 3389 1685 887 480 13449 1948 8179 3413 3710 1898 1812 937 628 11501 2650 4766 3274 1492 984 306 694 1674 997 367 1005 6917 677 1057 720 627 3491 1714 861 535 1704 1256 259 1777 1228 755 6780 1767 1503 5013 1104 3909 1285 740
internal_count=46026 23023 23003 1920 9574 1907 21083 15278 5805 2314 1372 7099 7667 1440 3389 1685 887 480 13449 1948 8179 3413 3710 1898 1812 937 628 11501 2650 4766 3274 1492 984 306 694 1674 997 367 1005 6917 677 1057 720 627 3491 1714 861 535 1704 1256 259 1777 1228 755 6780 1767 1503 5013 1104 3909 1285 740
is_linear=0
shrinkage=0.03


Tree=127
num_leaves=63
num_cat=0
split_feature=0 8 0 9 6 0 11 6 10 8 1 0 8 11 3 8 6 9 1 11 10 2 9 11 6 11 2 10 6 2 10 2 1 8 2 7 7 7 2 3 7 10 0 7 10 8 3 8 10 10 10 0 2 3 11 7 1 10 0 2 10 0
split_gain=4694.38 3165.34 148.855 132.65 123.667 57.5147 53.0213 46.7869 41.596 36.2968 56.869 30.1635 27.287 20.0759 17.8302 18.1941 22.6654 17.8269 16.5509 15.9657 15.9435 15.0168 14.9147 14.9953 15.6473 14.2526 15.8183 13.7486 13.2305 12.9485 14.0124 11.3131 10.9295 10.6718 10.6715 12.5672 10.6425 11.797 10.4762 10.3998 16.3639 10.3597 15.752 10.1368 9.97977 16.9419 9.7148 9.66153 14.5241 11.3717 9.50796 9.38389 9.24288 8.90553 16.9727 10.7727 8.52291 8.58419 8.05855 7.82311 7.74553 7.92035
threshold=1.0000000180025095e-35 -1.0000000180025095e-35 2.1350000000000002 0.91597561503675351 0.9919160630702849 0.025000000000000005 0.6830127018922193 0.38229330116778887 -0.24999999999999994 0.78656609248549325 1.0000000180025095e-35 2.9550000000000005 0.12940952255126045 1.0000000180025095e-35 0.95000000000000007 0.37940952255126054 0.97587888928342192 -0.12940952255126037 0.065000000000000016 0.25000000000000017 -0.6830127018922193 0.55000000000000016 0.1294095225512602 1.0000000180025095e-35 0.72773610537564315 0.25000000000000017 0.15000000000000005 0.68301270189221941 0.50021524203698764 1.0000000180025095e-35 0.68301270189221941 0.75000000000000011 1.0000000180025095e-35 -0.60355339059327362 0.25000000000000006 0.63028946988809553 0.63028946988809553 0.90394590506695149 0.55000000000000016 0.35000000000000003 0.70646166682181299 0.93301270189221952 3.3050000000000002 1.4989711938271608 -0.24999999999999994 -0.91597561503675329 0.75000000000000011 -0.78656609248549303 0.68301270189221941 0.25000000000000011 1.0000000180025095e-35 2.6250000000000004 0.55000000000000016 0.62500000000000011 1.0000000180025095e-35 0.36208711433756807 0.86166666650000012 0.68301270189221941 1.4450000000000001 0.55000000000000016 1.0000000180025095e-35 0.38500000000000006
decision_type=10 2 10 2 2 10 2 2 2 2 10 10 2 2 10 2 2 2 10 2 2 10 2 2 2 2 10 2 2 10 2 8 10 2 10 10 10 10 8 10 10 2 10 10 2 2 8 2 2 2 2 10 10 10 2 10 10 2 10 10 2 10
left_child=1 3 5 7 52 9 31 13 25 -2 -11 19 46 33 15 16 36 18 -18 -10 -14 -8 -9 29 -25 51 -27 34 -17 30 -24 -6 38 -1 60 -36 56 -38 -22 40 58 42 -13 53 45 -26 -3 48 -31 -49 -42 -4 -5 -30 55 -55 57 -7 -20 -37 61 -19
right_child=2 12 8 4 6 14 21 22 11 10 -12 41 20 -15 -16 28 17 27 39 -21 32 -23 23 24 44 26 -28 -29 43 47 -32 -33 -34 -35 35 59 37 -39 -40 -41 50 -43 -44 -45 -46 -47 -48 49 -50 -51 -52 -53 -54 54 -56 -57 -58 -59 -60 -61 -62 -63
leaf_value=-8.9409839550506813e-06 -1.1953868955792006e-05 -1.1287722257877684e-05 -0.00024873833162788572 -1.3362482482913985e-05 1.2619428977828309e-05 -6.6035112590165016e-05 -1.4451221129395966e-05 0.00012563335007171982 0.00051201389606704898 -1.1254069123450954e-05 6.925483123902732e-06 0.0007969045820966869 -1.1287722257877684e-05 -1.4130758567463547e-05 -2.5633792707822967e-05 0.00037222201311884034 0.00090003707358384823 -9.5841976750726652e-05 0.0014383732588574838 0.0016660718907405652 -1.1287722257877684e-05 -1.1205374978294714e-05 -4.8806935437580959e-05 -2.3789118061561777e-05 -2.6201229597078277e-05 0.0014610601846057347 0.00041688793227011463 0.00038010873915612242 -4.7577818921945808e-05 8.2452397888755217e-05 0.00011304866319943377 -2.4020683661829355e-05 -2.3415939094193947e-05 -1.2650128098653012e-05 -8.0139790942911074e-05 0.00097655702943141756 -0.00052901580016231681 3.4399271507694061e-05 -1.1287722257877684e-05 0.00025643676495241437 8.1868599791616868e-05 0.0023870494004842534 0.001890695248944454 0.0002147258673604846 -1.4923885196986702e-05 2.8813265141138676e-05 -1.1287722257877684e-05 4.0359932905693029e-07 -6.7207362632674437e-06 0.00011358478545958155 0.00071685602687805662 0.00035463671017047334 -1.1287235863697365e-05 0.00020459554688116361 -6.540664252796782e-05 -2.5877625435854514e-05 0.00072503564223089006 0.00040685747189159708 0.00021687494094975722 1.6054229050648239e-05 -4.0237622017567676e-05 -0.00041931429373423285
leaf_weight=237 603 1047 619 127 660 437 168 84 1426 386 202 547 2780 246 5297 149 395 198 305 270 3392 210 268 147 247 207 291 528 2506 230 129 347 86 150 546 160 259 159 6168 2896 735 120 317 139 2111 792 886 880 98 427 606 926 403 574 629 374 155 141 101 153 256 125
leaf_count=237 603 1047 619 127 660 437 168 84 1426 386 202 547 2780 246 5297 149 395 198 305 270 3392 210 268 147 247 207 291 528 2506 230 129 347 86 150 546 160 259 159 6168 2896 735 120 317 139 2111 792 886 880 98 427 606 926 403 574 629 374 155 141 101 153 256 125
internal_value=-0.00814126 -0.018018 0.00114626 -0.00284476 -0.00972338 -3.78648e-05 -0.005 -0.000664792 0.00591236 -0.00641779 -0.0117148 0.00837001 -0.0264297 -0.00837539 0.000388802 0.00100583 0.00184282 0.00248394 0.00342925 0.00593989 -0.026951 -0.0145646 0.000238271 3.93996e-05 -0.00120982 0.00268591 0.00709419 6.10066e-05 -0.00055581 0.00206591 -0.00278894 -0.00139881 -0.0275402 -0.00409794 -0.00145935 0.000662791 -0.00205729 -0.00587112 -0.0276373 0.00292636 0.004754 0.0125482 0.0113757 -0.000866682 -0.000761663 0.00164423 -0.0230662 0.00324572 0.00784195 0.00208716 0.00315201 0.00126132 -0.0220339 -0.00113859 0.000627376 0.00316122 0.000122616 -0.0015544 0.0100246 0.00544586 -0.00460345 -0.00768519
internal_weight=46057 22320 23737 7961 1915 19014 1385 6046 4723 1191 588 2680 14359 633 17823 12526 8155 7004 5038 1696 12426 378 5413 5329 3297 2043 498 1966 4371 2032 397 1007 9646 387 1438 859 1151 418 9560 4643 1747 984 864 4222 3150 1039 1933 1635 328 1307 1341 1545 530 4083 1577 948 733 578 406 313 579 323
internal_count=46057 22320 23737 7961 1915 19014 1385 6046 4723 1191 588 2680 14359 633 17823 12526 8155 7004 5038 1696 12426 378 5413 5329 3297 2043 498 1966 4371 2032 397 1007 9646 387 1438 859 1151 418 9560 4643 1747 984 864 4222 3150 1039 1933 1635 328 1307 1341 1545 530 4083 1577 948 733 578 406 313 579 323
is_linear=0
shrinkage=0.03


Tree=128
num_leaves=63
num_cat=0
split_feature=0 8 1 9 6 11 0 8 1 10 6 11 8 0 7 11 0 5 1 10 2 10 6 8 10 2 2 7 2 7 8 5 10 10 6 10 5 2 8 7 10 11 2 9 5 7 0 1 0 1 11 8 7 7 9 8 8 7 0 11 0 0
split_gain=4706.55 3219.23 139.658 133 133.201 64.9832 61.545 40.9548 55.9183 34.3682 31.8008 28.0305 27.3537 22.381 38.1528 28.0977 20.8542 20.0173 16.6654 16.4996 16.0776 12.8389 12.6029 13.1397 14.5563 16.0241 20.1801 12.3458 11.9099 11.0718 10.2139 9.9818 9.8794 17.9061 9.69613 10.7743 9.91397 17.2246 9.17423 8.92347 8.51992 8.33612 8.19896 7.6775 9.22132 11.6569 10.9467 7.80149 11.1113 11.0763 7.40349 7.37667 7.36696 7.15808 7.3571 6.91995 8.98254 10.0947 6.96366 6.83525 6.78761 7.13659
threshold=1.0000000180025095e-35 -1.0000000180025095e-35 2.6150000000000007 0.91597561503675351 0.9919160630702849 0.6830127018922193 0.025000000000000005 0.78656609248549325 1.0000000180025095e-35 0.25000000000000011 0.55160846378518025 1.0000000180025095e-35 0.12940952255126045 2.0150000000000001 0.031915038094332708 1.0000000180025095e-35 3.3350000000000004 0.15000000000000005 1.0000000180025095e-35 -0.6830127018922193 0.55000000000000016 0.68301270189221941 0.9919160630702849 0.37940952255126054 0.25000000000000011 0.75000000000000011 1.0000000180025095e-35 0.99095200782781923 0.55000000000000016 1.0070054473180547 -0.60355339059327362 1.0000000180025095e-35 1.0000000180025095e-35 -0.5 0.94457821059868363 0.68301270189221941 0.95000000000000007 0.95000000000000007 -0.78656609248549303 1.0397276334776338 0.25000000000000011 0.6830127018922193 0.75000000000000011 -0.12940952255126037 0.083333333333333315 0.012233807188218654 0.78500000000000014 0.17500000000000002 0.35500000000000004 0.44166666650000003 0.93301270189221952 0.25881904510252091 0.98383733798154338 0.98251726878171042 -0.60355339059327384 1.0000000180025095e-35 -0.5 0.99095200782781923 3.0850000000000004 -0.5 0.68500000000000016 0.49500000000000005
decision_type=10 2 10 2 2 2 10 2 10 2 2 2 2 10 10 2 10 8 10 2 10 2 2 2 2 10 10 10 10 10 2 8 2 2 2 2 10 8 2 10 2 2 10 2 10 10 10 10 10 10 2 2 10 10 2 2 2 10 10 2 10 10
left_child=1 3 6 10 28 21 7 -2 -9 16 11 30 17 22 -15 -16 52 -3 19 -14 -7 32 34 24 27 26 59 43 -5 51 -1 -21 33 -6 36 -36 50 -38 -13 55 -10 -12 -23 44 46 -46 -24 -45 -49 -50 53 -17 -4 54 -8 56 57 -11 -57 -26 61 -27
right_child=2 12 9 4 5 20 13 8 40 39 41 38 18 14 15 29 -18 -19 -20 31 -22 42 23 -25 25 60 -28 -29 -30 -31 -32 -33 -34 -35 35 -37 37 -39 -40 -41 -42 -43 -44 47 45 -47 -48 48 49 -51 -52 -53 -54 -55 -56 58 -58 -59 -60 -61 -62 -63
leaf_value=8.0742851598427241e-06 -3.9563216701206732e-06 -1.0949090590141352e-05 0.00017463643921146298 -1.3006686547742179e-05 3.2274401803737942e-05 -1.4017684495514087e-05 3.0585494436923891e-05 -1.0916447049747425e-05 -1.5109588033319266e-05 0.0012463050172212265 9.6413777383879013e-06 -2.5265339756047138e-05 -1.0949090590141352e-05 0.0024176146722841552 -2.9521208108163055e-06 0.00072882665230392552 0.0017139784951280546 -1.0949090590141352e-05 -1.7354460655498427e-05 -1.0949090590141352e-05 -1.0869213728945873e-05 -6.1649072063834235e-05 0.0015095320155132507 -1.1326857310926339e-05 -0.00025492049135683511 2.9664434021866406e-05 0.00066491065816039229 -0.0003692287766852886 -1.0948618787786445e-05 0.001331425610476417 -1.2270624255693422e-05 -1.0949090590141352e-05 7.1726534393655423e-05 -5.2482402666145954e-05 -0.00013803284384597873 2.914079707109718e-05 0.00057113708854842683 -5.8936005312788227e-05 -1.2886280133543534e-05 0.0019699442770224804 3.588159889681573e-05 -9.1644617509689841e-06 -3.7327873081633666e-05 -8.3614133888453983e-05 0.0012830862117223869 6.2066840423672385e-05 0.00041021569673141411 0.0005687736980915227 -0.00052754520334810195 5.3080611559651187e-05 -0.00026716412881952711 -0.00031041774026629689 0.00058875567156974062 0.00041216404176734758 -3.3128388616329246e-05 0.00036299913233522662 0.0016081819017839999 -2.7336652291823915e-05 0.0012458694513394208 0.00034959656315837419 0.00034595912548272931 -0.00045730422868808297
leaf_weight=304 605 740 805 123 316 177 2345 402 99 145 3506 145 2773 97 1452 757 167 1167 90 3164 217 232 84 4155 142 568 1146 379 417 162 162 6456 239 110 608 191 119 142 150 86 91 1804 134 517 138 2033 356 161 90 286 127 110 525 90 1856 315 652 102 153 460 812 193
leaf_count=304 605 740 805 123 316 177 2345 402 99 145 3506 145 2773 97 1452 757 167 1167 90 3164 217 232 84 4155 142 568 1146 379 417 162 162 6456 239 110 608 191 119 142 150 86 91 1804 134 517 138 2033 356 161 90 286 127 110 525 90 1856 315 652 102 153 460 812 193
internal_value=-0.00808212 -0.0179355 0.00123293 -0.0027249 -0.00950661 -0.00469144 0.000365361 -0.00623539 -0.0118381 0.00733988 -0.000528656 -0.00625984 -0.026429 0.00076927 0.0033734 0.00264706 0.00414553 -0.0230346 -0.0269457 -0.0270397 -0.015038 -0.000726744 0.00037414 0.000937419 0.00169834 0.00316978 0.0051458 0.000489493 -0.0221811 0.00643689 -0.00167024 -0.0276395 0.00175676 -0.000983607 -0.000810367 -0.0038625 -0.000288462 0.00538168 -0.0134797 0.0106259 0.00157068 0.00029373 -0.00523161 0.00102291 0.0018951 0.00109116 0.00585034 -0.00113744 0.00139405 -0.00143236 -0.000624576 0.00508065 0.00288505 -0.000412395 -0.000592575 0.0100219 0.0115667 0.00665323 0.00703625 0.000696517 0.000972046 -0.00106299
internal_weight=46149 22426 23723 8036 1965 1425 20773 1197 592 2950 6071 761 14390 19576 2578 2481 1497 1907 12483 12393 394 1031 16998 11520 7365 3321 1748 4044 540 1029 466 9620 665 426 5478 799 4679 261 295 1453 190 5310 366 3665 2611 2171 440 1054 537 376 4418 867 1330 4291 4201 1367 899 247 468 602 1573 761
internal_count=46149 22426 23723 8036 1965 1425 20773 1197 592 2950 6071 761 14390 19576 2578 2481 1497 1907 12483 12393 394 1031 16998 11520 7365 3321 1748 4044 540 1029 466 9620 665 426 5478 799 4679 261 295 1453 190 5310 366 3665 2611 2171 440 1054 537 376 4418 867 1330 4291 4201 1367 899 247 468 602 1573 761
is_linear=0
shrinkage=0.03


Tree=129
num_leaves=63
num_cat=0
split_feature=0 8 1 9 6 0 10 6 8 1 1 4 0 8 5 8 6 10 8 3 7 9 10 0 4 4 9 0 7 7 7 8 3 7 5 1 8 1 1 10 3 1 10 7 3 1 3 5 10 7 8 10 4 3 6 9 6 10 1 10 0 7
split_gain=4659.42 3283.86 124.06 114.906 123.791 59.6531 51.4599 36.6632 36.6074 69.1198 34.6005 22.6124 22.3498 22.0343 20.232 20.2114 16.9017 16.1954 14.6105 14.4417 14.7419 20.6939 21.0996 13.8594 12.3354 12.1494 12.5832 11.9858 11.4953 11.4062 11.2431 10.3902 10.0813 11.9139 9.30261 9.15693 9.05977 8.97887 29.1845 8.87269 8.68166 8.42768 8.06356 8.00511 8.67686 12.1681 7.85791 7.56487 7.77672 7.49708 9.00595 7.47315 9.36077 7.56666 13.274 8.44596 7.45371 7.35474 7.00043 6.91595 8.52644 9.19388
threshold=1.0000000180025095e-35 -1.0000000180025095e-35 2.1350000000000002 0.91597561503675351 0.9919160630702849 0.025000000000000005 0.25000000000000011 0.56988722470830055 0.60355339059327384 1.0000000180025095e-35 1.0000000180025095e-35 0.51666666666666683 3.3350000000000004 1.0000000180025095e-35 0.15000000000000005 -0.60355339059327362 0.9919160630702849 -0.6830127018922193 0.37940952255126054 0.75000000000000011 0.93935989104528439 -0.12940952255126037 1.0000000180025095e-35 2.7450000000000006 0.17499999999999996 1.0000000180025095e-35 0.78656609248549303 0.48500000000000004 0.75218385073039962 0.58437646690658751 0.98383733798154338 -0.5 0.083333333333333315 0.68218975532476689 1.0000000180025095e-35 0.7350000000000001 -0.70710678118654735 1.0000000180025095e-35 0.23500000000000001 -0.24999999999999994 0.62500000000000011 0.85500000000000009 -0.5 1.4989711938271608 0.62500000000000011 0.68500000000000016 0.25000000000000006 0.15000000000000005 -0.6830127018922193 1.0214926040880241 0.25881904510252091 -0.93301270189221908 0.37222222222222229 0.95000000000000007 0.88495649876721172 -0.78656609248549325 0.69300588406246244 0.68301270189221941 1.0000000180025095e-35 0.68301270189221941 3.1650000000000005 0.98818824404761918
decision_type=10 2 10 2 2 10 2 2 2 10 10 8 10 2 8 2 2 2 2 10 10 2 2 10 10 8 2 10 10 10 10 2 10 10 8 10 2 10 10 2 10 10 2 10 10 10 10 10 2 10 2 2 10 10 2 2 2 2 10 2 10 10
left_child=1 3 5 7 40 8 12 15 -2 -10 13 46 28 14 -3 57 24 -15 19 20 21 32 -23 49 39 -9 -27 35 -4 51 42 -22 -18 -34 -19 -26 -32 -24 -39 -7 -5 -35 -30 44 -20 -46 -6 -48 -49 50 -8 -29 -53 -54 56 -56 -55 -1 -21 60 -25 -62
right_child=2 10 6 4 11 16 23 25 9 -11 -12 -13 -14 17 -16 -17 18 34 43 58 31 22 37 59 27 26 -28 29 30 -31 36 -33 33 41 -36 -37 -38 38 -40 -41 -42 -43 -44 -45 45 -47 47 48 -50 -51 -52 52 53 54 55 -57 -58 -59 -60 -61 61 -63
leaf_value=-1.0441252640253321e-05 -1.1102974219413738e-05 -1.0620617872437111e-05 0.0011478744794704947 -1.1460285764923923e-05 -1.3726462209234359e-05 -8.7537139209889485e-06 0.00095955513270325199 1.925736995402478e-05 -1.0722379256905306e-05 1.5469654146315319e-05 -1.4529796348020885e-05 -1.0543137317077497e-05 0.0012996150452627463 -1.0620617872437111e-05 -1.0620617872437111e-05 -1.195379418802482e-05 0.0011715965143928918 -1.0620617872437111e-05 -3.9281070532514046e-05 0.00029510977510705552 -0.00010881932763253111 -0.00011915432220947559 0.00038326640126522135 0.00025825088488901191 -5.2579489925904105e-05 3.9547118609398193e-06 -3.007826920894886e-05 -0.00037509683200823997 0.00023582120160450969 -0.00053367870065896118 -0.00045642019627202459 0.00048976706931407315 0.0007610460377516637 -0.0006577834071732232 -1.0620617872437111e-05 0.00032219196170793111 0.00048508812335073647 -0.00029457162836227306 0.00037749969193318506 0.00020708292237683722 -1.0609294539348528e-05 0.00033132213861935655 -0.00029071552482706487 0.00040875325579805839 6.9832634253532742e-05 -0.00026438207220033704 5.2504594747755531e-05 4.7339041874429273e-05 -1.7429804381588883e-05 0.0010855278414796954 4.1058119502797583e-05 -0.00011933587781542138 0.0005656362253954741 0.00023719298501920685 -6.7838928907748562e-06 -0.00083570985582907787 0.00068585125793841012 -2.8195519599089951e-05 -5.4583849707767745e-06 0.0015302996060014029 0.0019140765905154755 0.00068497648922951563
leaf_weight=400 569 748 169 140 426 519 780 1871 396 188 90 440 184 2757 1143 257 491 3148 2377 268 859 535 300 188 2527 2357 1019 128 932 350 96 213 1161 80 6377 146 659 85 270 439 376 821 570 124 1419 283 235 89 218 168 240 290 366 505 129 80 125 153 2753 639 103 126
leaf_count=400 569 748 169 140 426 519 780 1871 396 188 90 440 184 2757 1143 257 491 3148 2377 268 859 535 300 188 2527 2357 1019 128 932 350 96 213 1161 80 6377 146 659 85 270 439 376 821 570 124 1419 283 235 89 218 168 240 290 366 505 129 80 125 153 2753 639 103 126
internal_value=-0.00808323 -0.0179393 0.00118726 -0.00252944 -0.00891429 8.2992e-05 0.00546241 -0.000500165 -0.00652513 -0.0117949 -0.0265613 -0.00430092 0.00259671 -0.0266791 -0.0236099 -0.0064365 0.000515189 -0.0271497 0.00114867 0.001914 0.00293397 0.00382212 0.000554156 0.00879287 -0.000845674 0.000417302 -0.000657388 -0.00148483 0.00182942 0.000288754 0.00126218 -0.000167754 0.00534456 0.00442075 -0.0277483 -0.00279357 0.00424603 0.00416159 0.000926966 0.00225235 -0.02147 0.00182927 -0.000239521 -0.000278306 -0.000507353 0.00112742 -0.00173375 0.000662983 -0.00243506 0.00656013 0.00558276 0.00134852 0.00194519 0.00310945 0.00153571 -0.005 0.0037084 -0.00319495 0.000287889 0.0112961 0.00825359 0.0121304
internal_weight=45894 22244 23650 7981 1924 18796 4854 6057 1153 584 14263 1408 2610 14173 1891 810 17643 12282 12039 7836 4815 3743 1190 2244 5604 5247 3376 4646 2426 1973 2257 1072 2553 2062 9525 2673 755 655 355 958 516 901 1502 4203 4079 1702 968 542 307 1188 1020 1623 1495 1205 839 209 630 553 3021 1056 417 229
internal_count=45894 22244 23650 7981 1924 18796 4854 6057 1153 584 14263 1408 2610 14173 1891 810 17643 12282 12039 7836 4815 3743 1190 2244 5604 5247 3376 4646 2426 1973 2257 1072 2553 2062 9525 2673 755 655 355 958 516 901 1502 4203 4079 1702 968 542 307 1188 1020 1623 1495 1205 839 209 630 553 3021 1056 417 229
is_linear=0
shrinkage=0.03


Tree=130
num_leaves=63
num_cat=0
split_feature=0 8 9 6 1 11 8 0 1 6 8 0 11 6 5 1 9 11 8 5 4 11 8 4 0 1 0 6 5 1 11 1 0 9 0 0 4 8 7 7 1 7 6 8 6 6 8 7 3 11 4 8 11 4 7 4 3 11 7 0 7 9
split_gain=4737.32 3163.63 123.192 122.314 106.922 62.5407 48.2934 44.4308 56.3554 31.6285 27.9273 24.7423 28.4025 20.0882 18.0904 16.1081 15.7487 17.3016 15.8889 14.2908 14.1592 13.7366 12.9367 12.9125 11.5725 15.4685 10.7012 10.1857 9.9884 16.7463 21.9037 17.2818 11.8461 13.0795 9.78136 9.8381 9.51241 9.46245 10.3908 9.03208 12.6944 11.1902 8.9575 15.4454 13.2391 13.623 8.91721 8.78309 11.888 7.81655 8.9237 11.8522 7.80973 7.74544 7.25249 7.11103 9.45186 12.5109 13.4772 11.5722 13.3952 9.22764
threshold=1.0000000180025095e-35 -1.0000000180025095e-35 0.91597561503675351 0.9919160630702849 2.6150000000000007 0.6830127018922193 0.78656609248549325 0.042500000000000003 1.0000000180025095e-35 0.40469693966315429 0.12940952255126045 3.3050000000000002 -0.5 0.9919160630702849 0.15000000000000005 1.0000000180025095e-35 -0.9159756150367534 0.25000000000000017 0.25881904510252091 0.083333333333333315 0.58333333333333337 0.25000000000000017 -0.60355339059327362 0.083333333333333315 1.6050000000000002 0.095000000000000015 0.025000000000000005 0.46106475055297069 0.083333333333333315 0.16500000000000004 -0.5 1.0000000180025095e-35 0.37500000000000006 0.1294095225512602 1.8250000000000004 0.075000000000000025 0.31666666666666671 0.25881904510252091 0.36208711433756807 0.22041716025131583 0.33500000000000008 0.16101970060644014 0.20078576419566965 0.37940952255126054 0.24817607891553481 0.34947725814255531 -0.98296291314453399 0.99579330756888362 0.62500000000000011 0.93301270189221952 0.17499999999999996 -0.91597561503675329 0.25000000000000017 0.68285714285714294 0.91205306799336661 0.41666666666666669 0.95000000000000007 1.0000000180025095e-35 0.95377492877492898 0.88500000000000012 0.41911919983105844 0.1294095225512602
decision_type=10 2 2 2 10 2 2 10 10 2 2 10 2 2 8 10 2 2 2 10 10 2 2 10 10 10 10 2 10 10 2 10 10 2 10 10 8 2 10 10 10 10 2 2 2 2 2 10 10 2 10 2 2 10 10 10 10 2 10 10 10 2
left_child=1 2 9 52 6 -5 13 8 26 22 14 12 -6 21 -3 36 17 18 -15 -10 -7 27 -1 54 -19 -26 -8 42 29 31 32 34 -31 -34 35 -18 -12 38 46 41 -41 -29 -2 44 -44 -46 -23 48 -25 -11 -51 -52 -4 -20 -14 -30 57 61 59 60 -59 -57
right_child=4 10 3 5 11 20 7 -9 19 49 15 -13 23 16 -16 -17 28 24 53 -21 -22 37 -24 47 25 -27 -28 39 55 30 -32 -33 33 -35 -36 -37 -38 -39 -40 40 -42 -43 43 -45 45 -47 -48 -49 -50 50 51 -53 -54 -55 -56 56 -58 58 -60 -61 -62 -63
leaf_value=-1.7702903852525327e-05 6.7712340874586524e-06 -1.0301999336263999e-05 -1.0301881387972395e-05 -1.5050659762841724e-05 0.00024611958109675588 -1.3970616701132517e-05 -1.0267282260547844e-05 -1.2742703618628982e-05 2.428030714570136e-05 2.4748579343007986e-06 -1.0301999336263999e-05 0.0016140439325805754 0.00052630924022951551 0.00046179089172432406 -1.0301999336263999e-05 -1.6214031744614259e-05 9.3476890063595158e-05 0.00038215638063105823 -0.00057427111831795277 -1.4373617136020714e-05 -1.0226843197565173e-05 -8.9617933660165382e-05 -1.0563812842832714e-05 -0.00031950622125448137 0.0020887749186409422 0.00065890608391499519 -3.8269395953104643e-05 7.8351817659260336e-05 -2.5881986101645941e-05 0.00057732333105505709 0.00059844916913507512 -0.000165137531775537 4.6403208134738749e-05 -0.00046679149874691902 0.00079784975354597052 -7.3303459778510931e-05 -1.0301999336263999e-05 -0.00012610798016449146 -0.00052700065333416706 -0.00015155167822082947 0.00011047686789167731 0.0005081607165988353 -0.00031887771375022973 0.00029353804525053138 9.894772713820845e-05 -0.00035594273701154081 6.2193358719431484e-05 0.0011680129583668507 0.0019611196295109645 1.7484565830596896e-05 1.30789865922466e-05 -5.6964536749542909e-05 -1.0290686457734292e-05 0.00039255275986606813 0.0013695655734627221 0.00072813002145883927 -5.5967223117290019e-05 0.00011424822448069583 -0.00059305876561162394 0.0012984226156619464 -0.00043414903099063372 -7.5332457774981119e-05
leaf_weight=457 1458 755 377 1015 1422 216 375 2095 91 4774 6130 440 117 497 1193 92 297 830 292 191 156 120 221 196 114 743 151 673 3558 87 1425 107 643 128 81 653 6246 491 334 85 961 144 122 99 142 168 679 109 93 173 144 303 162 120 625 563 708 763 132 262 282 115
leaf_count=457 1458 755 377 1015 1422 216 375 2095 91 4774 6130 440 117 497 1193 92 297 830 292 191 156 120 221 196 114 743 151 673 3558 87 1425 107 643 128 81 653 6246 491 334 85 961 144 122 99 142 168 679 109 93 173 144 303 162 120 625 563 708 763 132 262 282 115
internal_value=-0.00812473 -0.0180201 -0.00288786 -0.00949663 0.00120217 -0.00477666 0.00043744 -0.00315083 -0.00912237 -0.000790384 -0.0264146 0.00649351 0.00536091 0.00102031 -0.0230272 -0.026942 0.00168857 0.00376588 0.000428571 0.00169611 -0.0152815 -0.000492971 -0.00689249 0.00888694 0.0055628 0.00800699 -0.0149146 0.000482741 0.00113819 0.00244594 0.00392732 -0.000526778 0.000139697 -0.00104922 0.000668605 -0.000189274 -0.0270356 -0.00280615 -0.0012963 0.00207618 0.000229226 0.00443765 -0.00101005 -0.00434211 -0.00678984 -0.00347267 0.0005625 0.00451128 0.00175862 -2.22428e-05 -0.00318841 -0.00542411 -0.0216111 -0.00392252 0.0112248 0.00043703 0.00156051 0.00256374 0.000979167 0.00190367 0.000487572 0.00592047
internal_weight=46195 22414 7998 1926 23781 1387 20779 2903 808 6072 14416 3002 2562 17876 1948 12468 12400 2596 909 282 372 5476 678 1140 1687 857 526 3852 9804 3421 2283 1138 858 771 1031 950 12376 1624 1133 1863 1046 817 1989 531 432 310 799 398 289 5394 620 447 539 412 742 6383 2825 2117 1439 1307 1045 678
internal_count=46195 22414 7998 1926 23781 1387 20779 2903 808 6072 14416 3002 2562 17876 1948 12468 12400 2596 909 282 372 5476 678 1140 1687 857 526 3852 9804 3421 2283 1138 858 771 1031 950 12376 1624 1133 1863 1046 817 1989 531 432 310 799 398 289 5394 620 447 539 412 742 6383 2825 2117 1439 1307 1045 678
is_linear=0
shrinkage=0.03


Tree=131
num_leaves=63
num_cat=0
split_feature=0 8 9 6 0 0 8 1 10 6 8 8 4 5 3 1 1 10 0 10 4 8 6 10 8 6 8 8 7 5 1 7 7 5 3 1 10 0 7 6 9 0 1 1 7 3 0 0 10 1 0 4 7 8 7 8 10 5 8 0 4 9
split_gain=4595.1 3173.1 126.06 124.633 99.7069 48.2224 46.9706 48.6312 43.6309 32.6349 25.4155 24.6048 22.6219 21.093 19.7063 15.3845 15.1109 13.6632 13.6334 13.6731 13.3954 12.4972 21.698 14.9829 28.3377 12.8844 12.2791 25.3866 12.2775 14.0597 12.1307 18.0962 11.9487 11.3595 10.462 10.2174 9.39203 9.25549 9.17045 10.6736 9.05009 9.61548 8.91436 8.79033 8.51649 8.48838 8.3593 8.35134 8.26029 8.06329 9.54403 7.81413 7.79822 8.70925 10.0192 16.7251 7.75544 7.56714 7.71681 6.99827 6.73365 6.57805
threshold=1.0000000180025095e-35 -1.0000000180025095e-35 0.91597561503675351 0.9919160630702849 2.1150000000000007 0.025000000000000005 0.78656609248549325 1.0000000180025095e-35 0.25000000000000011 0.56988722470830055 -0.60355339059327362 0.12940952255126045 0.51666666666666683 0.22500000000000003 0.95000000000000007 2.5050000000000003 1.0000000180025095e-35 -0.6830127018922193 3.2450000000000006 1.0000000180025095e-35 0.16333333333333333 0.37940952255126054 0.70439444458987499 0.25000000000000011 -0.5 0.51679097540509566 1.0000000180025095e-35 -0.5 0.99095200782781923 0.083333333333333315 0.015000000000000001 0.068578436683185987 1.0032638311874311 1.0000000180025095e-35 0.8500000000000002 2.1150000000000007 0.68301270189221941 1.3050000000000004 0.63028946988809553 0.46106475055297069 -0.5 0.78500000000000014 0.21500000000000002 0.32500000000000007 0.99579330756888362 0.62500000000000011 0.49500000000000005 0.085000000000000006 -0.6830127018922193 0.83500000000000008 1.4850000000000001 0.37222222222222229 0.28598331988162501 0.37940952255126054 0.98948946579341923 -0.5 0.25000000000000011 0.95000000000000007 0.37940952255126054 0.22500000000000003 0.083333333333333315 0.1294095225512602
decision_type=10 2 2 2 10 10 2 10 2 2 2 2 8 8 10 10 10 2 10 2 10 2 2 2 2 2 2 2 10 10 10 10 10 8 10 10 2 10 10 2 2 10 10 10 10 10 10 10 2 10 10 10 10 2 10 2 2 10 2 10 10 2
left_child=1 2 9 60 5 6 -2 -8 18 10 36 13 -5 -3 15 21 17 -13 52 -20 -16 22 38 24 28 -23 27 44 29 42 -25 -32 -28 -19 35 -26 -1 -17 39 -7 41 57 47 59 -10 -29 -44 -24 -43 -48 -51 -9 -6 54 -54 -56 -39 -22 -59 -42 -4 -11
right_child=4 11 3 12 8 14 7 51 26 61 -12 16 -14 -15 20 37 -18 33 19 -21 40 25 23 30 34 -27 32 45 -30 -31 31 -33 -34 -35 -36 -37 -38 56 -40 -41 43 48 46 -45 -46 -47 49 -49 -50 50 -52 -53 53 -55 55 -57 -58 58 -60 -61 -62 -63
leaf_value=-1.4894228734296388e-06 4.1772679911167113e-07 -9.9929393561760775e-06 -1.1385516869569731e-05 -1.2766241593337657e-05 0.0016373661521276639 3.8451029834491026e-05 -9.9592637927314083e-06 1.5399913990223759e-05 0.00075417058334837695 9.6148009963784316e-05 -1.1278265977099092e-05 -9.9929393561760775e-06 -9.9200379016382182e-06 -9.9929393561760775e-06 9.0615668275648603e-05 0.0021146381443710094 -1.5727610792275831e-05 -9.9929393561760775e-06 0.00037288415300651493 0.0015997576542333958 -8.9600129633461005e-06 0.00021507098778187687 7.9005495351868593e-05 0.00046388777326054269 0.00082698745741231034 -1.8587201450435652e-05 0.00024479170228372093 0.001709400506536497 -0.00037147583116385347 -9.5293213714194125e-05 -0.00028916192624582577 0.00037069168921212588 0.00087254755669773857 -9.9929393561760775e-06 -5.1724160723128628e-05 -0.00037996119079987287 -2.6897638126472477e-05 6.4007312873669558e-05 -0.00057311199261356638 -0.0002568412843741733 -3.6165747240612767e-05 -0.00047076925889294767 0.00089729761769375164 1.732327020890323e-05 -0.00016440896323524022 0.00114063536108512 -0.00026144600298962567 -0.00010425757586765838 -0.00013604639458757257 0.0013730305551315942 9.3382907384432777e-05 -2.3483470306376348e-05 3.6144599692555791e-05 -0.00058540007792711455 -0.0003510128111037092 0.00089132396277245341 0.0015230274833470602 6.0249056839742005e-05 0.00050522758291931462 -0.00020739607711907178 -9.9928249463332227e-06 6.8044524600650426e-07
leaf_weight=388 586 874 87 956 88 200 389 110 382 91 257 2750 428 1038 680 100 96 3164 184 109 1944 176 138 538 813 4211 638 606 332 1802 83 2632 182 6424 269 94 144 168 165 128 890 191 107 299 144 214 110 103 781 134 133 94 1644 128 144 302 82 112 89 303 441 5122
leaf_count=388 586 874 87 956 88 200 389 110 382 91 257 2750 428 1038 680 100 96 3164 184 109 1944 176 138 538 813 4211 638 606 332 1802 83 2632 182 6424 269 94 144 168 165 128 890 191 107 299 144 214 110 103 781 134 133 94 1644 128 144 302 82 112 89 303 441 5122
internal_value=-0.00825502 -0.0180477 -0.00279722 -0.0095034 0.000923291 -5.05609e-05 -0.00592373 -0.0118687 0.00480277 -0.00065967 -0.00634177 -0.0264599 -0.00476534 -0.023241 0.000338612 0.000987299 -0.026953 -0.027046 0.00218077 0.00826531 -0.0011966 0.000808612 0.00153045 0.00194265 0.000721011 -0.000471741 0.00794647 0.00971047 -0.000891608 -0.000178006 0.00345728 0.00263991 0.00504263 -0.0275941 0.00463891 0.00617841 -0.00258912 0.00717949 -0.00455466 -0.00164134 -0.00177657 -0.000856318 0.00334711 -0.00369725 0.00455408 0.0130085 0.00569072 -0.00136364 -0.00332991 0.00357143 0.0063806 0 0.00140442 0.00105453 0.0015208 0.00550336 0.00406375 0.00026561 0.00579208 -0.00484925 -0.0218904 0.000201381
internal_weight=46011 22260 7914 1912 23751 18986 1179 593 4765 6002 789 14346 1384 1912 17807 12518 12434 12338 2599 293 5289 12168 7781 7288 4035 4387 2166 1346 2859 2527 3253 2715 820 9588 1176 907 532 350 493 328 4609 3117 725 1492 526 820 484 241 972 377 267 204 2306 2218 2090 446 250 2145 201 1193 528 5213
internal_count=46011 22260 7914 1912 23751 18986 1179 593 4765 6002 789 14346 1384 1912 17807 12518 12434 12338 2599 293 5289 12168 7781 7288 4035 4387 2166 1346 2859 2527 3253 2715 820 9588 1176 907 532 350 493 328 4609 3117 725 1492 526 820 484 241 972 377 267 204 2306 2218 2090 446 250 2145 201 1193 528 5213
is_linear=0
shrinkage=0.03


Tree=132
num_leaves=63
num_cat=0
split_feature=0 8 9 6 0 0 11 8 10 6 8 0 11 2 5 5 0 9 8 9 8 2 0 8 2 2 11 9 3 4 2 0 10 2 11 5 9 0 3 10 11 0 4 8 10 3 4 3 9 2 10 4 3 0 3 11 4 8 2 10 2 3
split_gain=4655.4 3243.63 113.899 133.514 86.0632 54.5942 54.5197 44.6101 38.3914 31.8075 26.1581 20.4668 25.4319 19.6711 18.1576 16.6034 14.9278 12.628 12.459 11.2367 15.3945 17.3181 13.8394 10.9767 10.8638 10.5051 10.0852 10.6829 10.4979 12.6207 12.1356 11.5886 9.75946 9.49263 9.38996 9.47855 9.15853 19.6954 9.482 8.41883 8.13896 7.88106 8.2219 7.65368 16.7898 13.8729 7.44113 7.21957 7.21752 7.10205 8.77511 9.38256 6.96509 6.8283 6.8406 6.64449 11.7833 6.50814 6.38823 8.03006 6.21003 13.9716
threshold=1.0000000180025095e-35 -1.0000000180025095e-35 0.91597561503675351 0.9919160630702849 2.0250000000000004 0.025000000000000005 0.6830127018922193 0.60355339059327384 0.68301270189221941 0.38229330116778887 0.12940952255126045 3.3150000000000004 0.25000000000000017 0.55000000000000016 0.083333333333333315 0.15000000000000005 2.9350000000000005 -0.9159756150367534 0.60355339059327384 -0.78656609248549325 1.0000000180025095e-35 0.55000000000000016 1.8050000000000004 -0.60355339059327362 0.55000000000000016 0.55000000000000016 -0.24999999999999994 -0.12940952255126037 0.95000000000000007 0.58333333333333337 0.75000000000000011 0.60500000000000009 -0.6830127018922193 0.55000000000000016 0.25000000000000017 0.35000000000000003 0.1294095225512602 0.47500000000000003 0.083333333333333315 1.0000000180025095e-35 -0.5 0.80500000000000016 0.083333333333333315 0.60355339059327384 0.25000000000000011 0.95000000000000007 0.17499999999999996 0.57500000000000007 0.78656609248549303 0.15000000000000005 0.25000000000000011 0.8583333333333335 0.35000000000000003 0.79500000000000015 0.95000000000000007 0.6830127018922193 0.8583333333333335 -0.78656609248549303 1.0000000180025095e-35 0.68301270189221941 0.65000000000000002 0.45000000000000007
decision_type=10 2 2 2 10 10 2 2 2 2 2 10 2 10 10 8 10 2 2 2 2 10 10 2 10 8 2 2 10 10 10 10 2 10 2 10 2 10 10 2 2 10 10 2 2 10 10 10 2 10 2 10 10 10 10 2 10 2 10 2 8 10
left_child=1 2 9 24 5 7 60 -2 11 23 15 12 -6 -8 18 -3 17 34 36 20 52 -22 26 40 -4 -12 27 28 29 -21 31 -30 -27 58 35 -10 -7 38 -38 -13 -1 42 -29 44 -28 -46 -19 -14 55 -45 -51 -52 -16 54 -54 -11 57 -57 -20 -60 61 -5
right_child=4 10 3 6 8 14 13 -9 16 48 25 39 47 -15 19 -17 -18 46 33 22 21 -23 -24 -25 -26 32 43 41 30 -31 -32 -33 -34 -35 -36 -37 37 -39 -40 -41 -42 -43 -44 49 45 -47 -48 -49 -50 50 51 -53 53 -55 -56 56 -58 -59 59 -61 -62 -63
leaf_value=5.4157412148467427e-06 -2.8083882183442718e-06 -9.6931511754907948e-06 -1.162205543063593e-05 -6.3085635954939151e-05 8.5996650244014592e-05 0.00043074771269875411 -1.2383254345537527e-05 -9.6543768890030855e-06 -9.4971598219332207e-05 1.2015495002196778e-05 -9.6931511754907948e-06 0.00035321696208104965 0.00095322309436654041 -9.6224367645890703e-06 0.0011150062840954594 -9.6931511754907948e-06 0.00146452280848402 0.001116138499595276 1.0141011335349156e-05 5.4041001325831893e-05 0.00063690735106039953 -5.7475414088418924e-05 -0.00054864323027725476 -9.9085504782347599e-06 -9.6731861345355212e-06 -9.6931511754907948e-06 -0.00012605092622690556 0.00015340441443784653 0.00031246167579509598 0.00037763416985078124 -1.9306290019642929e-05 -7.9578088976221535e-05 -9.6931511754907948e-06 7.8315202910491508e-05 0.0015604681027041299 0.0016524500167326727 -3.3834047890904155e-05 -0.0004661712789849928 0.00023697019406439818 0.0015439222310454869 -2.0403380198367466e-05 -0.00040105543556402624 -3.4222503109540315e-05 0.00011063269689190372 0.0003990479737826258 -7.9997657010617935e-05 0.00052505063369574995 0.00033780384461605279 -1.3236097317209294e-05 -4.4983395978520995e-05 -0.00012339692531895591 -2.5080936306346776e-05 0.00095657668408292648 0.0001201546548808656 0.00014545443581114869 1.5519477160371997e-05 -4.3010311399907044e-05 -2.2707608681927192e-05 -2.4131231609170085e-05 -9.1892024961925234e-05 -1.8979085273327322e-05 4.4801254790652633e-05
leaf_weight=156 582 750 126 392 2653 2093 158 588 278 2350 4806 138 548 213 175 1188 417 477 527 865 413 2758 243 203 397 1371 1591 136 111 453 1260 90 6220 328 134 82 224 81 256 211 289 198 857 130 851 462 132 160 1708 723 319 131 193 870 495 719 302 365 388 126 417 215
leaf_count=156 582 750 126 392 2653 2093 158 588 278 2350 4806 138 548 213 175 1188 417 477 527 865 413 2758 243 203 397 1371 1591 136 111 453 1260 90 6220 328 134 82 224 81 256 211 289 198 857 130 851 462 132 160 1708 723 319 131 193 870 495 719 302 365 388 126 417 215
internal_value=-0.00821904 -0.0180475 -0.00275621 -0.00912976 0.00102956 6.9662e-05 -0.0042765 -0.00619983 0.00442745 -0.0007484 -0.0265911 0.00278092 0.00206127 -0.0141129 0.000492852 -0.0233007 0.00844181 0.00660326 0.00225895 -4.05253e-05 0.00110092 -0.000141866 -0.000705379 -0.00702619 -0.022042 -0.0271036 -0.000495231 0.000589272 0.00160791 0.00354814 -0.000143639 0.00668317 -0.0278227 -6.56934e-05 0.0030303 0.000498615 0.00345763 5.33808e-05 0.00237006 0.00968571 -0.0043722 -0.00178691 -0.000694165 -0.00151854 -0.000660929 0.00184932 0.0094918 0.0071086 0 -0.00342791 -0.00416525 -0.00745011 0.0033737 0.00273252 0.00496372 0.00073856 -0.000908435 0.000552995 -0.00146833 -0.00384466 -0.000702439 0.00123355
internal_weight=46092 22345 8010 1918 23747 18517 1395 1170 5230 6092 14335 3710 3361 371 17347 1938 1520 1103 4023 13324 4904 3171 8420 648 523 12397 8177 3970 2779 1318 1461 201 7591 1369 494 360 2654 561 480 349 445 1191 993 4207 2904 1313 609 708 5444 1303 1173 450 1733 1558 688 3736 1386 1084 1041 514 1024 607
internal_count=46092 22345 8010 1918 23747 18517 1395 1170 5230 6092 14335 3710 3361 371 17347 1938 1520 1103 4023 13324 4904 3171 8420 648 523 12397 8177 3970 2779 1318 1461 201 7591 1369 494 360 2654 561 480 349 445 1191 993 4207 2904 1313 609 708 5444 1303 1173 450 1733 1558 688 3736 1386 1084 1041 514 1024 607
is_linear=0
shrinkage=0.03


Tree=133
num_leaves=63
num_cat=0
split_feature=0 9 9 9 9 1 0 5 1 2 9 1 10 6 9 6 6 9 3 6 9 0 2 4 3 10 9 0 10 5 10 4 9 10 10 10 4 2 7 10 5 7 9 2 2 6 0 10 0 0 7 4 0 9 5 2 10 0 10 5 1 0
split_gain=4621.99 254.47 216.642 248.597 147.771 103.673 62.8934 61.2819 54.2478 35.6455 22.8848 27.0278 22.3806 19.2958 31.2195 18.0203 17.2055 16.6007 14.9434 14.7499 12.836 11.4974 10.8043 10.1 11.659 10.0901 13.1116 10.0164 14.5685 9.92298 9.79181 9.51771 9.49572 9.40141 8.92037 7.92205 7.69733 9.78029 9.66601 7.5964 6.77378 6.5219 6.09571 6.0822 7.36624 6.03981 8.96232 8.49949 11.1357 6.23428 11.8801 9.55519 8.97536 5.92179 5.91827 5.90625 19.6679 9.61106 5.88781 5.87413 5.8741 14.4775
threshold=1.0000000180025095e-35 0.1294095225512602 0.25881904510252057 0.37940952255126048 0.91597561503675351 2.6050000000000004 0.025000000000000005 0.15000000000000005 1.0000000180025095e-35 0.55000000000000016 -0.12940952255126037 1.0000000180025095e-35 0.25000000000000011 0.9919160630702849 0.98296291314453421 0.9919160630702849 0.96010100249940655 -0.70710678118654757 0.8500000000000002 0.96010100249940655 0.98296291314453421 3.0150000000000001 0.45000000000000007 0.48333333333333339 0.35000000000000003 -0.5 0.78656609248549303 3.2450000000000006 1.0000000180025095e-35 0.71666666666666667 -0.6830127018922193 1.0000000180025095e-35 -0.12940952255126037 -0.5 1.0000000180025095e-35 -0.6830127018922193 0.68285714285714294 0.65000000000000002 0.96789996102708098 1.0000000180025095e-35 0.55000000000000016 1.0049262279169096 1.0000000180025095e-35 0.55000000000000016 0.25000000000000006 0.94457821059868363 2.6650000000000005 0.68301270189221941 0.7350000000000001 1.4450000000000001 0.63028946988809553 0.29285714285714293 1.8050000000000004 -0.78656609248549325 0.22500000000000003 0.8500000000000002 -0.6830127018922193 0.42500000000000004 0.25000000000000011 0.95000000000000007 2.2816666665000001 1.8650000000000004
decision_type=10 2 2 2 2 10 10 8 10 8 2 10 2 2 2 2 2 2 10 2 2 10 10 10 10 2 2 10 2 10 2 8 2 2 2 2 10 10 10 2 10 10 2 8 10 2 10 2 10 10 10 10 10 2 10 10 2 10 2 10 10 10
left_child=1 8 22 -4 9 6 10 19 42 25 11 -2 27 -9 30 32 -11 18 -17 -6 23 -14 -3 24 39 26 -5 33 -29 -27 -15 -18 45 53 -19 -33 37 38 -35 -21 -20 -40 -1 44 -32 46 49 -47 -49 54 51 -51 -52 -7 -8 56 -34 -58 -37 -56 61 -36
right_child=5 2 3 4 7 12 15 13 -10 16 -12 -13 21 14 -16 17 31 34 40 20 -22 -23 -24 -25 -26 29 -28 28 -30 -31 43 35 55 36 60 58 -38 -39 41 -41 -42 -43 -44 -45 -46 47 -48 48 -50 50 52 -53 -54 -55 59 -57 57 -59 -60 -61 -62 -63
leaf_value=-9.4023566402260716e-06 -1.0221163835578494e-05 -2.7162212606900487e-05 -9.4023566402260716e-06 -1.3126793884258106e-05 -9.4023566402260716e-06 0.00073280996530398991 0.00033101302726076966 -9.4023566402260716e-06 -8.3987254811009987e-06 -9.4023566402260716e-06 -9.2283655710006244e-06 -1.4316596252526587e-06 0.00078850631590493873 -9.4023566402260716e-06 -9.4023566402260716e-06 0.0003646910921560753 -1.2217600629609959e-05 -2.1739281385615082e-05 -0.0001725633146267258 -9.4023566402260716e-06 -9.4023566402260716e-06 0.0013027122226895566 7.4541040543888483e-06 -9.4023566402260716e-06 -9.3316748552478434e-06 -1.1397160160685583e-05 -1.2163523605672013e-05 0.0005788341624755949 0.0016124903937025513 -9.4043552258622175e-06 -9.3316748552478434e-06 -9.4023566402260716e-06 -0.0001791226076214565 -0.00054706326873843968 6.1721065082318008e-05 -9.4023566402260716e-06 -0.00080910508937119172 0.0006111327211261652 0.00076595583018692682 -9.3316748552478434e-06 0.00013739325689122032 -0.00058426160654122868 -9.4023566402260716e-06 -9.4023566402260716e-06 -9.4023566402260716e-06 -0.00015380450583904066 0.0007724879588020011 -8.2500659824139743e-05 0.0013108310269515742 0.00069400683970134041 -0.0012357465180978771 -0.00023210651594645748 -0.00060694971908950123 -5.0665741900446923e-05 -4.3448814314819835e-06 -7.9264764001171835e-05 0.00016432984105922544 -0.0002029730939580257 -9.4023566402260716e-06 0.00024905184291889898 0.00097784962961718351 -0.00034952360297901358
leaf_weight=1172 319 225 1925 1148 254 581 201 1326 123 2222 751 131 828 251 744 4185 446 3622 539 414 690 630 516 254 373 2571 589 156 98 242 81 629 132 154 4012 1331 86 147 144 478 947 89 1682 821 129 583 84 116 92 114 85 223 157 92 3217 375 195 93 1832 203 143 236
leaf_count=1172 319 225 1925 1148 254 581 201 1326 123 2222 751 131 828 251 744 4185 446 3622 539 414 690 630 516 254 373 2571 589 156 98 242 81 629 132 154 4012 1331 86 147 144 478 947 89 1682 821 129 583 84 116 92 114 85 223 157 92 3217 375 195 93 1832 203 143 236
internal_value=-0.00817409 -0.0179287 -0.0166792 -0.0173079 -0.0161375 0.00105046 0.0002963 -0.0200086 -0.0261014 -0.0140914 -0.00636439 -0.0117073 0.00625749 -0.0226543 -0.0207795 0.000705702 -0.015527 0.00130216 0.00254408 -0.0164002 -0.0155973 0.00892392 -0.000768194 -0.0140329 -0.0129147 -0.0120501 -0.0102359 0.00374031 0.00917647 -0.0131663 -0.0179111 -0.0143949 -0.000684722 0.00266615 0.00042301 -0.0148853 0 0.00134579 -0.00115979 -0.0147816 -4.03497e-05 0.00269231 -0.0269422 -0.0192151 -0.0145024 -0.000206856 0.00023804 -0.00261364 0.00258373 4.28469e-05 -0.00284483 0.000798817 -0.00790123 0.00511869 0.000505246 -0.00373116 -0.00128266 0.00311419 -0.0155025 0.000210465 0.00133197 0.00112968
internal_weight=46228 22468 19491 18750 16825 23760 20755 5815 2977 11010 1201 450 3005 3352 2026 19554 6460 13684 5671 2463 2209 1458 741 1519 1265 4550 1737 1547 254 2813 1282 4238 5870 1293 8013 3792 620 534 387 892 1486 233 2854 1031 210 5075 4284 791 208 4200 579 337 242 673 3621 795 420 288 3163 3420 4391 4248
internal_count=46228 22468 19491 18750 16825 23760 20755 5815 2977 11010 1201 450 3005 3352 2026 19554 6460 13684 5671 2463 2209 1458 741 1519 1265 4550 1737 1547 254 2813 1282 4238 5870 1293 8013 3792 620 534 387 892 1486 233 2854 1031 210 5075 4284 791 208 4200 579 337 242 673 3621 795 420 288 3163 3420 4391 4248
is_linear=0
shrinkage=0.03


Tree=134
num_leaves=63
num_cat=0
split_feature=0 8 9 6 0 11 0 10 8 1 1 8 6 5 11 10 1 4 0 11 8 3 4 10 10 4 0 10 6 8 4 11 10 1 1 9 3 1 3 11 5 5 9 3 8 10 10 5 8 4 11 10 5 1 4 5 8 6 11 10 11 4
split_gain=4494.35 3263.07 103.696 126.091 94.0071 55.6277 53.4688 41.9611 36.841 54.2008 30.4897 25.0615 18.7934 18.146 17.012 16.492 16.1486 15.869 14.5338 25.7984 13.4683 12.822 14.2963 11.5766 11.1629 10.2121 9.92808 16.688 9.89477 16.1281 13.8732 14.1298 8.92468 11.441 12.4589 9.2383 14.5399 9.29093 8.85931 8.2394 8.76516 7.70701 13.0299 7.69801 7.64259 15.9517 9.56798 7.55254 7.39279 7.13598 8.52907 7.51481 8.11438 7.01275 6.87047 12.9214 8.7103 7.19745 6.85648 6.68442 15.0781 6.67041
threshold=1.0000000180025095e-35 -1.0000000180025095e-35 0.91597561503675351 0.9919160630702849 2.1050000000000004 0.6830127018922193 0.03500000000000001 0.25000000000000011 0.78656609248549325 1.0000000180025095e-35 1.0000000180025095e-35 1.0000000180025095e-35 0.38229330116778887 0.15000000000000005 0.6830127018922193 -0.6830127018922193 2.5850000000000004 0.58333333333333337 2.7450000000000006 0.25000000000000017 -0.60355339059327362 0.95000000000000007 0.8583333333333335 0.68301270189221941 0.25000000000000011 0.16333333333333333 3.2450000000000006 1.0000000180025095e-35 0.96010100249940655 0.37940952255126054 0.45277777777777778 -0.24999999999999994 0.68301270189221941 0.015000000000000001 0.24500000000000002 -0.12940952255126037 0.083333333333333315 0.19166666650000003 0.8500000000000002 0.6830127018922193 0.45000000000000007 0.35000000000000003 -0.9159756150367534 0.45000000000000007 -0.5 1.0000000180025095e-35 -0.5 0.15000000000000005 0.25881904510252091 0.96250000000000002 -0.24999999999999994 0.25000000000000011 0.71666666666666667 0.16500000000000004 0.8583333333333335 0.82500000000000007 0.78656609248549325 0.97587888928342192 1.0000000180025095e-35 1.0000000180025095e-35 -0.24999999999999994 0.29285714285714293
decision_type=10 2 2 2 10 2 10 2 2 10 10 2 2 8 2 2 10 10 10 2 2 10 10 2 2 10 10 2 2 2 10 2 2 10 10 2 10 10 10 2 10 10 2 8 2 2 2 10 2 8 2 2 8 10 10 10 2 2 2 2 2 10
left_child=1 2 12 -4 6 23 8 14 -2 -10 11 13 20 -3 26 -13 21 -7 19 41 58 22 28 59 -11 -23 -6 -28 30 32 44 38 35 -34 -35 37 -37 -30 -32 54 -41 42 -9 -17 45 -8 -46 -36 -24 50 -14 52 -51 -50 56 -56 -27 -58 -1 60 -5 -38
right_child=4 10 3 5 7 17 16 18 9 24 -12 15 49 -15 -16 43 -18 -19 -20 -21 -22 25 48 -25 -26 39 27 -29 29 -31 31 -33 33 34 47 36 61 -39 -40 40 -42 -43 -44 -45 46 -47 -48 -49 53 51 -52 -53 -54 -55 55 -57 57 -59 -60 -61 -62 -63
leaf_value=4.7296609127140016e-06 -1.3264426511242437e-05 -9.1202859410192881e-06 -9.1129469100713648e-06 -4.9690454610670676e-05 9.7046329076174722e-05 -1.1918276608929872e-05 -0.00020493268128290998 -0.00045191512833509082 -9.8969187001354343e-06 -1.3652096298009544e-05 -1.1776828760572297e-05 -9.1202859410192881e-06 2.5193170255085604e-05 -9.1202859410192881e-06 0.0012366301150009539 -9.1202859410192881e-06 0.001063288999469275 -8.9587517095960704e-06 0.0010537954875394473 0.0017655208185525589 -9.329223264680935e-06 0.00010570006505949331 0.00054949606017090007 -3.4291178582331337e-05 3.4026397982252936e-05 -5.5480004777785708e-05 0.00030140475058334945 0.0014324642625694671 0.00064714705832269123 -1.9699802454221719e-05 -0.00013589315169135731 -0.00043133910885933879 0.00066521702829668689 -0.00023422163287448394 0.00050974664531649701 -0.00019791158543223133 -4.8986683696760347e-05 0.00017512183610483067 0.00039225825752039941 -0.00034491449297953364 -8.5479956403829437e-05 0.0010411208303591935 0.00044245855512813678 -9.1202859410192881e-06 0.00038167546524893545 0.00037723596938797442 -8.8739131275506055e-05 1.738154291495958e-05 8.6344866757412871e-05 -1.7291014709126709e-05 -4.3202507263771611e-06 -1.8676419362685933e-07 -9.298227106670154e-05 -0.00019377046309915463 -3.7702168832015946e-05 0.00010416039945813665 -9.1061752320107457e-05 -1.5393445409577626e-06 -1.5470715487997584e-05 7.3584633225846276e-05 4.9874864958754547e-05 0.0002132566985233221
leaf_weight=246 832 767 505 198 2187 224 227 207 473 129 103 2777 1571 1167 154 3426 323 150 1065 248 203 651 858 361 110 2032 193 99 329 3496 118 309 235 82 600 306 631 2845 100 108 431 218 455 6154 184 134 145 438 332 85 3482 224 94 168 967 666 178 98 180 233 230 344
leaf_count=246 832 767 505 198 2187 224 227 207 473 129 103 2777 1571 1167 154 3426 323 150 1065 248 203 651 858 361 110 2032 193 99 329 3496 118 309 235 82 600 306 631 2845 100 108 431 218 455 6154 184 134 145 438 332 85 3482 224 94 168 967 666 178 98 180 233 230 344
internal_value=-0.00831467 -0.0179563 -0.00257669 -0.00869085 0.000788408 -0.00403722 -0.000166843 0.00452455 -0.00551456 -0.0105189 -0.0264884 -0.0266058 -0.000665462 -0.0233798 0.00197039 -0.0271088 0.00030976 -0.01392 0.00758888 0.00520815 -0.00557143 0.000183389 0.000724625 -0.000410557 0.001125 -0.00106976 0.00136694 0.0065529 0.000350627 0.000683357 -0.00219212 -0.00585227 0.00165204 0.00378319 0.00251561 0.00100314 -0.00114665 0.00187087 0 -0.00158 -0.00505556 0.00279228 0.00117647 -0.0277111 0.000607815 -0.00240331 0.00390909 0.00340712 0.00362031 -9.89555e-05 0.000207756 -0.00393564 -0.0085 0.000718563 -0.0011035 0.000385557 -0.00215678 -0.00714801 -0.00252927 0.00194864 -0.00027972 0.000645492
internal_weight=46085 22380 7986 1901 23705 1396 18879 4826 1544 712 14394 14291 6085 1934 2633 12357 17335 374 2193 1128 629 17012 11881 1022 239 5131 2479 292 10523 9306 1217 527 5810 1355 1120 4455 1281 3174 218 4480 539 880 662 9580 690 361 329 1038 1358 5456 5053 403 179 500 3941 1633 2308 276 426 661 428 975
internal_count=46085 22380 7986 1901 23705 1396 18879 4826 1544 712 14394 14291 6085 1934 2633 12357 17335 374 2193 1128 629 17012 11881 1022 239 5131 2479 292 10523 9306 1217 527 5810 1355 1120 4455 1281 3174 218 4480 539 880 662 9580 690 361 329 1038 1358 5456 5053 403 179 500 3941 1633 2308 276 426 661 428 975
is_linear=0
shrinkage=0.03


Tree=135
num_leaves=63
num_cat=0
split_feature=0 8 9 6 0 11 0 8 10 6 8 0 11 5 10 8 6 2 5 2 10 8 3 11 0 0 0 8 9 9 11 3 9 2 0 0 2 3 2 4 11 4 10 0 0 4 11 0 11 10 2 4 3 8 4 0 6 11 2 10 0 3
split_gain=4606.46 3240.54 108.681 132.376 96.5478 70.8676 55.9113 44.2743 41.92 25.4522 25.3952 24.6565 25.4968 21.5806 18.7153 15.5453 18.9212 13.6014 13.4678 12.7945 11.4773 15.441 19.3845 15.3261 11.4491 11.3841 14.8476 11.1605 11.0742 11.0578 10.6853 16.4933 10.6466 10.5954 10.1722 10.005 9.66338 12.1894 9.37316 13.2055 17.2053 9.06264 8.96129 8.69493 8.43973 10.5186 8.37242 7.93129 7.89777 20.2952 20.4024 14.2987 15.5652 11.1422 8.37938 8.12063 8.51154 10.7765 7.68319 7.65259 7.56624 7.56164
threshold=1.0000000180025095e-35 -1.0000000180025095e-35 0.91597561503675351 0.9919160630702849 2.1050000000000004 0.6830127018922193 0.025000000000000005 0.78656609248549325 -0.24999999999999994 0.55160846378518025 0.12940952255126045 3.0150000000000001 1.0000000180025095e-35 0.22500000000000003 0.68301270189221941 0.37940952255126054 0.69300588406246244 0.55000000000000016 0.083333333333333315 0.55000000000000016 0.25000000000000011 -0.5 0.8500000000000002 0.25000000000000017 0.80500000000000016 1.3450000000000004 1.1250000000000002 1.0000000180025095e-35 -0.37940952255126015 -0.12940952255126037 0.25000000000000017 0.25000000000000006 0.1294095225512602 0.55000000000000016 0.53500000000000014 0.33500000000000008 0.65000000000000002 0.25000000000000006 0.8500000000000002 0.8583333333333335 1.0000000180025095e-35 0.78333333333333355 -0.6830127018922193 0.25500000000000006 0.20500000000000004 0.8583333333333335 0.93301270189221952 0.24500000000000002 0.25000000000000017 -0.24999999999999994 1.0000000180025095e-35 0.083333333333333315 0.95000000000000007 0.78656609248549325 0.41666666666666669 0.99500000000000011 0.24817607891553481 -0.9330127018922193 0.55000000000000016 0.68301270189221941 2.0450000000000004 0.8500000000000002
decision_type=10 2 2 2 8 2 10 2 2 2 2 10 2 8 2 2 2 8 10 10 2 2 10 2 10 10 10 2 2 2 2 10 2 10 10 10 8 10 10 10 2 10 2 10 10 10 2 10 2 2 10 10 10 2 10 10 2 2 10 2 10 10
left_child=1 2 9 33 6 36 7 -2 30 14 13 12 -10 59 -1 16 28 -12 29 -7 21 23 25 24 32 26 46 -14 44 34 -6 -32 41 -4 -18 -34 37 -5 -22 40 -40 -20 -19 -42 45 -8 -23 -30 51 61 -51 -17 53 54 -53 56 -54 -58 -26 -3 -36 -50
right_child=4 10 3 5 8 19 15 -9 11 -11 17 -13 27 -15 -16 48 18 42 20 -21 38 22 -24 -25 58 -27 -28 -29 47 -31 31 -33 35 -35 60 -37 -38 -39 39 -41 43 -43 -44 -45 -46 -47 -48 -49 49 50 -52 52 55 -55 -56 -57 57 -59 -60 -61 -62 -63
leaf_value=-9.049346566740508e-06 -5.5623458902983448e-06 -8.8466773627887107e-06 -1.0714636879589415e-05 -5.9420282538764083e-05 3.7649324160269338e-05 -1.1374258171246071e-05 -7.2650602618324278e-05 -8.7970960441452921e-06 0.00027443826634067527 -3.2855535189787382e-07 -8.8466773627887107e-06 0.001093544832868014 0.0015473478831033521 -8.8466773627887107e-06 -1.9938600897738914e-05 -4.621045353123971e-05 0.0013243419995446306 -8.8466773627887107e-06 0.00044623969453631005 -8.7829304111567338e-06 0.00044258657361338104 0.001571152740771296 -8.2653642424637124e-05 -0.00022767856434372831 -0.00034918930571914197 0.00024389191443089818 0.0022626846626150154 0.00045927652431449747 -1.8603593393701731e-05 6.8183293150580438e-05 0.0011622531694964521 -3.1833239681069437e-05 4.2411339961553399e-05 -8.8275314439905318e-06 0.00063146362777693446 -0.00034958601147411803 -1.9290681036727877e-05 4.4046089677683368e-05 0.00020840466053005698 0.00024246886179514105 4.1504690831136865e-05 4.9277145988382146e-06 -8.8466773627887107e-06 -0.0004671490564548783 -3.8899872905164344e-05 0.00031006523901132629 0.0003049084137836097 -0.00025657281954166668 8.3998477039604031e-05 0.00016103975438947613 -0.0001161202698642598 0.00023249068561177364 -3.1999812668702945e-05 1.1438273836888514e-05 0.00074088837743354176 -0.00065416367790238628 0.00020133121376187107 -8.4746270073837715e-06 1.1162036756608707e-05 -8.8466773627887107e-06 -0.00019682205416496123 -6.2376517102775693e-05
leaf_weight=573 597 626 130 314 1596 151 85 580 1187 5368 4748 843 484 1069 200 1303 84 1388 289 204 1474 113 741 1047 297 472 84 250 443 1060 280 236 299 393 1140 86 409 290 206 860 93 144 6258 340 1312 125 166 323 644 146 936 382 375 722 353 95 153 553 452 252 83 209
leaf_count=573 597 626 130 314 1596 151 85 580 1187 5368 4748 843 484 1069 200 1303 84 1388 289 204 1474 113 741 1047 297 472 84 250 443 1060 280 236 299 393 1140 86 409 290 206 860 93 144 6258 340 1312 125 166 323 644 146 936 382 375 722 353 95 153 553 452 252 83 209
internal_value=-0.00819347 -0.0179606 -0.00270385 -0.00899049 0.00101082 -0.00407597 3.81619e-05 -0.00629032 0.00477343 -0.000766851 -0.0265047 0.00720434 0.00532258 -0.02327 -0.00585271 0.000459582 0.00108639 -0.0270109 0.00167454 -0.0155899 0.00102596 1.43164e-05 0.00235891 -0.00139962 0.000478316 0.00549043 0.00947802 0.00971429 -0.00136304 0.00363598 0.00159016 0.00533849 0.0029304 -0.021813 0.00548165 -0.000699482 -2.95858e-05 0.00238017 0.00245124 0.00078 -0.00248438 0.00615207 -0.0278148 -0.00587558 0.000118188 0.0056872 0.00610714 -0.00430248 -0.000802112 -0.00237087 -0.00509695 -3.04801e-05 0.00124146 0.00331276 0.00591033 -0.0013254 -0.000582255 0.00135785 -0.0022 -0.019727 0.00477941 0.00108899
internal_weight=46115 22373 8032 1891 23742 1368 18866 1177 4876 6141 14341 2764 1921 1947 773 17689 11818 12394 9530 355 7163 4190 1576 2614 1567 835 363 734 2288 2367 2112 516 818 523 1307 385 1013 604 2973 1499 639 433 7646 433 1522 210 279 766 5871 1935 1082 3936 2633 1457 735 1176 1081 706 749 878 1223 853
internal_count=46115 22373 8032 1891 23742 1368 18866 1177 4876 6141 14341 2764 1921 1947 773 17689 11818 12394 9530 355 7163 4190 1576 2614 1567 835 363 734 2288 2367 2112 516 818 523 1307 385 1013 604 2973 1499 639 433 7646 433 1522 210 279 766 5871 1935 1082 3936 2633 1457 735 1176 1081 706 749 878 1223 853
is_linear=0
shrinkage=0.03


Tree=136
num_leaves=63
num_cat=0
split_feature=0 8 9 6 0 0 8 1 1 8 5 0 10 6 2 8 8 7 10 3 2 7 5 3 10 2 5 10 9 9 3 10 10 10 2 7 9 10 0 6 8 7 3 2 0 10 1 0 7 6 0 10 0 5 0 6 2 0 1 1 0 7
split_gain=4511.36 3303.54 140.134 138.663 81.7979 45.6116 45.1673 67.4511 27.1114 24.3165 24.2139 23.6863 26.1959 23.2883 21.451 17.3935 20.5756 26.4111 20.4204 22.6836 15.8559 15.7632 18.9483 14.9885 14.8004 12.5093 12.5033 12.3874 12.0096 10.9747 10.7225 10.3506 10.1787 24.4174 9.91828 17.0176 24.9121 9.78216 9.70313 11.6245 9.65257 8.93884 8.65316 8.22789 7.60423 7.29887 22.0897 26.5192 16.7459 11.5157 11.0265 7.92892 14.2935 9.59323 9.40053 13.925 9.73763 8.72824 11.9562 10.5615 7.20038 12.5979
threshold=1.0000000180025095e-35 -1.0000000180025095e-35 0.91597561503675351 0.9919160630702849 2.6250000000000004 0.025000000000000005 0.60355339059327384 1.0000000180025095e-35 1.0000000180025095e-35 1.0000000180025095e-35 0.15000000000000005 3.3150000000000004 0.68301270189221941 0.32212462018004401 0.55000000000000016 0.25881904510252091 -0.5 0.98818824404761918 0.25000000000000011 0.8500000000000002 1.0000000180025095e-35 1.0147758284600392 0.083333333333333315 0.25000000000000006 -0.6830127018922193 0.75000000000000011 0.15000000000000005 1.0000000180025095e-35 0.1294095225512602 0.1294095225512602 0.45000000000000007 0.68301270189221941 -0.6830127018922193 1.0000000180025095e-35 0.75000000000000011 0.47985528773236069 -0.12940952255126037 0.68301270189221941 0.23500000000000001 0.69300588406246244 1.0000000180025095e-35 1.4989711938271608 0.25000000000000006 0.75000000000000011 0.55500000000000016 -0.5 0.13500000000000004 1.905 0.33236032509254937 0.94457821059868363 0.065000000000000016 -0.24999999999999994 1.905 0.95000000000000007 0.45500000000000007 0.40469693966315429 0.45000000000000007 1.1050000000000002 0.21500000000000002 2.2450000000000006 1.4850000000000001 0.93245415833840262
decision_type=10 2 2 2 10 10 2 10 10 2 8 10 2 2 8 2 2 10 2 10 10 10 10 10 2 10 10 2 2 2 8 2 2 2 10 10 2 2 10 2 2 10 10 10 10 2 10 10 10 2 10 2 10 10 10 2 10 10 10 10 10 10
left_child=1 2 13 25 5 6 -2 -8 9 10 -3 12 -6 31 23 16 18 38 21 20 37 22 28 -5 -11 -4 -9 -13 60 -15 -26 43 -16 -34 -22 36 44 -20 -18 -40 -14 45 -23 -1 -36 46 47 50 -48 -50 -17 52 -47 54 -53 -56 57 58 -57 -59 -7 -62
right_child=4 8 3 14 11 15 7 26 -10 24 -12 27 40 29 32 41 17 -19 19 -21 34 42 -24 -25 30 -27 -28 -29 -30 -31 -32 -33 33 -35 35 -37 -38 -39 39 -41 -42 -43 -44 -45 -46 51 48 -49 49 -51 -52 53 -54 -55 55 56 -58 59 -60 -61 61 -63
leaf_value=3.3959024631864451e-05 2.0814212832784976e-06 -8.5812770419050483e-06 -1.0393197773201733e-05 -1.1096624323626863e-05 0.00021359370706231615 0.00089434927017414815 -8.6368248335339008e-06 1.9203106387300617e-05 -9.8684270585089524e-06 -8.5812770419050483e-06 -8.5812770419050483e-06 0.00055054446228574585 0.0014136646980962952 0.00012214036581880826 -1.8567327679141152e-05 -3.6428485160287146e-05 0.00026531156305491612 0.0011520864766073179 -0.0003467451314977983 -2.8727605597443898e-05 0.00055133872227729002 -0.00055515452861284781 -5.5574459998522665e-05 3.3282973845817752e-05 -8.5812770419050483e-06 -8.5612109585854967e-06 -1.8923822277771279e-05 0.0017054944306447749 -2.381842682269146e-05 2.0660674599832238e-06 -8.5812770419050483e-06 -1.4408435996425491e-05 -9.5640084590176036e-06 -8.5194424988220327e-06 0.0013173126139408786 -0.00024004595995602367 -0.00027376700239940685 0.00039305250993165351 -7.1453128663044176e-05 0.00035849096867169775 0.00043010176832540271 0.00030511946496530494 -0.00025140333398076701 -9.809233689289652e-06 0.0014411896562955861 -4.9466276793377569e-05 -0.00036946996883087299 0.002385245834881864 0.0003457487822691724 -0.00015632915749547239 9.6684663342280327e-05 -2.6004433149849661e-05 -0.00099994382327620707 0.00022836813594749155 0.00069002088658913713 -0.0003080816204356121 9.4658788401415496e-05 7.0382832201771041e-05 0.00014137226104727479 -0.0005535911432316726 -0.00043228094448152451 0.00047122348753491305
leaf_weight=125 601 762 220 422 1509 399 400 85 100 2764 1166 130 456 91 123 146 155 297 244 1268 1111 135 3480 282 3388 323 126 303 261 5396 6189 160 180 401 108 270 89 450 710 2766 231 157 163 296 85 692 122 82 168 630 1274 1734 90 254 104 219 1313 488 82 148 127 81
leaf_count=125 601 762 220 422 1509 399 400 85 100 2764 1166 130 456 91 123 146 155 297 244 1268 1111 135 3480 282 3388 323 126 303 261 5396 6189 160 180 401 108 270 89 450 710 2766 231 157 163 296 85 692 122 82 168 630 1274 1734 90 254 104 219 1313 488 82 148 127 81
internal_value=-0.0081334 -0.0177945 -0.00236783 -0.00935963 0.000976668 0.000355198 -0.00529266 -0.0110294 -0.0264029 -0.0265123 -0.0233281 0.00596578 0.00469731 -0.000118636 -0.00438609 0.000699392 0.0014041 0.00319165 0.000554884 0.00224214 0.00398219 -0.000761782 -0.000303518 -0.000680851 -0.0270078 -0.0222243 0.00268868 0.0123733 0.00365938 0.000486516 -0.0275788 -0.00582474 -0.00808511 -0.00974227 0.00557091 0.00227848 0.00742049 0.000172662 0.00248623 0.00215703 0.00954942 -0.000416667 -0.00742475 -0.00334123 0.0134536 -0.000564463 0.000792406 0.00303393 -0.00286645 -0.0012766 0.00206897 -0.00120585 -0.00398467 -0.000704582 -0.00105649 0.000178344 -0.000319858 -0.00265458 -0.0068543 -0.000659341 0.00597039 0.00143541
internal_weight=46131 22388 8019 1951 23743 21114 1212 611 14369 14269 1928 2629 2196 6068 1408 19902 12199 3928 8271 3625 2357 4646 4348 704 12341 543 211 433 868 5487 9577 581 704 581 1663 552 282 694 3631 3476 687 7703 298 421 193 7546 2422 1502 920 798 1420 5124 782 4342 4088 2354 2250 937 301 636 607 208
internal_count=46131 22388 8019 1951 23743 21114 1212 611 14369 14269 1928 2629 2196 6068 1408 19902 12199 3928 8271 3625 2357 4646 4348 704 12341 543 211 433 868 5487 9577 581 704 581 1663 552 282 694 3631 3476 687 7703 298 421 193 7546 2422 1502 920 798 1420 5124 782 4342 4088 2354 2250 937 301 636 607 208
is_linear=0
shrinkage=0.03


Tree=137
num_leaves=63
num_cat=0
split_feature=0 8 8 6 1 11 0 8 1 10 8 2 3 8 10 5 6 8 10 2 11 7 7 1 8 11 7 7 8 5 2 8 11 2 6 0 10 3 7 8 2 2 0 10 5 6 5 10 2 2 1 1 5 1 2 3 10 7 7 3 10 8
split_gain=4496.74 3321.81 117.574 134.215 87.2835 64.0504 58.4028 40.5137 58.9206 33.3188 25.1625 20.0643 29.3883 20.1995 27.9368 18.7821 17.7598 17.6054 17.3815 15.892 15.8227 15.7977 15.4899 15.1476 14.1679 12.8327 32.3961 12.5333 12.412 11.8021 11.5123 14.6819 10.881 10.4698 10.2511 10.0176 12.8847 9.61711 9.23117 9.20615 8.89743 8.25803 8.15308 8.12116 8.04129 7.92993 7.64306 7.78471 9.85968 10.2827 7.62757 7.57492 10.1335 7.56898 7.45467 7.43244 7.37176 7.3496 12.1687 6.94615 13.9454 6.58544
threshold=1.0000000180025095e-35 -1.0000000180025095e-35 -0.37940952255126059 0.9919160630702849 2.6150000000000007 0.6830127018922193 0.025000000000000005 0.60355339059327384 1.0000000180025095e-35 0.25000000000000011 0.12940952255126045 0.75000000000000011 0.35000000000000003 0.60355339059327384 0.25000000000000011 0.15000000000000005 0.56988722470830055 -0.5 -0.6830127018922193 0.55000000000000016 1.0000000180025095e-35 0.7680472673559825 1.0147758284600392 1.0000000180025095e-35 -0.60355339059327362 0.6830127018922193 0.46077613015155977 0.8229615964784831 0.25881904510252091 0.083333333333333315 1.0000000180025095e-35 1.0000000180025095e-35 -0.5 0.45000000000000007 0.27367423887636216 3.2450000000000006 1.0000000180025095e-35 0.75000000000000011 0.98570308348105951 1.0000000180025095e-35 0.75000000000000011 0.55000000000000016 0.095000000000000015 -0.5 0.82500000000000007 0.51679097540509566 0.083333333333333315 -0.24999999999999994 0.25000000000000006 0.15000000000000005 1.0000000180025095e-35 1.1650000000000003 0.15000000000000005 1.7150000000000001 0.15000000000000005 0.45000000000000007 1.0000000180025095e-35 0.92108611222713288 0.81436450093836721 0.083333333333333315 -0.24999999999999994 -0.60355339059327362
decision_type=10 2 2 2 10 2 10 2 10 2 2 10 10 2 2 8 2 2 2 10 2 10 10 10 2 2 10 10 2 10 10 2 2 8 2 10 2 10 10 2 8 10 10 2 10 2 10 2 10 10 10 10 10 10 10 10 2 10 10 10 2 2
left_child=1 2 16 41 6 40 7 -2 -9 35 15 13 27 14 17 -3 24 22 -12 -7 57 -22 34 33 -1 26 -19 39 -28 -10 32 42 -16 -20 -8 38 -37 59 43 -13 55 -4 -32 -6 45 -15 47 48 49 -36 -44 -34 53 -53 -52 -5 -46 58 -14 60 -27 -18
right_child=4 10 3 5 9 19 11 8 29 -11 18 12 20 44 30 -17 61 25 23 -21 21 -23 -24 -25 -26 37 28 -29 -30 -31 31 -33 51 -35 46 36 -38 -39 -40 -41 -42 -43 50 -45 56 -47 -48 -49 -50 -51 54 52 -54 -55 -56 -57 -58 -59 -60 -61 -62 -63
leaf_value=-1.3046326482158596e-05 -5.4579181520877582e-06 -8.3238387306478967e-06 -1.0084699621624194e-05 -5.7014860867614234e-05 0.00047911466027361957 -1.0700131696399883e-05 -0.00037564913148805599 -8.3777200885278831e-06 2.0012528356511423e-05 0.00097364915051615709 -8.3238387306478967e-06 0.0011721672064172177 1.2637331938374907e-05 0.00019236342100060981 -0.00029589051465555682 -8.3238387306478967e-06 6.8147002758837599e-06 0.0011208138462794497 -8.3238387306478967e-06 -8.2638592238573708e-06 -5.3154034326619577e-05 -0.00063494915442647594 -0.0004020714668438452 -1.8616391076865179e-05 -9.4636680186087629e-06 0.0006638285890180251 0.00018840121919879216 -2.586114639141851e-05 -0.00052545107081626401 -1.7741622270648836e-05 -2.88910854890613e-05 0.00016674066765732132 3.8403155920894717e-05 -8.3238387306478967e-06 2.2095467663140561e-05 0.00031248309303317568 0.0013055191567869961 -0.00037423280993917812 0.00045144009217989555 0.00028322106151443342 -1.7335426009407715e-05 -8.3084792543471747e-06 0.0010004119875494843 -0.00032867185450933699 -3.1686776774735464e-05 -2.6724335967773289e-05 -4.1740242080683065e-05 0.00034268941365128339 0.00056257310764950782 -0.00032527410514768338 0.0011029522430211869 0.0010428325368264568 0.0018279295136899231 0.00018786817680989886 0.00059591684595146073 4.0550855094309409e-05 0.00037525075666679117 0.00039730353743230444 -0.00058976564858320257 0.00095167317414524553 -0.00049374351350737426 -1.2408121982648932e-05
leaf_weight=545 591 744 126 421 441 162 118 408 82 1417 2815 187 4765 106 195 1155 3641 308 2936 215 3532 330 263 82 269 119 390 146 441 131 106 583 386 6658 242 157 93 82 469 175 338 411 80 369 80 2284 1658 202 218 86 158 95 95 268 1098 272 100 93 105 474 87 1664
leaf_count=545 591 744 126 421 441 162 118 408 82 1417 2815 187 4765 106 195 1155 3641 308 2936 215 3532 330 263 82 269 119 390 146 441 131 106 583 386 6658 242 157 93 82 469 175 338 411 80 369 80 2284 1658 202 218 86 158 95 95 268 1098 272 100 93 105 474 87 1664
internal_value=-0.00819378 -0.017825 -0.00241042 -0.0088335 0.000888133 -0.00396026 0.000205578 -0.00618302 -0.0115273 0.00572107 -0.0264624 0.000599817 -0.000408185 0.00151119 0.00227525 -0.0231947 -0.000367647 0.000818938 -0.0269573 -0.0145238 -0.000812373 -0.00225214 -0.000699426 -0.0275726 -0.0044908 0.00304416 0.00102632 0.00660118 -0.00205529 0.00126168 0.00450245 0.00581935 0.00193269 -0.0276832 2.37624e-05 0.00264706 0.00812749 0.00605505 0.00157031 0.00958678 -8.72093e-05 -0.0215799 0.00744283 -0.000369914 -0.000793466 -0.00125471 0.000448691 0.00296395 0.00109689 -0.00218845 0.00807779 0.00340828 0.00601307 0.00370879 0.00749403 0.00185879 0.00530387 0.000308219 0.000147814 0.00722467 0.0026087 0.000265737
internal_weight=46267 22454 8064 1945 23813 1408 20867 1212 621 2946 14390 19655 9333 10322 7752 1899 6119 4688 12491 377 8825 3862 2787 9676 814 1901 1139 508 831 213 3064 2025 1039 9594 2524 1529 250 762 1279 362 1031 537 1442 810 2570 2390 2406 748 546 328 1336 844 458 363 1256 693 180 4963 4870 680 206 5305
internal_count=46267 22454 8064 1945 23813 1408 20867 1212 621 2946 14390 19655 9333 10322 7752 1899 6119 4688 12491 377 8825 3862 2787 9676 814 1901 1139 508 831 213 3064 2025 1039 9594 2524 1529 250 762 1279 362 1031 537 1442 810 2570 2390 2406 748 546 328 1336 844 458 363 1256 693 180 4963 4870 680 206 5305
is_linear=0
shrinkage=0.03


Tree=138
num_leaves=63
num_cat=0
split_feature=0 8 8 6 0 11 0 8 1 10 8 6 2 3 8 6 1 10 8 6 10 2 7 8 1 0 2 2 11 0 10 11 4 2 0 1 10 0 7 8 10 10 3 11 7 11 4 0 1 8 3 2 2 3 7 11 4 4 1 7 0 10
split_gain=4450.34 3284.19 135.26 117.582 72.6043 60.1508 49.1629 50.7077 64.5425 32.2579 29.0137 25.3925 18.972 18.2114 20.2262 22.7422 15.0973 14.8973 18.2738 13.8765 12.6529 12.3483 12.239 12.1667 12.1316 22.2803 11.9939 11.2988 11.1217 13.3229 10.8055 15.6515 28.4026 18.5743 14.4623 14.4699 12.4844 12.3951 10.6986 12.8163 11.5986 10.2004 9.93128 9.51239 9.44795 9.25251 8.77889 8.74667 8.42497 9.51145 8.39161 8.30583 15.8837 14.5254 15.5052 10.6507 8.19143 7.66962 10.0258 8.68618 7.49736 7.32091
threshold=1.0000000180025095e-35 -1.0000000180025095e-35 -0.37940952255126059 0.9919160630702849 2.4750000000000005 0.6830127018922193 0.025000000000000005 0.78656609248549325 1.0000000180025095e-35 0.25000000000000011 0.12940952255126045 0.56067335994511591 0.55000000000000016 0.95000000000000007 0.37940952255126054 0.70439444458987499 1.0000000180025095e-35 0.25000000000000011 -0.5 0.51679097540509566 -0.6830127018922193 0.65000000000000002 0.98818824404761918 -0.60355339059327362 0.015000000000000001 0.15500000000000003 0.55000000000000016 0.55000000000000016 1.0000000180025095e-35 3.1950000000000007 -0.5 0.25000000000000017 0.37222222222222229 1.0000000180025095e-35 0.17500000000000002 0.51500000000000012 0.25000000000000011 0.77500000000000013 0.27949082858950031 0.25881904510252091 -0.24999999999999994 0.25000000000000011 0.52500000000000013 0.6830127018922193 1.0147758284600392 0.93301270189221952 0.17499999999999996 3.2350000000000008 2.5650000000000004 0.25881904510252091 0.25000000000000006 0.75000000000000011 1.0000000180025095e-35 0.35000000000000003 0.81066856330014236 -0.5 0.96250000000000002 0.68285714285714294 0.60333333350000007 0.46535746374021308 1.5050000000000001 1.0000000180025095e-35
decision_type=10 2 2 2 10 2 10 2 10 2 2 2 10 10 2 2 10 2 2 2 2 8 10 2 10 10 10 8 2 10 2 2 10 10 10 10 2 10 10 2 2 2 8 2 10 2 10 10 10 2 10 10 10 10 10 2 8 10 10 10 10 2
left_child=1 2 11 26 6 21 7 -2 -9 22 42 23 -7 14 15 -8 20 18 44 -16 -12 -5 47 -1 -19 -26 -4 -22 29 -11 34 32 36 -33 -21 60 37 -32 40 -40 -20 -35 -3 -15 -17 56 -47 61 49 51 -46 52 55 -53 57 -27 -13 58 -55 -59 -36 -6
right_child=4 10 3 5 9 12 13 8 -10 28 16 45 -14 43 19 17 -18 24 38 30 27 -23 -24 -25 25 48 -28 -29 -30 -31 31 33 -34 41 35 -37 -38 -39 39 -41 -42 -43 -44 -45 50 46 -48 -49 -50 -51 -52 53 -54 54 -56 -57 -58 59 -60 -61 -62 -63
leaf_value=-1.3584793122067969e-05 2.1827161893427786e-06 -8.0741235687284605e-06 -9.778860851356955e-06 2.000196578096083e-05 8.0425915751198833e-05 -1.0379127745507887e-05 -0.00012688599795964358 -8.126388485872047e-06 7.6130435558577999e-06 0.00040954402360647178 -8.0741235687284605e-06 8.6584993384929487e-06 -8.0159434471416488e-06 -1.0059799115595679e-05 0.00022076812782084008 2.0744902259681071e-05 -1.3097810995438018e-05 0.00044517807036160246 0.0013266235639227924 -4.1759968560157524e-05 -8.0741235687284605e-06 -1.873041989369781e-05 0.00054832739190031953 -9.2310466380527001e-06 -0.00029702423640198258 -0.00041792979608013312 -8.0566147942828355e-06 -8.0741235687284605e-06 0.001450261907690835 0.0011958903372574297 -3.7405529734327832e-06 0.00015510886195988616 0.00016006654228304914 -3.3198672624723602e-05 0.00014406461305963966 -0.00011967459306918768 -7.0611490809800199e-06 -0.00053574027526721683 0.00042354158315458299 -0.00013122442918713005 0.00043680202483487447 -0.00019040792892555274 -8.0741235687284605e-06 -0.00011558899285043819 -0.00046813995070405607 7.4164329096224579e-06 -2.8341219138283584e-05 0.00062042223877150195 0.0012176826211715008 -0.00027993537852093794 -4.8478508701429307e-05 0.0012149347470820071 0.00063006741616230991 -0.00058144188248700711 -0.0012368173320116865 0.00041537735340848393 -3.84582031710462e-05 0.0007853690152929485 0.00014237207033524434 -0.00013680553316738951 0.0013923796400395132 -0.00040049788611513703
leaf_weight=515 597 779 117 589 845 171 563 390 199 714 2759 4422 218 4845 178 2855 89 521 194 269 3361 414 503 260 105 127 427 6205 451 378 180 141 610 253 702 368 908 310 1097 328 180 518 1149 623 142 164 436 160 184 229 132 151 1157 86 99 462 313 299 190 219 138 208
leaf_count=515 597 779 117 589 845 171 563 390 199 714 2759 4422 218 4845 178 2855 89 521 194 269 3361 414 503 260 105 127 427 6205 451 378 180 141 610 253 702 368 908 310 1097 328 180 518 1149 623 142 164 436 160 184 229 132 151 1157 86 99 462 313 299 190 219 138 208
internal_value=-0.00815508 -0.0177569 -0.00241581 -0.0093237 0.000874459 -0.0046949 0.000214599 -0.00571188 -0.0119492 0.00503374 -0.0263627 -0.000225822 -0.0146923 0.000577876 0.00115501 0.00195687 -0.0268997 0.00233272 0.00124163 -0.000478584 -0.0269893 -0.000806773 0.00220151 -0.00529639 0.00373629 0.00306437 -0.0211376 -0.0275196 0.00818005 0.00653248 -0.000811733 -0.00186922 -0.000388253 -0.00512596 0.00127876 0.0026799 -0.00274482 -0.00659878 0.00365 0.00246143 0.00816 -0.00695596 -0.0228927 -0.000888645 -0.00014377 0.000511619 -0.00299501 0.000568369 0.00351124 0.00312914 -0.00545455 0.00361161 0.00487693 0.00149282 3.3557e-05 0.000864407 0.000956503 0.00143396 -0.00259928 0.00358382 0.00485137 -0.000426945
internal_weight=46196 22388 8046 1936 23808 1392 20549 1186 589 3259 14342 6110 389 19363 13895 9320 12414 8757 4928 4575 12325 1003 1716 775 3829 3308 544 9566 1543 1092 4397 2920 2008 912 1477 1208 1398 490 1799 1425 374 771 1928 5468 3129 5335 600 1213 3203 3019 274 2790 1746 1044 893 589 4735 794 276 518 840 1053
internal_count=46196 22388 8046 1936 23808 1392 20549 1186 589 3259 14342 6110 389 19363 13895 9320 12414 8757 4928 4575 12325 1003 1716 775 3829 3308 544 9566 1543 1092 4397 2920 2008 912 1477 1208 1398 490 1799 1425 374 771 1928 5468 3129 5335 600 1213 3203 3019 274 2790 1746 1044 893 589 4735 794 276 518 840 1053
is_linear=0
shrinkage=0.03


Tree=139
num_leaves=63
num_cat=0
split_feature=9 8 8 11 8 6 1 8 11 11 1 8 10 1 5 5 3 10 3 6 7 1 10 1 10 1 1 10 8 5 7 10 3 4 8 10 4 11 7 8 10 4 6 7 3 5 10 11 8 4 11 3 3 11 3 11 11 8 4 1 11 7
split_gain=3295.85 3576.67 498.513 260.883 146.035 138.075 97.5018 76.0048 69.358 61.0964 46.2474 26.4213 25.5988 36.0677 22.9162 19.5166 18.289 17.6382 17.407 17.2144 15.0981 14.9956 14.595 13.9692 13.2826 17.7795 12.3794 12.3575 11.4389 11.0571 11.019 10.9598 10.8041 10.6901 9.97907 15.945 13.8817 20.4979 10.5539 9.89225 9.7866 9.72064 8.99625 8.52167 8.44567 12.1459 9.39655 14.1213 9.61029 10.1526 9.0276 15.352 11.0429 8.72875 10.1858 8.14065 8.06061 7.93018 7.87312 7.84756 7.7187 11.0672
threshold=1.0000000180025095e-35 -1.0000000180025095e-35 0.91597561503675362 1.0000000180025095e-35 -0.37940952255126059 0.9919160630702849 1.0000000180025095e-35 0.78656609248549325 0.6830127018922193 0.6830127018922193 2.6050000000000004 0.12940952255126045 -0.24999999999999994 1.0000000180025095e-35 0.15000000000000005 1.0000000180025095e-35 0.95000000000000007 0.68301270189221941 0.95000000000000007 0.55160846378518025 0.95157537003085457 1.0000000180025095e-35 0.68301270189221941 0.7350000000000001 0.68301270189221941 0.045000000000000005 3.3150000000000004 -0.6830127018922193 0.60355339059327384 0.22500000000000003 0.84830591018193213 1.0000000180025095e-35 0.95000000000000007 0.58333333333333337 0.37940952255126054 -0.5 0.37222222222222229 1.0000000180025095e-35 0.34430745608092855 1.0000000180025095e-35 -0.24999999999999994 0.17499999999999996 0.97587888928342192 1.0032638311874311 0.35000000000000003 1.0000000180025095e-35 1.0000000180025095e-35 0.25000000000000017 -0.91597561503675329 0.29285714285714293 0.6830127018922193 0.083333333333333315 0.083333333333333315 -0.68301270189221952 0.75000000000000011 0.6830127018922193 -0.68301270189221952 -0.5 0.51666666666666683 2.4850000000000008 1.0000000180025095e-35 0.073859761918678296
decision_type=2 2 2 2 2 2 10 2 2 2 10 2 2 10 8 8 8 2 10 2 8 10 2 10 2 10 10 2 2 8 10 2 10 10 2 2 10 2 10 2 2 10 2 10 10 10 2 2 2 10 2 10 10 2 10 2 2 2 8 10 2 10
left_child=2 4 7 16 19 -6 11 10 58 24 15 14 -11 -14 -3 28 31 18 26 22 32 -18 -2 -22 -9 42 30 -13 56 -29 -12 -4 34 -10 -17 -36 -37 38 -38 57 -25 -42 -26 -41 46 53 47 -21 -49 -50 51 -48 -52 54 -46 -5 -1 -19 -7 -58 -34 -62
right_child=1 6 3 55 5 8 -8 9 33 12 17 27 13 -15 -16 20 21 39 -20 44 23 -23 -24 40 25 -27 -28 29 -30 -31 -32 -33 60 -35 35 36 37 -39 -40 43 41 -43 -44 -45 45 -47 50 48 49 -51 52 -53 -54 -55 -56 -57 59 -59 -60 -61 61 -63
leaf_value=2.9612660348412033e-05 -7.922747719359759e-06 -7.8318998616666079e-06 -2.0851802169899025e-05 -7.8318998616666079e-06 -7.8347704138620543e-06 1.2182358782718663e-05 -7.6387758850148757e-07 1.3718931233964449e-05 -1.1715375535762618e-05 -1.9470284722350584e-05 0.00083909656409471452 -7.8318998616666079e-06 -7.7318291801803797e-06 -4.4280160766112843e-06 -7.8318998616666079e-06 0.00021274452118875853 -2.2647677164279005e-05 0.00088087017880331012 -0.0014352657346758558 -5.0875132010900925e-05 -0.00046262972573888402 1.5633796354645561e-07 -1.7738999973220766e-05 -0.00034385396786225652 -1.7713769393367259e-05 0.00011022704497761648 0.00091694428478263914 -7.8318998616666079e-06 -2.2643536640311879e-05 -7.8318998616666079e-06 0.000195115284547705 1.7911071494225232e-05 3.2562690389083302e-05 -7.6511869120729859e-06 0.00029058478696421876 -0.00028535737150165569 0.00081296737070195443 -0.00013198021350093207 -3.3957619184390162e-05 0.00012285331286312261 0.00038882587518622279 -0.00016762049097377994 -1.7064331575516739e-05 0.0010842125051511065 0.00020517912905128902 1.855773749035164e-06 -2.4839208882327863e-06 -2.5850070817153501e-05 2.7323510733472986e-05 -4.0445865304070431e-05 5.5135854540764096e-07 0.00011833420678396683 -9.3938075488759809e-05 2.0382076587765507e-05 1.3473915295144078e-05 -7.8318998616666079e-06 0.0004586794716505046 0.0014739528890159936 -1.7346378082805375e-05 -0.00028638847441492975 1.681798143304667e-05 -0.00014301627964837234
leaf_weight=555 780 746 335 481 533 764 129 972 218 148 161 2641 235 86 1158 5524 204 158 88 452 118 85 232 463 102 126 504 3832 542 4994 1380 343 2886 159 554 382 105 414 80 214 251 251 279 87 176 3326 795 167 358 136 145 260 84 609 87 464 2282 453 278 118 738 1013
leaf_count=555 780 746 335 481 533 764 129 972 218 148 161 2641 235 86 1158 5524 204 158 88 452 118 85 232 463 102 126 504 3832 542 4994 1380 343 2886 159 554 382 105 414 80 214 251 251 279 87 176 3326 795 167 358 136 145 260 84 609 87 464 2282 453 278 118 738 1013
internal_value=-0.00821738 -0.0162476 -0.000229057 -0.0148981 -0.00220607 -0.00952381 -0.0261892 0.00109027 -0.00462676 -0.00455618 0.00165977 -0.0264396 -0.0139787 -0.0187267 -0.0231181 0.00102476 -0.00393595 0.00505253 0.0035567 -0.000327287 0.000481221 -0.0102414 -0.00396841 -0.0029059 -0.00156081 -0.00549213 0.00412023 -0.026989 0.00301029 -0.0275428 0.0027821 -0.00123711 0.000795076 -0.0156349 0.00153399 -0.000605469 -0.00290224 -5e-05 0.00822581 0.00854326 -0.00170807 0.00119284 -0.00871728 0.00407285 0.000231959 0.00104311 -0.00118849 -0.00320467 -0.000407855 0.00169697 0.000560311 0.00173295 -0.00482609 0.00419244 0.00875 -0.0260994 0.00374493 0.0107353 -0.00063279 0.00449813 -0.000329884 -0.00190068
internal_weight=46240 23059 23181 1912 9559 1952 13500 21269 1419 1948 19321 13371 469 321 1904 16276 967 3045 2133 7607 12779 289 1012 1083 1479 507 2045 11467 3497 8826 1541 678 11696 377 7059 1535 981 599 185 912 965 502 381 301 6595 4198 2397 1113 661 494 1284 1055 229 872 263 945 2955 611 1042 2400 4637 1751
internal_count=46240 23059 23181 1912 9559 1952 13500 21269 1419 1948 19321 13371 469 321 1904 16276 967 3045 2133 7607 12779 289 1012 1083 1479 507 2045 11467 3497 8826 1541 678 11696 377 7059 1535 981 599 185 912 965 502 381 301 6595 4198 2397 1113 661 494 1284 1055 229 872 263 945 2955 611 1042 2400 4637 1751
is_linear=0
shrinkage=0.03


Tree=140
num_leaves=63
num_cat=0
split_feature=8 9 1 9 6 8 9 11 11 8 11 3 4 10 8 7 6 5 3 7 10 1 4 10 10 10 7 1 10 4 8 4 11 11 4 3 8 10 6 4 9 3 1 7 8 10 3 9 8 4 7 10 5 1 6 4 5 10 1 6 10 11
split_gain=3221.91 3830.18 331.464 192.989 115.352 87.8577 80.3302 172.716 65.6947 41.9853 61.9889 35.8382 31.4056 29.8292 27.5752 24.226 23.403 20.9533 18.7592 16.0794 15.007 20.3145 14.4165 14.1864 13.7404 13.2469 20.0352 15.191 12.8249 11.7044 11.6372 11.4637 11.3833 11.2217 16.7321 15.4019 14.4977 12.7759 10.8598 10.6469 10.5879 20.1357 10.9145 10.7905 10.3868 10.3654 9.92181 9.82134 9.65831 9.53771 9.43669 11.4405 10.5858 8.79242 9.01786 9.9444 8.43134 7.94496 7.8329 7.60095 7.44285 7.2071
threshold=-1.0000000180025095e-35 -0.37940952255126015 1.0000000180025095e-35 0.91597561503675351 0.9919160630702849 -0.5 1.0000000180025095e-35 1.0000000180025095e-35 0.6830127018922193 0.78656609248549325 0.6830127018922193 0.62500000000000011 0.058333333333333307 0.25000000000000011 0.12940952255126045 1.0189076464746776 0.9919160630702849 0.15000000000000005 0.95000000000000007 0.96495490336268253 0.68301270189221941 0.015000000000000001 0.11666666666666667 -0.6830127018922193 -0.6830127018922193 -0.5 0.031915038094332708 0.56500000000000006 0.68301270189221941 0.58333333333333337 0.37940952255126054 0.58333333333333337 -0.24999999999999994 0.25000000000000017 0.37222222222222229 0.95000000000000007 0.37940952255126054 0.25000000000000011 0.97587888928342192 0.51666666666666683 -0.12940952255126037 0.45000000000000007 0.19166666650000003 0.62259526452090286 -0.60355339059327362 1.0000000180025095e-35 0.35000000000000003 -0.60355339059327384 0.60355339059327384 0.17499999999999996 0.98383733798154338 0.68301270189221941 0.82500000000000007 0.86166666650000012 0.4249784619452962 0.68285714285714294 0.22500000000000003 0.68301270189221941 3.1450000000000005 0.9919160630702849 0.68301270189221941 -0.5
decision_type=2 2 10 2 2 2 2 2 2 2 2 8 8 2 2 10 2 8 10 8 2 10 10 2 2 2 10 10 2 10 2 10 2 2 10 10 2 2 2 8 2 10 10 10 2 2 10 2 2 10 10 2 10 10 2 10 8 2 10 2 2 2
left_child=3 9 6 5 -5 12 7 18 39 15 20 28 23 29 17 25 44 -8 -3 40 -11 38 48 -1 -16 26 30 -28 -7 -12 -2 -10 -13 34 37 -36 49 -27 -22 -6 41 43 -43 -18 -14 -4 57 -25 -17 -35 52 -52 -49 54 -37 -56 -26 -42 -39 -51 -46 -21
right_child=1 2 45 4 8 11 14 -9 31 10 13 32 16 -15 24 22 19 -19 -20 61 21 -23 -24 47 56 33 27 -29 -30 -31 -32 -33 -34 36 35 53 -38 58 -40 -41 46 42 -44 -45 60 -47 -48 50 -50 59 51 -53 -54 -55 55 -57 -58 -59 -60 -61 -62 -63
leaf_value=-9.4065986582220631e-06 0.0011250026174329378 -8.7975319296409127e-06 -3.4124911221096557e-05 -7.5997273014461933e-06 2.1492846480370668e-05 0.0007563437658210442 -7.5969428658166092e-06 -7.5969428658166092e-06 -9.9027627864856774e-06 2.2628912793010018e-05 -7.2623152257719549e-06 0.00049673620137728747 -2.4221012667642455e-05 -7.4998743047749673e-06 -7.5969428658166092e-06 0.00093560407215348028 0.0010751026937528844 -7.5969428658166092e-06 -2.0010101989359646e-05 -4.7600102633643668e-05 -1.6300857211422928e-05 8.425780262235362e-05 -1.3577022077989053e-05 0.0005665793708218924 -7.5969428658166092e-06 -0.00032151677433147171 -0.00022544589174097829 8.1089457420704662e-05 0.0013936452084716367 -7.4998743047749673e-06 0.00023753581582419816 -7.4868916613271355e-06 3.5389442981189622e-05 0.00054728683826195553 0.0005459139565711363 -3.0422684045689274e-05 -0.00014986230321844152 -7.2995729033621396e-05 -2.4896412700531142e-05 -1.6797962869558372e-05 -5.1258007916638627e-05 0.00048860077559578416 -1.6224976423283298e-05 0.00057750722067747889 -8.6907884773292259e-06 9.7197479697000127e-06 5.8521554971492814e-06 4.9199995646212795e-05 0.000101380206778105 -0.00025531263770900648 -0.00027081763057970186 0.00034055053576265138 -5.2747697953678327e-05 -0.00035512411695692674 -7.5513724170239013e-05 0.00042730966267496672 -7.5969428658166092e-06 3.0442777282301702e-05 0.00074868825043164391 -5.3368244534353068e-05 -1.5058471191736342e-05 -0.00055237493745299902
leaf_weight=1256 162 388 219 516 738 1284 757 908 225 944 171 1003 3291 181 2649 300 232 1157 208 165 94 144 205 471 3795 568 178 1104 523 122 712 146 1029 211 621 327 832 927 257 282 682 168 1426 367 312 328 3046 2901 149 187 278 180 85 220 82 219 5000 191 125 479 117 217
leaf_count=1256 162 388 219 516 738 1284 757 908 225 944 171 1003 3291 181 2649 300 232 1157 208 165 94 144 205 471 3795 568 178 1104 523 122 712 146 1029 211 621 327 832 927 257 282 682 168 1426 367 312 328 3046 2901 149 187 278 180 85 220 82 219 5000 191 125 479 117 217
internal_value=-0.00830728 -0.0156119 -0.0248546 0.000310903 -0.00878931 0.00121404 -0.0256987 -0.0190963 -0.00428879 -0.000652174 -0.00462382 0.00527344 0.000200832 -0.0140211 -0.0264406 0.000346958 -0.000763583 -0.0230601 -0.00653266 0.000323326 -0.00152083 -0.00574597 0.0058626 0.00210557 -0.0270039 -0.000172538 0.00178025 -0.00060795 0.00834624 -0.00806122 0.00528 -0.0150806 0.00253812 -0.00105022 2.91262e-05 0.00234694 -0.003 -0.00207279 -0.00963068 -0.000352595 0.000696876 0.00236554 0.000601881 0.00705 -0.00266058 -0.00191606 -0.000237245 0.0029954 0.00886667 -0.000307517 0.00243832 -0.00156863 0.00305323 -0.000282686 0.00152623 0.0052649 -0.0275887 -0.00305492 -0.00011396 -0.00206897 -0.00704651 -0.00563969
internal_weight=46061 24930 15409 21131 1907 19224 14862 1504 1391 9521 1913 3839 15385 474 13358 7608 10214 1914 596 6494 1439 495 654 5171 11444 6954 2156 1282 1807 293 874 371 2032 4798 3089 1469 1709 1620 351 1020 6112 2193 1594 599 3720 547 3919 3915 449 877 3444 458 2986 848 628 301 8795 873 1052 666 429 382
internal_count=46061 24930 15409 21131 1907 19224 14862 1504 1391 9521 1913 3839 15385 474 13358 7608 10214 1914 596 6494 1439 495 654 5171 11444 6954 2156 1282 1807 293 874 371 2032 4798 3089 1469 1709 1620 351 1020 6112 2193 1594 599 3720 547 3919 3915 449 877 3444 458 2986 848 628 301 8795 873 1052 666 429 382
is_linear=0
shrinkage=0.03


Tree=141
num_leaves=63
num_cat=0
split_feature=0 8 9 6 9 0 8 1 2 4 8 5 1 0 6 10 10 8 8 7 1 0 10 0 0 8 4 2 10 5 4 0 5 0 1 8 10 0 8 5 7 10 1 8 2 5 7 7 2 2 4 7 7 10 4 0 0 0 2 0 7 9
split_gain=4475.25 3214.31 118.437 135.501 75.2094 41.4033 47.481 56.2771 41.2219 33.049 31.2562 21.859 20.5525 17.5426 16.8277 16.6886 14.0384 12.0511 11.3476 16.1113 22.3427 30.2091 14.8533 17.7355 13.8281 12.5519 13.8559 11.3436 11.0561 10.9843 10.8894 8.81302 8.54654 9.46468 10.9548 8.31195 8.27268 8.22702 7.69591 8.20223 7.58895 15.1557 9.88212 7.47798 7.35876 6.98635 6.90513 6.48785 9.8089 9.44668 7.80779 6.34475 6.31978 6.89606 6.13294 8.08571 5.87289 10.3541 5.86787 10.5828 5.86326 5.84105
threshold=1.0000000180025095e-35 -1.0000000180025095e-35 0.91597561503675351 0.9919160630702849 -0.70710678118654757 0.025000000000000005 0.60355339059327384 1.0000000180025095e-35 0.65000000000000002 0.51666666666666683 0.12940952255126045 0.15000000000000005 1.0000000180025095e-35 3.3050000000000002 0.31691654995395618 -0.6830127018922193 1.0000000180025095e-35 1.0000000180025095e-35 0.25881904510252091 1.023696919026168 0.75500000000000012 1.9450000000000001 0.25000000000000011 1.3450000000000004 2.8250000000000006 -0.5 0.058333333333333307 0.45000000000000007 0.68301270189221941 0.083333333333333315 0.17499999999999996 1.4850000000000001 0.083333333333333315 1.2650000000000003 1.1650000000000003 1.0000000180025095e-35 0.68301270189221941 2.8450000000000002 0.91597561503675362 0.35000000000000003 0.9973800264740782 0.68301270189221941 0.14500000000000005 -0.5 0.8500000000000002 0.22500000000000003 0.92108611222713288 0.56609579100145158 0.75000000000000011 1.0000000180025095e-35 0.083333333333333315 0.95157537003085457 0.084135282687147248 -0.5 0.78333333333333355 0.39500000000000007 0.42500000000000004 0.7350000000000001 0.55000000000000016 0.16500000000000004 0.98383733798154338 -0.12940952255126037
decision_type=10 2 2 2 2 10 2 10 10 8 2 8 10 10 2 2 2 2 2 8 10 10 2 10 10 2 10 8 2 10 10 10 10 10 10 2 2 10 2 10 10 2 10 2 10 10 10 10 10 10 10 10 10 2 10 10 10 10 10 10 10 2
left_child=1 2 14 -4 8 6 -6 -8 13 44 11 -3 15 18 28 -12 -15 29 22 20 21 30 23 -2 51 26 -25 -17 -1 -10 31 -20 40 34 38 43 -11 60 61 -40 42 56 58 -24 -5 -9 -37 -44 49 -49 -51 -22 53 -19 55 -55 -42 -58 -7 -60 -27 -34
right_child=4 10 3 9 5 32 7 45 17 36 12 -13 -14 16 -16 27 -18 52 19 -21 24 -23 35 25 -26 37 -28 -29 -30 -31 -32 -33 33 -35 -36 46 -38 -39 39 -41 41 -43 47 -45 -46 -47 -48 48 -50 50 -52 -53 -54 54 -56 -57 57 -59 59 -61 -62 -63
leaf_value=-7.4243416334590901e-06 0.0023147681140454901 -7.3690345798421103e-06 -7.3720244141014717e-06 -8.027241937572267e-08 5.3083641840021876e-07 -1.3590583078206117e-05 -7.3031690883218093e-06 1.4146075680353609e-05 0.00067256525685962349 -7.203247036449245e-06 -7.3690345798421103e-06 -7.3690345798421103e-06 -1.107143299612903e-05 9.708904613952462e-05 3.3972473851844336e-08 -7.3690345798421103e-06 0.0013972178430334313 0.00028154118734285212 -0.0004238712456857063 0.00077430478783724083 -0.00052091708878375333 0.001598310017821085 0.0005684346698236187 0.00015933252748089822 0.00038109258387601874 0.00043240298181830062 -0.00086633480262696008 -7.3690345798421103e-06 -1.297138103474319e-05 0.00012423987216152968 0.00081630806389093114 0.00019628262690825848 1.2036602374751667e-05 -0.00026986984295279763 0.00048366101613101675 -6.3892631764881909e-05 -1.4158297346720201e-05 9.7660685245065657e-05 -7.8188997832425767e-05 -1.3672495968512871e-05 4.606390592626127e-05 0.00019075621716998863 0.00080160616748041621 0.0013518358522174878 -1.3463957477218846e-05 -2.4402512606279809e-05 0.00057935799236013218 2.4641018944244404e-05 -0.00036206641842519231 0.00056487385294917421 0.00019738262391006442 -5.5444412616924006e-05 -7.0193806220737452e-05 -0.00023667112593814439 0.00010900636424458556 4.0890743006310316e-05 -0.00030879857708329721 -0.00010819429294796095 -6.8242799606492037e-05 0.0002225085923785635 0.00083754685275428558 -5.0945503896050476e-05
leaf_weight=442 83 765 531 841 564 1020 404 105 308 300 2796 1170 95 125 5424 2961 318 258 128 230 405 119 349 266 144 637 198 6643 142 2856 167 179 3891 1102 330 134 125 435 138 437 83 254 159 565 113 112 172 404 138 369 269 316 2212 100 418 202 90 324 133 177 176 1830
leaf_count=442 83 765 531 841 564 1020 404 105 308 300 2796 1170 95 125 5424 2961 318 258 128 230 405 119 349 266 144 637 198 6643 142 2856 167 179 3891 1102 330 134 125 435 138 437 83 254 159 565 113 112 172 404 138 369 269 316 2212 100 418 202 90 324 133 177 176 1830
internal_value=-0.0082844 -0.0179283 -0.00256851 -0.00907378 0.000759 -0.000868331 -0.0061973 -0.0119132 0.00250413 -0.0041087 -0.0263558 -0.0227634 -0.0269102 0.00449971 -0.000499251 -0.0270172 0.0102027 0.00088749 0.00396046 0.00198934 0.000822481 0.00530303 0.005063 0.00332405 -0.00225173 0.002662 -0.00154839 -0.0276231 -0.00533333 0.00219905 0.00189474 -0.00146104 -0.000301372 -0.000853927 -0.000425532 0.00761671 -0.0110563 0.00422738 -0.000705098 -0.00401042 0.000947091 -0.00171543 0.00169663 0.00904918 -0.00100524 0.000412844 0.00332248 0.00351493 0.00274344 0.00373921 0.00600939 -0.00394737 -0.000413663 0.00159346 8.32178e-05 -0.00316832 -0.00475904 -0.00621687 -0.000135237 0.00347267 0.00600737 -0.000372247
internal_weight=46181 22348 7918 1910 23833 12333 1185 621 11500 1379 14430 1935 12495 5146 6008 12400 443 6354 4703 1688 1458 593 3015 1795 865 1712 464 9604 584 3164 474 307 11148 7728 6626 1220 425 1248 6296 575 3420 751 2669 914 954 217 306 1339 1180 1042 638 721 3190 978 720 302 497 414 1330 310 813 5721
internal_count=46181 22348 7918 1910 23833 12333 1185 621 11500 1379 14430 1935 12495 5146 6008 12400 443 6354 4703 1688 1458 593 3015 1795 865 1712 464 9604 584 3164 474 307 11148 7728 6626 1220 425 1248 6296 575 3420 751 2669 914 954 217 306 1339 1180 1042 638 721 3190 978 720 302 497 414 1330 310 813 5721
is_linear=0
shrinkage=0.03


Tree=142
num_leaves=63
num_cat=0
split_feature=0 9 9 6 0 9 1 9 9 0 11 2 9 1 6 11 9 5 9 3 6 11 0 11 7 6 4 9 2 4 0 4 7 5 4 2 0 7 7 11 9 9 0 2 11 0 11 0 1 3 0 1 0 2 2 7 1 9 0 11 1 7
split_gain=4445.63 257.654 151.033 73.5685 72.4968 54.093 53.5833 58.2478 360.564 51.098 44.2852 35.4365 28.2973 29.9349 18.6076 16.6869 19.0471 14.8248 14.2659 12.8483 12.2469 12.1223 12.0687 15.3095 11.6886 10.8761 10.4055 9.80628 9.68301 9.16337 9.83315 8.96467 8.58651 8.03919 8.00656 7.5102 11.9201 7.45707 7.45115 7.16595 7.10534 6.82136 8.74916 7.63678 12.0251 10.9206 6.76008 12.4467 8.07082 6.73609 14.3929 10.631 7.00237 6.84475 6.72606 11.7658 6.7017 10.1785 8.12723 6.66059 36.2788 6.25242
threshold=1.0000000180025095e-35 0.37940952255126048 0.91597561503675351 0.9919160630702849 0.025000000000000005 0.98296291314453421 1.0000000180025095e-35 0.1294095225512602 0.25881904510252057 2.6950000000000007 0.6830127018922193 0.55000000000000016 -0.12940952255126037 1.0000000180025095e-35 0.9919160630702849 0.25000000000000017 0.60355339059327384 0.15000000000000005 -0.70710678118654757 0.8500000000000002 0.78953051963513776 0.25000000000000017 3.3050000000000002 1.0000000180025095e-35 0.98948946579341923 0.89949949310841004 1.0000000180025095e-35 0.60355339059327384 0.55000000000000016 0.73666666666666669 2.2650000000000001 0.11666666666666667 0.29236323243543466 0.083333333333333315 0.58333333333333337 0.95000000000000007 0.22500000000000003 0.92108611222713288 0.61732364733436551 -0.68301270189221952 0.37940952255126048 -0.12940952255126037 0.42500000000000004 0.95000000000000007 -0.68301270189221952 0.095000000000000015 -0.68301270189221952 1.6450000000000002 2.9450000000000007 0.95000000000000007 1.2450000000000003 0.29500000000000004 1.4850000000000001 0.35000000000000003 0.45000000000000007 0.57767099613725714 0.015000000000000001 -0.60355339059327384 1.5450000000000002 -0.68301270189221952 1.0000000180025095e-35 0.70646166682181299
decision_type=10 2 2 2 10 2 10 2 2 10 2 8 2 10 2 2 2 8 2 10 2 2 10 2 10 2 8 2 10 10 10 8 10 10 10 10 10 10 10 2 2 2 10 10 2 10 2 10 10 10 10 10 10 10 10 10 10 2 10 2 10 10
left_child=1 6 11 -4 12 10 7 -1 34 14 31 15 13 -2 21 16 39 -7 19 46 33 41 23 -11 -20 -17 27 -22 -12 30 -21 -5 -31 -13 -9 54 -37 -25 -34 -3 59 49 43 44 -43 -45 47 -16 -48 50 51 -6 -52 -54 -23 -56 57 -51 -58 60 -14 -49
right_child=4 2 3 5 9 17 -8 8 -10 22 28 20 40 -15 18 25 -18 -19 24 29 26 35 -24 37 -26 -27 -28 -29 -30 32 -32 -33 38 -35 -36 36 -38 -39 -40 -41 -42 42 -44 45 -46 -47 48 61 -50 56 52 -53 53 -55 55 -57 58 -59 -60 -61 -62 -63
leaf_value=-7.1479635424468472e-06 -8.0574825878423539e-06 -7.0902205282243403e-06 -7.1479635424468472e-06 -7.0794022110179673e-06 4.4681988748473465e-05 -7.1479635424468472e-06 -4.9985089070625287e-06 -2.7379342984334297e-05 -7.1479635424468472e-06 0.0002553339778619912 -7.1479635424468472e-06 -7.3768366084226111e-06 -7.0015038740328946e-06 -6.3459274663546501e-06 0.00099673011280971397 -7.078983346051856e-06 -9.0508706017314108e-06 -7.1479635424468472e-06 2.1157190801662577e-05 -0.00024841479398125072 -1.0680335951084008e-05 0.00015817084043551977 0.0011336630944994242 0.0001915809918642275 -7.9593457071318872e-05 -9.8262954989294118e-06 -7.1479635424468472e-06 -9.7595477809599734e-06 -7.1479635424468472e-06 0.00040956832047843781 0.0011518820053298901 -7.1479635424468472e-06 -0.00028267986026809464 -7.1479635424468472e-06 3.0933031212487281e-06 -7.3651816684304348e-05 9.1775532212716234e-05 0.0014373627251297722 0.0010203849165947387 -1.2489061486980665e-05 2.8681336574895661e-06 0.00014707643618378755 -0.00035987795791947718 2.4355556657460788e-05 -5.9944407392199423e-05 -0.00011255639398387128 0.00033411004442732124 0.00066768352760795317 0.0017444226654932226 2.7113545724651716e-05 -0.00037322126998062366 0.00072593657876617132 0.00048776310858241742 -0.00010967544403512441 -0.00011043979975357836 -0.00094621009290744265 3.8998276282901642e-05 -5.7393764558224271e-05 -0.00029285994780081978 -1.7146979143927855e-05 1.3417108528408612e-05 -0.00034131187262678942
leaf_weight=2828 311 228 1586 1065 237 678 129 399 1899 1617 319 92 99 130 97 83 1983 733 6920 758 130 106 479 87 1227 1753 4310 342 445 303 113 962 241 1550 305 279 358 246 105 549 244 152 169 111 167 124 4044 80 97 245 105 236 89 375 655 160 1906 246 191 312 91 354
leaf_count=2828 311 228 1586 1065 237 678 129 399 1899 1617 319 92 99 130 97 83 1983 733 6920 758 130 106 479 87 1227 1753 4310 342 445 303 113 962 241 1550 305 279 358 246 105 549 244 152 169 111 167 124 4044 80 97 245 105 236 89 375 655 160 1906 246 191 312 91 354
internal_value=-0.00832227 -0.0179311 -0.0160771 -0.0200035 0.000683789 -0.0179158 -0.0235317 -0.0239856 -0.0207258 0.00106217 -0.0154835 -0.0140132 -0.0065404 -0.0125566 0.000568861 -0.0119948 -0.0134734 -0.0227125 0.00115272 0.00223801 -0.0154553 -0.000847429 0.00517284 0.00412096 0.000327688 -0.00976592 -0.014677 -0.0104017 -0.0216471 -0.000157791 -0.00216743 -0.0131509 0.00253846 -0.0177115 -0.00238298 -0.00311738 -0.000611285 0.00997006 -0.000691643 -0.0174679 -0.00297189 -3.44511e-05 -0.00269337 -0.000864865 0.00215625 -0.00495763 0.00301733 -0.000169173 0.00342588 0.000495731 0.00253116 0.00639241 -0.000684211 0.000903226 -0.00484816 -0.00577206 -0.00032445 -0.00347561 0.000414681 -0.00500994 -0.00942408 -0.00234483
internal_weight=46234 22368 16808 5788 23866 4202 5560 5431 2603 22679 2791 11020 1187 441 20250 4596 2760 1411 14339 6192 6424 5911 2429 1950 8147 1836 4782 472 764 1520 871 2027 649 1642 704 1558 637 333 346 777 746 4353 723 554 319 235 4672 531 4141 3630 1042 473 569 464 921 815 2588 491 2097 502 190 434
internal_count=46234 22368 16808 5788 23866 4202 5560 5431 2603 22679 2791 11020 1187 441 20250 4596 2760 1411 14339 6192 6424 5911 2429 1950 8147 1836 4782 472 764 1520 871 2027 649 1642 704 1558 637 333 346 777 746 4353 723 554 319 235 4672 531 4141 3630 1042 473 569 464 921 815 2588 491 2097 502 190 434
is_linear=0
shrinkage=0.03


Tree=143
num_leaves=63
num_cat=0
split_feature=0 8 9 6 11 0 0 8 1 8 11 0 1 10 6 2 2 2 1 7 3 2 8 10 2 10 0 10 8 10 2 2 0 1 7 0 7 3 11 3 7 3 11 0 9 11 0 2 1 8 7 0 11 1 6 9 7 6 0 11 2 10
split_gain=4514.42 3258.66 132.039 131.634 69.0091 60.716 44.9046 44.081 43.8463 30.3224 28.8373 24.9494 12.7627 12.7768 12.7616 12.197 11.9006 10.8621 10.6926 10.2936 9.94818 9.89966 9.46169 9.12598 8.71974 8.67241 9.45736 8.52664 8.00254 11.6301 14.0503 20.0572 12.4736 11.0779 17.8397 14.6688 10.3994 11.1364 9.55491 8.79924 8.627 10.0211 12.5455 10.2503 14.6314 7.58911 12.1064 9.81431 7.45292 7.0531 6.8317 6.73437 12.3814 7.85031 6.15456 5.87747 10.3048 7.87423 5.78855 5.68345 14.5375 15.6019
threshold=1.0000000180025095e-35 -1.0000000180025095e-35 0.91597561503675351 0.9919160630702849 0.6830127018922193 0.025000000000000005 2.1050000000000004 0.78656609248549325 1.0000000180025095e-35 0.12940952255126045 1.0000000180025095e-35 3.3150000000000004 1.0000000180025095e-35 -0.6830127018922193 0.31179268315033476 0.45000000000000007 0.8500000000000002 0.65000000000000002 2.8450000000000002 0.19884702286018077 0.95000000000000007 0.45000000000000007 -0.60355339059327362 1.0000000180025095e-35 0.55000000000000016 0.25000000000000011 2.2450000000000006 0.25000000000000011 1.0000000180025095e-35 0.25000000000000011 0.75000000000000011 1.0000000180025095e-35 1.8050000000000004 0.29500000000000004 0.95157537003085457 0.38500000000000006 0.68218975532476689 0.57500000000000007 -0.5 0.25000000000000006 0.18333970658185586 0.75000000000000011 0.25000000000000017 0.55500000000000016 -0.12940952255126037 -0.24999999999999994 1.2050000000000003 0.55000000000000016 1.5350000000000004 -0.70710678118654735 0.44278167043495786 2.4550000000000005 0.6830127018922193 2.2250000000000005 0.70439444458987499 0.1294095225512602 0.063241418093146609 0.91428148076137306 2.3350000000000004 1.0000000180025095e-35 1.0000000180025095e-35 0.25000000000000011
decision_type=10 2 2 2 2 10 10 2 10 2 2 10 10 2 2 10 8 10 10 10 8 8 2 2 10 2 10 2 2 2 10 10 10 10 10 10 10 10 2 10 10 10 2 10 2 2 10 10 10 2 10 10 2 10 2 2 10 2 10 2 10 2
left_child=1 2 14 17 16 7 18 -2 -9 20 11 19 13 -11 22 51 -5 54 28 -8 -3 -15 -1 -13 -6 -21 -27 -10 29 33 31 38 -33 35 40 -7 37 -32 -31 -40 -35 43 50 -42 -45 46 -36 -47 55 -44 -43 52 53 -12 -4 56 57 -39 -55 60 61 -16
right_child=5 9 3 4 24 6 10 8 27 12 15 23 -14 21 59 -17 -18 -19 -20 25 -22 -23 -24 -25 -26 26 -28 -29 -30 30 36 32 -34 34 45 -37 -38 48 39 -41 41 42 49 44 -46 47 -48 -49 -50 -51 -52 -53 -54 58 -56 -57 -58 -59 -60 -61 -62 -63
leaf_value=-1.0839948357087433e-05 -1.9976634918030412e-06 -6.9335246361734416e-06 -8.586860455660552e-06 1.7528333940062549e-05 -9.2023626846205253e-06 -2.6614325142577389e-05 0.00079102447645435273 -6.7975677477582884e-06 -1.8216128482488449e-05 -6.9335246361734416e-06 0.00097191443942944925 0.00020206826467826454 -1.6089815923158926e-05 -6.9335246361734416e-06 -6.5755435446841098e-05 0.00032294736234659839 -1.6713640750949082e-05 -6.9188918627325779e-06 0.0011395206130191194 -2.6010421505116841e-05 -6.9335246361734416e-06 -6.9335246361734416e-06 -6.3793181791524965e-06 0.0011595151275578751 -6.8907864691585138e-06 -0.00075753258105375806 0.00039512511840822547 3.045982590041205e-05 -9.9110631930352049e-06 -0.00034515317785928866 0.00073956747619161349 0.00052715159133835275 -0.0001189796935510895 0.0003454395428120766 0.00048278214035389426 -0.00033373579046599999 -0.00049889975295134387 0.00015742746692302165 0.00052059227226189213 -0.0003793013685655216 0.00095114452909282133 0.00022832244881094033 -0.00083579699990901093 0.00030409406238104481 -0.00032348924353487406 -0.00026155240097482048 -0.00032513837203500262 -0.00076587738700367128 0.0014297447296632128 -0.00019097540393266734 -7.1451271104037986e-05 0.0013037510139178859 0.0013746749989435347 -0.00047990158057942874 -8.5901582372790647e-06 -0.00013137700390135885 -2.7159414544999926e-05 -1.4301175903919868e-05 0.00031001094522791151 -5.6722478703326822e-06 2.3081791355492754e-05 3.9454749631975017e-05
leaf_weight=383 593 1461 80 752 170 1327 85 368 98 2794 128 137 94 2962 179 282 261 369 187 1894 471 6634 196 309 203 95 1026 97 8100 142 181 1039 158 212 141 247 305 213 383 86 280 536 112 946 167 273 135 84 82 304 623 570 151 86 83 132 1247 121 92 3367 1707 228
leaf_count=383 593 1461 80 752 170 1327 85 368 98 2794 128 137 94 2962 179 282 261 369 187 1894 471 6634 196 309 203 95 1026 97 8100 142 181 1039 158 212 141 247 305 213 383 86 280 536 112 946 167 273 135 84 82 304 623 570 151 86 83 132 1247 121 92 3367 1707 228
internal_value=-0.00836535 -0.0180308 -0.00264695 -0.00950495 -0.0046287 0.000739432 0.00108228 -0.0059637 -0.0119681 -0.0265437 0.0036388 0.00223287 -0.0270901 -0.0271746 -0.000475169 0.00744275 -0.00056213 -0.0221764 0.00038336 0.00127701 -0.0230005 -0.0277087 -0.0047069 0.00885906 -0.0156417 0.000984748 0.00307487 -0.000459184 0.00030722 0.000899019 0.00210513 0.0040796 0.00633556 -1.67038e-05 0.000857368 -0.00213333 0.000539001 0.00133536 -0.000343137 0.0017234 0.00177303 0.00135399 -0.000285533 0.0032066 0.00191203 -0.00373817 0 -0.00662011 0.00061804 -0.0047482 0.00131897 0.00895914 0.00622271 0.00273616 -0.0155488 0.000192532 0.000701643 0.00537313 -0.00134078 -2.73623e-05 0.00119149 -0.00389706
internal_weight=46168 22394 7978 1918 1386 23774 22618 1156 563 14416 4855 3546 12484 12390 6060 1309 1013 532 17763 3100 1932 9596 579 446 373 3015 1121 195 17576 9476 4089 1808 1197 5387 3813 1574 2281 1976 611 469 3180 2968 1575 1393 1113 633 276 357 1795 416 1159 1027 457 306 163 1713 1581 334 178 5481 2114 407
internal_count=46168 22394 7978 1918 1386 23774 22618 1156 563 14416 4855 3546 12484 12390 6060 1309 1013 532 17763 3100 1932 9596 579 446 373 3015 1121 195 17576 9476 4089 1808 1197 5387 3813 1574 2281 1976 611 469 3180 2968 1575 1393 1113 633 276 357 1795 416 1159 1027 457 306 163 1713 1581 334 178 5481 2114 407
is_linear=0
shrinkage=0.03


Tree=144
num_leaves=63
num_cat=0
split_feature=0 8 9 2 0 8 0 8 5 11 11 10 0 10 3 4 5 5 9 11 4 7 2 11 8 10 8 2 2 3 11 4 11 5 5 7 9 5 2 0 0 3 7 10 0 0 4 2 11 5 0 0 0 10 0 7 7 7 9 9 11 7
split_gain=4338.98 3277.84 107.467 78.5169 62.4989 41.6991 36.0556 26.5725 23.6748 19.979 18.2247 17.8383 18.412 15.9233 14.8459 14.1828 12.4713 12.4166 13.1093 10.8551 10.3361 16.2542 11.7841 24.7837 10.6675 16.1356 14.2075 11.3559 17.3911 9.79801 10.9456 9.50909 11.6636 9.38794 9.33892 8.76704 15.5391 17.0804 10.5884 9.49821 8.78084 8.57044 7.95581 7.68138 9.68226 7.93917 13.4147 12.3932 12.3676 8.80625 12.2327 8.04795 7.67892 7.36591 7.36032 8.64967 7.15451 9.65437 7.14353 7.12094 7.00509 7.97477
threshold=1.0000000180025095e-35 -1.0000000180025095e-35 0.91597561503675351 0.65000000000000002 0.025000000000000005 0.78656609248549325 2.3350000000000004 0.12940952255126045 0.15000000000000005 0.6830127018922193 0.6830127018922193 0.68301270189221941 3.4550000000000005 -0.6830127018922193 0.95000000000000007 0.9125000000000002 0.22500000000000003 1.0000000180025095e-35 0.78656609248549303 1.0000000180025095e-35 0.8583333333333335 0.7680472673559825 0.8500000000000002 1.0000000180025095e-35 0.37940952255126054 1.0000000180025095e-35 -0.5 0.75000000000000011 1.0000000180025095e-35 0.35000000000000003 -0.5 0.083333333333333315 0.25000000000000017 0.15000000000000005 0.15000000000000005 0.94949559701744335 -0.12940952255126037 0.083333333333333315 0.25000000000000006 0.33500000000000008 1.0350000000000004 0.35000000000000003 1.4989711938271608 -0.5 0.17500000000000002 0.20500000000000004 0.4333333333333334 1.0000000180025095e-35 1.0000000180025095e-35 0.083333333333333315 1.2650000000000003 0.085000000000000006 1.5650000000000002 0.68301270189221941 0.38500000000000006 0.89264347308950354 0.76214145679384726 0.95732312792012275 -0.12940952255126037 -0.60355339059327384 -0.24999999999999994 0.67508672924406132
decision_type=10 2 2 8 10 2 10 2 8 2 2 2 10 2 10 8 8 8 2 2 10 10 10 2 2 2 2 10 10 10 2 10 2 10 10 10 2 10 10 10 10 10 10 2 10 10 10 10 2 10 10 10 10 2 10 10 10 10 2 2 2 10
left_child=1 2 17 9 5 -2 14 8 -3 -4 15 12 -8 -9 20 34 -15 29 -19 52 22 58 24 -24 25 26 35 28 33 -1 -31 -30 -33 -27 -5 36 37 -6 39 -38 -39 -29 43 44 -26 47 49 -45 -48 50 53 -49 -16 54 -47 -56 -46 -58 -22 -21 61 -42
right_child=4 7 3 10 6 -7 11 13 -10 -11 -12 -13 -14 16 19 -17 -18 18 -20 59 21 -23 23 -25 42 27 -28 41 31 30 -32 32 -34 -35 -36 -37 38 40 -40 -41 60 -43 -44 45 56 46 48 51 -50 -51 -52 -53 -54 -55 55 -57 57 -59 -60 -61 -62 -63
leaf_value=-7.8426436683168288e-07 -6.8031835334674688e-06 -6.7255188970882385e-06 -5.3637124218642879e-06 -6.6814786013853772e-06 0.00099316830134891956 -6.587531725379158e-06 0.00014503629642216185 -6.7255188970882385e-06 -6.7255188970882385e-06 -8.9262918040819088e-06 -6.6840628750837582e-06 0.00076429959493196857 0.0012062881122175872 -6.7255188970882385e-06 5.8045843362045104e-06 -6.6326166406423864e-06 -6.7255188970882385e-06 -3.615758766840919e-06 -1.0866568888391021e-05 -4.4432584950536425e-05 0.00030355571388360398 -0.00020566364945711165 7.3459056651871429e-05 -0.00025608424967810757 -4.1484157284873979e-05 -0.00010388137842161391 0.00030640064738233662 0.00079691697223212038 0.0004844981419813571 9.427701525811719e-05 1.4717816935177087e-05 9.6684699275538242e-05 0.00076228481943953306 0.00048441510184764103 -6.7300860452318518e-06 -0.00033237725662853989 -6.42615626380516e-05 0.00039773853928953964 -2.7079961571686173e-05 -0.00044638857397687995 0.00055078025404019237 -0.000159370095342184 0.00026991760680817597 7.8463014729760039e-05 0.00021415584922992607 8.3265937613934094e-05 0.00041153415585334777 -2.4079186655427843e-05 -0.00028220011694231187 -0.00020285268658752907 7.9112567162286087e-05 2.5969143462658445e-05 -0.00039484670252124709 -0.00015302360063474711 8.9942888618516075e-06 -0.00021188357472946728 -0.00028025146644086328 0.0001232099959550989 -6.8366212369861716e-05 -9.7613145394101098e-05 -0.00060448528397073981 -0.00033167835984962559
leaf_weight=1595 607 748 763 118 240 586 2518 2755 1180 219 239 1140 189 4129 3329 107 5546 2664 1188 1190 1113 233 650 682 245 653 1147 102 557 187 477 583 621 150 467 507 208 377 494 99 86 548 139 95 802 100 218 117 181 597 319 148 279 190 126 111 110 206 102 561 320 128
leaf_count=1595 607 748 763 118 240 586 2518 2755 1180 219 239 1140 189 4129 3329 107 5546 2664 1188 1190 1113 233 650 682 245 653 1147 102 557 187 477 583 621 150 467 507 208 377 494 99 86 548 139 95 802 100 218 117 181 597 319 148 279 190 126 111 110 206 102 561 320 128
internal_value=-0.00841232 -0.017885 -0.0025271 -0.00873041 0.000532821 -0.00615578 0.000887566 -0.026467 -0.0231415 -0.00280773 -0.0149678 0.0035317 0.00220458 -0.0269809 0.00034237 -0.0124675 -0.0275661 -0.000584097 -0.00161952 -0.000990672 0.000879369 0.00327122 0.000586995 -0.00207052 0.000923515 0.00162733 0.000249515 0.00317263 0.00407018 0.00118142 0.0042406 0.0057378 0.00423237 0.000410448 -0.0105973 -0.00103659 -0.000122888 0.00210938 -0.00332918 -0.00769481 0.000230263 -0.000368664 -0.00037247 -0.000647785 0.0011217 -0.00174308 -0.00253934 0.00232687 0.002325 -0.00388504 -0.00191263 -0.00101504 -4.98753e-05 -0.00471591 -0.00204142 -0.00491597 0.00230563 -0.0015142 0.00466283 -0.00292808 -0.00224299 0.00195349
internal_weight=46085 22382 8024 1913 23703 1193 22510 14358 1928 982 931 3847 2707 12430 18663 692 9675 6111 3852 5359 13304 1448 11856 1332 10524 6820 3606 3214 2564 2259 664 1761 1204 803 585 2459 1952 1151 801 307 911 650 3704 3565 1363 2202 1842 360 399 1443 846 265 3608 527 337 237 1118 316 1215 1751 534 214
internal_count=46085 22382 8024 1913 23703 1193 22510 14358 1928 982 931 3847 2707 12430 18663 692 9675 6111 3852 5359 13304 1448 11856 1332 10524 6820 3606 3214 2564 2259 664 1761 1204 803 585 2459 1952 1151 801 307 911 650 3704 3565 1363 2202 1842 360 399 1443 846 265 3608 527 337 237 1118 316 1215 1751 534 214
is_linear=0
shrinkage=0.03


Tree=145
num_leaves=63
num_cat=0
split_feature=9 8 8 8 6 1 1 8 1 4 1 10 8 5 10 3 10 10 2 6 10 2 1 2 1 7 3 10 10 8 10 7 8 1 2 4 5 1 1 7 2 4 3 3 7 7 4 7 8 10 8 5 7 4 3 2 1 10 10 1 8 10
split_gain=3194.89 3551.96 521.038 139.742 130.644 100.471 96.9507 51.8959 39.9499 23.5576 22.5712 22.8117 22.4496 23.5715 21.6594 19.8036 17.7022 21.965 15.2451 14.3675 13.0486 12.1862 14.5653 11.9275 11.3028 21.8931 11.1716 10.8149 11.4926 10.7713 11.29 10.3808 10.1746 10.1352 10.1049 9.98868 9.95099 13.342 9.69172 11.1269 9.62732 9.37445 9.32213 8.10844 8.59878 7.94044 15.0552 12.1925 10.1838 16.0786 11.2287 17.4419 12.1886 10.2752 10.1557 10.1384 9.78278 10.6918 9.6117 8.3836 9.02829 9.58465
threshold=1.0000000180025095e-35 -1.0000000180025095e-35 0.91597561503675362 -0.37940952255126059 0.9919160630702849 0.015000000000000001 1.0000000180025095e-35 0.78656609248549325 2.6050000000000004 0.51666666666666683 0.015000000000000001 -0.24999999999999994 0.12940952255126045 0.15000000000000005 0.68301270189221941 0.75000000000000011 1.0000000180025095e-35 0.25000000000000011 0.75000000000000011 0.38229330116778887 -0.6830127018922193 0.65000000000000002 2.4350000000000005 0.75000000000000011 1.0000000180025095e-35 0.068578436683185987 0.95000000000000007 -0.6830127018922193 1.0000000180025095e-35 -0.60355339059327362 1.0000000180025095e-35 0.25727178207460555 -0.60355339059327362 3.3350000000000004 0.8500000000000002 0.68285714285714294 0.71666666666666667 1.2050000000000003 1.0350000000000004 0.70006326444538181 0.55000000000000016 0.16333333333333333 0.62500000000000011 0.57500000000000007 1.0189076464746776 0.93078253926004795 0.11666666666666667 1.236817224140579 0.37940952255126054 -0.5 -0.98296291314453399 0.15000000000000005 0.70006326444538181 0.083333333333333315 0.35000000000000003 0.75000000000000011 1.4150000000000003 1.0000000180025095e-35 -0.93301270189221908 0.79500000000000015 1.0000000180025095e-35 -0.24999999999999994
decision_type=2 2 2 2 2 10 10 2 10 8 10 2 2 10 2 8 2 2 8 2 2 8 8 10 8 10 10 2 2 2 2 10 2 10 10 10 10 10 10 10 8 10 10 10 10 10 10 10 2 2 2 10 10 10 10 10 10 2 2 10 2 2
left_child=2 3 7 19 23 18 12 8 15 27 11 -9 13 -3 26 45 -13 -18 -4 29 -14 31 35 -5 32 -26 33 -6 -29 30 -2 -17 -21 43 -19 38 37 -33 -23 41 -22 -40 -7 44 -10 48 47 58 50 -50 51 -1 54 -51 -52 59 -48 -58 -47 -54 61 -61
right_child=1 6 5 4 9 42 -8 10 14 -11 -12 16 20 -15 -16 21 17 34 -20 24 40 22 -24 -25 25 -27 -28 28 -30 -31 -32 36 -34 -35 -36 -37 -38 -39 39 -41 -42 -43 -44 -45 -46 46 56 -49 49 53 52 -53 55 -55 -56 -57 57 -59 -60 60 -62 -63
leaf_value=0.00028002368967147933 8.5166925125712416e-06 -6.5237533301755916e-06 -6.5237533301755916e-06 -8.1683432693348071e-06 3.4749959629991839e-05 -6.9690880338016195e-05 -4.3342370360290685e-06 -1.5926687117616443e-05 -8.7566204418917376e-05 -6.483540988831245e-06 1.4040032048339701e-05 -6.4295968259652e-06 -6.5237533301755916e-06 -6.5237533301755916e-06 0.00097202827902578555 0.00034322994521068003 0.00015239108200007899 -1.1386379888633272e-05 -6.5237533301755916e-06 7.8308808005477826e-06 -6.5237533301755916e-06 -8.4654656358404171e-05 -0.00077779692820485063 -6.5081931381641619e-06 -0.00011201747498653411 -3.6429717267595775e-05 -0.0010875312744921494 -1.2879010162733151e-05 -8.6585030499594517e-06 -6.4697958661556062e-06 -2.0717197604316406e-05 -0.00011336648802000581 -1.3053658635469494e-05 0.00086407056577930631 -6.4295968259652e-06 2.5928299264846949e-05 -0.00026127190272734132 0.0010362176477960831 0.00061878278115719385 -0.00021649642329153507 -6.5237533301755916e-06 3.7245895713466926e-05 3.7085134442643136e-05 0.00046436914945377717 0.0005357978647671191 -0.00070195145371175992 -0.00037077984917288377 0.00056952892115906561 0.00036227019347008282 -0.00019752095818863447 0.00082318268763906569 -0.00015215642548867885 -0.0007789289838576037 2.7509194859215989e-05 0.00044149513703815976 -0.00037027063209076007 -0.00026518564522507837 0.00053983375064134084 0.00013900047226089507 0.00016824779442085213 -6.1332089660141035e-05 0.0009187597544550374
leaf_weight=393 296 760 833 223 265 175 137 503 722 424 575 123 2661 1153 916 265 103 364 733 4424 3191 2348 113 309 111 599 82 222 479 206 340 93 1701 470 219 3884 390 136 251 294 5553 429 209 655 152 82 219 98 553 406 699 390 100 507 1043 247 274 203 1427 560 323 585
leaf_count=393 296 760 833 223 265 175 137 503 722 424 575 123 2661 1153 916 265 103 364 733 4424 3191 2348 113 309 111 599 82 222 479 206 340 93 1701 470 219 3884 390 136 251 294 5553 429 209 655 152 82 219 98 553 406 699 390 100 507 1043 247 274 203 1427 560 323 585
internal_value=-0.00835307 -0.0162576 -0.000479544 -0.00231562 -0.00954758 -0.0153152 -0.0262032 0.000885974 0.00135008 -0.00470165 -0.00386123 -0.00603199 -0.0264614 -0.0234013 0.00453302 0.000765034 -0.00914815 -0.00724891 -0.0186854 -0.000504038 -0.0269726 -0.000274256 -0.00067623 -0.0221764 -4.82738e-05 -0.00362869 0.00283862 -0.00210962 -0.00405983 -0.00419929 -0.0022606 0.00305085 0.000367287 0.003285 -0.00950342 -0.00050784 0.000919355 0.00586957 -0.00171532 0.0008 -0.0275472 0.00290749 -0.00155844 0.00209804 0.000205714 0.00181628 0.000325521 0.00192164 0.00240744 0.000245399 0.00313753 -0.000114796 0.00385329 -0.00219912 0.00564544 0.00213106 -0.00335725 -0.000941423 0.00125166 0.00302103 0.00359428 0.00484293
internal_weight=46200 23054 23146 9599 1922 1950 13455 21196 19309 1390 1887 1312 13318 1913 2997 16312 809 686 1566 7677 11405 8203 7319 532 6835 710 2081 966 701 842 636 884 6125 1999 583 7206 619 229 3322 974 8744 680 384 1529 874 8109 2303 1607 5806 1466 4340 783 3557 913 1742 1815 696 477 1509 1568 1468 1145
internal_count=46200 23054 23146 9599 1922 1950 13455 21196 19309 1390 1887 1312 13318 1913 2997 16312 809 686 1566 7677 11405 8203 7319 532 6835 710 2081 966 701 842 636 884 6125 1999 583 7206 619 229 3322 974 8744 680 384 1529 874 8109 2303 1607 5806 1466 4340 783 3557 913 1742 1815 696 477 1509 1568 1468 1145
is_linear=0
shrinkage=0.03


Tree=146
num_leaves=63
num_cat=0
split_feature=0 8 8 6 11 0 8 1 1 8 5 7 4 1 6 0 11 2 3 2 2 8 0 11 1 7 2 0 8 4 11 8 4 5 3 8 0 11 6 0 3 2 0 1 7 2 7 7 7 0 7 0 1 4 0 11 8 0 8 3 7 8
split_gain=4416.31 3323.87 112.494 133.864 59.838 59.6072 50.9795 45.9344 42.3334 27.2514 19.0105 17.4853 16.1929 16.1359 15.2695 14.9502 19.4324 14.3926 18.2491 14.0697 13.1674 12.9618 12.6771 12.4275 15.9987 12.3196 10.6791 9.668 9.60388 9.20252 15.0501 12.7832 8.81379 8.49992 10.9475 9.67508 13.8631 8.41232 15.608 11.9885 12.484 11.8269 8.57418 19.9426 16.7401 9.84377 8.23613 8.15994 8.10551 8.10135 7.59724 7.52243 9.20114 7.49882 7.0236 11.0543 8.92224 9.69909 8.86378 6.8533 6.80069 6.70581
threshold=1.0000000180025095e-35 -1.0000000180025095e-35 -0.37940952255126059 0.9919160630702849 0.6830127018922193 0.055000000000000007 0.78656609248549325 1.0000000180025095e-35 2.6050000000000004 0.12940952255126045 0.15000000000000005 0.019447123111539701 0.58333333333333337 1.0000000180025095e-35 0.55160846378518025 3.3050000000000002 1.0000000180025095e-35 0.75000000000000011 0.35000000000000003 0.55000000000000016 0.55000000000000016 0.60355339059327384 0.025000000000000005 0.25000000000000017 1.0000000180025095e-35 0.81436450093836721 0.65000000000000002 1.2850000000000004 1.0000000180025095e-35 0.8583333333333335 1.0000000180025095e-35 -0.5 0.083333333333333315 0.71666666666666667 0.95000000000000007 0.78656609248549325 0.94500000000000006 1.0000000180025095e-35 0.68180145234509759 2.1050000000000004 0.45000000000000007 1.0000000180025095e-35 1.0950000000000004 1.0450000000000002 0.10077318100513531 0.15000000000000005 0.96157056632849625 0.70006326444538181 1.0168648719606768 0.12500000000000003 0.27949082858950031 2.4550000000000005 2.2250000000000005 0.58333333333333337 1.2250000000000003 1.0000000180025095e-35 0.91597561503675362 0.46500000000000002 0.78656609248549325 0.25000000000000006 0.98818824404761918 -0.60355339059327362
decision_type=10 2 2 2 2 10 2 10 10 2 8 10 10 10 2 10 2 10 10 10 8 2 10 2 10 10 8 10 2 10 2 2 10 10 10 2 10 2 2 10 10 10 10 10 10 10 10 10 10 10 10 10 10 10 10 2 2 10 2 10 10 2
left_child=1 2 14 19 26 6 23 22 17 10 -3 -9 -6 20 61 16 27 21 28 -4 -11 37 -8 -2 -25 29 59 -10 47 30 33 -31 -23 49 53 36 50 41 -39 -40 51 -7 43 -43 -44 -46 -47 -19 -18 -20 -36 52 -41 -35 55 56 57 -34 -59 -5 -54 -1
right_child=5 9 3 4 12 8 7 11 15 13 -12 -13 -14 -15 -16 -17 48 18 25 -21 -22 32 -24 24 -26 -27 -28 -29 -30 31 -32 -33 54 34 35 -37 -38 38 39 40 -42 42 44 -45 45 46 -48 -49 -50 -51 -52 -53 60 -55 -56 -57 -58 58 -60 -61 -62 -63
leaf_value=-1.0667740488803841e-05 2.7295200700157962e-05 -6.3280407302703242e-06 -7.923292971254763e-06 -5.6968422739937593e-05 -8.4586028844933633e-06 -0.00011231216935421822 -6.1941931737125161e-06 1.4704664550323892e-05 0.0018079803421706063 -6.3280407302703242e-06 -6.3280407302703242e-06 -5.7083172935975221e-05 -6.1709590090901562e-06 -1.4538550347851268e-05 6.2630619172440031e-07 0.0010252307070153688 0.0010178992918139073 0.0012043037632460832 -5.6954033360755439e-05 -6.3174973375104797e-06 -6.3280407302703242e-06 -4.5641966803031437e-05 -2.6634200523521036e-05 -1.6720363243776721e-05 -0.00020914775336709014 -0.00038410006490112528 -1.4815989946909606e-05 0.00016862804813297827 4.8758723614340522e-05 -5.2535836354996609e-05 -0.0001135769044442228 9.9728720594097905e-05 0.00088599252930698425 -0.00029002404637013218 -3.3374959683934794e-05 -0.00011180597593972581 -0.0005700950373273134 -0.00038220808660045493 0.0002555137211319079 0.0014061619389837592 8.6432538305190044e-05 6.8799319278004551e-05 0.0010452718877347576 0.0013687007764583638 0.00054501891790003309 4.3363918937000531e-06 -0.00056700738681948022 0.00035346070319220156 0.0021753248643005107 8.5724707969568882e-05 0.00025527244401189921 0.0014297976244691973 -0.00013300931632788781 0.00075443573583272746 -0.00032144013458718589 -3.0655595759694063e-05 -5.3799066225813929e-06 0.00062054636075554775 -1.551797283787959e-05 3.32684602666783e-05 0.00078498776616723329 -7.2557808497200969e-06
leaf_weight=529 666 746 126 329 224 716 394 210 87 4756 1204 101 150 93 5337 421 397 163 103 402 7648 1329 220 443 92 444 407 1985 227 1022 2047 1800 104 120 506 118 281 104 3178 218 230 786 112 140 136 1265 245 83 124 1701 141 152 120 131 124 389 201 121 144 303 82 263
leaf_count=529 666 746 126 329 224 716 394 210 87 4756 1204 101 150 93 5337 421 397 163 103 402 7648 1329 220 443 92 444 407 1985 227 1022 2047 1800 104 120 506 118 281 104 3178 218 230 786 112 140 136 1265 245 83 124 1701 141 152 120 131 124 389 201 121 144 303 82 263
internal_value=-0.00838483 -0.0179203 -0.00249783 -0.00878991 -0.00396747 0.00059062 -0.0042031 -0.00949244 0.00105835 -0.0265345 -0.0231881 -9.61538e-05 -0.01424 -0.0270547 -0.000504078 0.00435821 0.00350424 0.000528641 -0.00034766 -0.0216635 -0.0271487 0.00131555 -0.0142439 -0.000124792 -0.00352612 -0.000670232 -0.000259615 0.00219971 0.00537975 -0.000398946 -0.00115362 0.000977683 -0.000596768 0.00016441 -0.00168721 -0.00303725 -0.00200215 0.00193186 0.00284945 0.00314996 0.0064259 0.000829168 0.00174302 0.00407767 0.000511654 -0.000255009 -0.000953011 0.00947368 0.00867816 0.00149584 0.000416667 0.00879581 0.00669834 0.00392857 0.00141144 0.00228125 0.0049387 0.0077027 0.00462406 0.00218009 0.00206897 -0.0043884
internal_weight=46440 22517 8070 1941 1413 23923 2126 925 21797 14447 1950 311 374 12497 6129 3014 2593 18783 8887 528 12404 9896 614 1201 535 8414 1039 2072 473 7970 5148 2822 2412 3101 1297 1046 928 7484 4084 3980 802 3400 2684 926 1758 1646 1510 246 521 1804 647 572 420 251 1083 959 570 369 265 632 202 792
internal_count=46440 22517 8070 1941 1413 23923 2126 925 21797 14447 1950 311 374 12497 6129 3014 2593 18783 8887 528 12404 9896 614 1201 535 8414 1039 2072 473 7970 5148 2822 2412 3101 1297 1046 928 7484 4084 3980 802 3400 2684 926 1758 1646 1510 246 521 1804 647 572 420 251 1083 959 570 369 265 632 202 792
is_linear=0
shrinkage=0.03


Tree=147
num_leaves=63
num_cat=0
split_feature=0 9 9 6 0 1 9 9 9 11 0 4 9 1 5 9 11 2 2 5 7 1 0 7 5 4 11 3 5 2 9 11 0 9 9 9 7 11 11 6 9 11 2 3 3 1 1 6 0 2 2 4 3 11 7 3 9 6 7 1 7 7
split_gain=4351.75 241.748 140.532 70.5015 63.2771 57.056 52.7273 52.5172 360.225 38.6585 37.7593 29.1835 20.6255 26.0054 17.9576 16.5252 13.775 12.7191 12.7083 12.3988 11.3287 11.2196 27.0024 10.653 10.5325 10.0991 8.80309 8.20181 8.188 8.02758 7.98211 12.46 10.0989 8.28031 7.74621 105.916 7.63298 7.5989 9.53577 12.9291 10.7697 9.06752 15.5595 10.4839 7.20181 7.02633 6.65922 6.50165 6.3328 11.5329 12.0389 11.3316 9.62137 8.81771 23.7192 9.9228 7.6996 7.55521 7.34733 9.25008 6.97194 6.83521
threshold=1.0000000180025095e-35 0.37940952255126048 0.91597561503675351 0.9919160630702849 0.025000000000000005 1.0000000180025095e-35 0.98296291314453421 0.1294095225512602 0.25881904510252057 0.6830127018922193 3.1350000000000002 0.2166666666666667 -0.12940952255126037 1.0000000180025095e-35 0.083333333333333315 -0.60355339059327384 -0.5 0.55000000000000016 1.0000000180025095e-35 0.82500000000000007 1.0049262279169096 0.17500000000000002 1.8430000000000002 0.57152695789059449 0.15000000000000005 0.11666666666666667 -0.9330127018922193 0.083333333333333315 0.45000000000000007 0.65000000000000002 -0.9159756150367534 0.25000000000000017 2.4550000000000005 -0.78656609248549325 1.0000000180025095e-35 -0.12940952255126037 1.0000000180025095e-35 0.93301270189221952 -0.68301270189221952 0.9919160630702849 0.60355339059327384 0.6830127018922193 0.65000000000000002 0.62500000000000011 0.11666666666666667 2.0750000000000006 0.025000000000000005 0.73969540741716389 0.93500000000000016 0.75000000000000011 1.0000000180025095e-35 0.058333333333333307 0.35000000000000003 0.25000000000000017 0.41911919983105844 0.8500000000000002 -0.12940952255126037 0.91428148076137306 1.0007132667617691 1.9750000000000003 0.93078253926004795 0.88240082747524295
decision_type=10 2 2 2 10 10 2 2 2 2 8 8 2 10 10 2 2 10 10 10 10 10 10 10 8 8 2 10 10 10 2 2 10 2 2 2 10 2 2 2 2 2 10 10 10 10 10 2 10 10 10 10 10 2 10 10 2 2 10 10 10 10
left_child=1 5 11 -4 12 7 9 34 -9 25 14 19 13 -2 16 18 20 -11 28 26 27 22 -18 -23 -8 -5 -3 -6 -16 30 31 44 -33 -32 35 -1 -17 38 40 -40 -13 -41 -43 -44 -25 -31 -29 -14 49 50 -38 -52 -53 57 55 -55 58 -51 59 -50 -61 -54
right_child=4 2 3 6 10 -7 24 8 -10 17 -12 37 47 -15 15 36 21 -19 -20 -21 -22 23 -24 29 -26 -27 -28 46 -30 45 33 32 -34 -35 -36 -37 48 -39 39 41 -42 42 43 -45 -46 -47 -48 -49 56 53 51 52 61 54 -56 -57 -58 -59 -60 60 -62 -63
leaf_value=-6.1381995083622136e-06 -6.06029036608809e-06 -7.9800664445653834e-06 -6.1381995083622136e-06 -6.0716950168762009e-06 -5.2961852625795918e-05 -2.2745766482520416e-06 -6.1381995083622136e-06 -1.5961735096871061e-05 -6.1381995083622136e-06 -6.1381995083622136e-06 0.00065641306599948431 -6.1381995083622136e-06 4.0839791486242933e-06 -1.3752481883003846e-06 0.0003200970344985893 -3.2271371204282539e-05 -1.1238641272329173e-05 -6.1381995083622136e-06 3.9772326578216413e-05 -6.1403277544555301e-06 -0.00013313344480656144 0.0010305210054659709 0.0010852029204742575 -0.00037118334690011798 -6.1381995083622136e-06 -6.1381995083622136e-06 -8.6722105700829234e-06 0.00016106665021732195 0.001183486025365047 -0.00034295843152292338 0.00079418296277755423 0.00026110890658481321 0.0018441580158001347 0.00042859573369995017 -6.1381995083622136e-06 7.990722301453603e-05 -0.0001060918401243769 -6.1381995083622136e-06 -6.1381995083622136e-06 -6.1381995083622136e-06 -6.1381995083622136e-06 -6.1313657913536553e-06 -6.1381995083622136e-06 -6.1381995083622136e-06 0.00022771743279564825 0.00050621567445554238 8.6853922614992668e-05 -6.0114218734743315e-06 -0.00014528612690256347 -3.4781866504449279e-05 0.00043644797587909565 -0.00013108198649611124 8.6370426530109763e-05 0.00045859417943253295 -0.00060086648693687052 -9.4232827412429697e-05 -0.0003589899549990952 6.8204174752642234e-05 -0.00061870986189870416 0.00099644626262231583 -2.1086327726606569e-05 0.00042658803830997346
leaf_weight=1055 313 329 1625 1082 602 133 647 719 1925 318 940 344 129 130 418 1611 1203 428 9104 255 397 162 99 190 734 943 4531 236 106 191 303 214 102 1104 1674 90 167 622 1367 1648 1082 220 203 411 86 131 693 614 895 739 165 206 557 148 182 294 151 722 136 103 105 111
leaf_count=1055 313 329 1625 1082 602 133 647 719 1925 318 940 344 129 130 418 1611 1203 428 9104 255 397 162 99 190 734 943 4531 236 106 191 303 214 102 1104 1674 90 167 622 1367 1648 1082 220 203 411 86 131 693 614 895 739 165 206 557 148 182 294 151 722 136 103 105 111
internal_value=-0.008358 -0.0178491 -0.0160471 -0.019839 0.000584596 -0.0232517 -0.0177558 -0.0237244 -0.0206654 -0.0153571 0.000939577 -0.0140561 -0.00616681 -0.0112838 0.000683646 0.000165819 0.00212636 -0.0212048 0.000947139 -0.0123905 6.22084e-05 0.0031775 0.000920952 0.0043599 -0.0225543 -0.0131935 -0.0120469 0.00123368 0.00548571 0.00383721 0.004545 0.00161889 0.00567823 0.00577415 -0.0265851 -0.0245812 -0.00102972 -0.0154985 -0.0151194 -0.0143299 -0.017239 -0.0130246 -0.0155928 -0.0180488 -0.00303249 -0.000557276 0.003 -0.00310484 -0.000416489 0.000300729 0.00263463 0.00383654 0.00246857 -0.00104986 -0.004032 -0.00027088 -0.00211359 0.000225718 -0.00133065 -0.000516304 0.00516746 0.00421525
internal_weight=46144 22385 16789 5777 23759 5596 4152 5463 2644 2771 22573 11012 1186 443 21633 15920 5713 746 9628 5115 1928 3785 1302 2483 1381 2025 4860 1531 524 2321 1999 592 316 1407 2819 1145 6292 5897 5275 3849 1426 2482 834 614 276 322 929 743 4681 3291 1206 1039 874 2085 624 442 1390 1461 1239 1103 208 668
internal_count=46144 22385 16789 5777 23759 5596 4152 5463 2644 2771 22573 11012 1186 443 21633 15920 5713 746 9628 5115 1928 3785 1302 2483 1381 2025 4860 1531 524 2321 1999 592 316 1407 2819 1145 6292 5897 5275 3849 1426 2482 834 614 276 322 929 743 4681 3291 1206 1039 874 2085 624 442 1390 1461 1239 1103 208 668
is_linear=0
shrinkage=0.03


Tree=148
num_leaves=63
num_cat=0
split_feature=0 8 9 6 0 11 0 8 1 8 5 6 1 2 2 10 10 2 8 6 11 2 8 11 4 5 1 0 11 10 11 4 4 0 5 10 2 9 9 8 9 10 8 8 0 2 11 0 4 11 1 0 1 10 0 0 10 1 1 2 10 0
split_gain=4383.48 3327.84 133.396 126.828 51.2832 42.0384 35.6804 45.0831 62.2765 29.8474 20.687 20.562 19.4359 17.6007 15.457 13.3401 10.8414 10.0556 9.97289 10.1333 16.0435 9.91579 9.06543 10.5917 8.83828 10.0823 8.95398 10.7542 9.11921 11.8934 8.4523 15.0409 8.41741 12.2789 8.09146 8.04422 14.2018 10.8816 7.86072 7.68012 7.60008 7.55932 10.2768 7.49369 10.1841 7.01935 6.96768 6.54163 6.13902 8.29136 9.32995 18.4383 13.1633 7.8089 8.06356 7.62206 7.67802 6.46544 6.3712 6.28196 6.11274 6.08843
threshold=1.0000000180025095e-35 -1.0000000180025095e-35 0.91597561503675351 0.9919160630702849 2.3850000000000002 0.6830127018922193 0.025000000000000005 0.60355339059327384 1.0000000180025095e-35 0.12940952255126045 0.15000000000000005 0.27367423887636216 1.0000000180025095e-35 0.15000000000000005 0.55000000000000016 -0.6830127018922193 0.25000000000000011 0.65000000000000002 0.91597561503675362 0.9919160630702849 0.25000000000000017 0.45000000000000007 -0.5 -0.5 0.45277777777777778 0.083333333333333315 0.015000000000000001 0.10500000000000002 -0.5 1.0000000180025095e-35 -0.24999999999999994 0.96250000000000002 0.17499999999999996 1.385 0.083333333333333315 0.25000000000000011 1.0000000180025095e-35 0.60355339059327384 0.1294095225512602 0.78656609248549325 -0.12940952255126037 0.68301270189221941 -0.78656609248549303 1.0000000180025095e-35 3.2050000000000005 0.55000000000000016 0.25000000000000017 3.3550000000000004 0.29285714285714293 -0.5 0.21500000000000002 1.8430000000000002 0.50500000000000012 -0.24999999999999994 0.33500000000000008 1.4650000000000001 -0.24999999999999994 0.31500000000000006 0.56500000000000006 0.15000000000000005 0.25000000000000011 1.0850000000000002
decision_type=10 2 2 2 10 2 10 2 10 2 8 2 10 10 10 2 2 10 2 2 2 8 2 2 10 10 10 10 2 2 2 8 10 10 10 2 10 2 2 2 2 2 2 2 10 10 2 10 10 2 10 10 10 2 10 10 2 10 10 10 2 10
left_child=1 2 11 17 6 -5 7 46 -9 10 -3 -1 15 22 -7 -11 47 -4 19 20 40 -17 23 -6 25 48 28 -28 29 -26 31 35 -22 -34 -10 36 -13 -38 -32 -30 -8 -37 -43 -24 -45 61 -2 -15 49 57 51 53 -52 59 -55 56 -50 60 -59 -51 -21 -29
right_child=4 9 3 5 13 14 18 8 34 12 -12 30 -14 16 -16 21 -18 -19 -20 24 32 -23 43 -25 26 -27 27 45 39 -31 38 -33 33 -35 -36 41 37 -39 -40 -41 -42 42 -44 44 -46 -47 -48 -49 55 50 52 -53 -54 54 -56 -57 -58 58 -60 -61 -62 -63
leaf_value=-6.8539614389776277e-06 3.2002616474243428e-05 -5.9540535231113471e-06 -7.5046470450362119e-06 -1.1995589884974354e-05 -0.00021370376312485618 -7.9608438866750016e-06 5.4335188704215428e-05 -5.8940274607572067e-06 1.3137611314480929e-05 -5.9540535231113471e-06 -5.9540535231113471e-06 -4.5672484153723263e-05 -8.4134019532313912e-06 1.5568740308185557e-05 -5.9197600036427366e-06 -5.9540535231113471e-06 0.00048743281190779142 -5.9418865210769813e-06 -1.9541554994371191e-05 2.2233874157310228e-06 0.00012961392208887313 -5.9540535231113471e-06 0.0011694027734381362 0.00076840585142694425 8.5090355539936956e-05 -2.6996263589666723e-05 -0.00011153113088218436 0.0009776557450274254 0.00016480063380363641 0.0004763725926232354 0.0001000678095034535 -5.0412771974219918e-05 -8.7744745314408205e-05 -0.0015233443773596111 -8.2921802255797074e-06 0.00013262792309437464 0.00013257119122075169 1.1621900552710546e-05 -4.3569967975506935e-06 -2.8049473047259054e-05 -3.8140000779119246e-05 -2.2391708654384485e-05 0.00012458468542078595 0.00027947512121948346 0.0010325033144190803 0.00011487395759988777 -4.7802427698561308e-05 0.00080597760958821978 0.00041909700917837096 -6.0712632853970906e-05 0.00086467220465272134 0.0009880487825614198 0.00032469054193690283 1.8070576324457631e-05 -0.00016389981254451888 -0.00045236131021906379 -0.0002234820312865302 -0.00034147955446239982 -3.5088615874072356e-05 0.00036957959479007817 0.0001526953607517377 0.00042808676401042409
leaf_weight=576 339 737 157 999 167 170 3284 393 83 2745 1164 123 88 1364 190 2923 776 365 859 181 198 6641 548 145 100 4328 140 83 804 113 82 134 1295 93 130 301 81 680 3726 130 721 135 288 400 126 3133 237 90 80 152 138 86 1164 229 280 101 136 121 554 147 102 128
leaf_count=576 339 737 157 999 167 170 3284 393 83 2745 1164 123 88 1364 190 2923 776 365 859 181 198 6641 548 145 100 4328 140 83 804 113 82 134 1295 93 130 301 81 680 3726 130 721 135 288 400 126 3133 237 90 80 152 138 86 1164 229 280 101 136 121 554 147 102 128
internal_value=-0.00831354 -0.0178566 -0.00237138 -0.00935707 0.000676549 -0.00452206 8.37362e-05 -0.00497041 -0.0106755 -0.0265277 -0.0229811 -0.000225233 -0.0270697 0.00396461 -0.0132964 -0.0271706 0.00231286 -0.021912 0.000400403 0.000550993 -0.000509657 -0.0277135 0.0066186 0.00210863 0.00102807 0.000411538 0.00206606 0.00130846 0.00436411 0.00995327 0.000335075 0.0020654 -0.00306238 -0.00388769 0.00238318 0.00287135 0.000949153 0.00248031 -0.000456813 0.00308021 0.000501747 0.00521379 0.00261792 0.00792558 0.00535104 0.00165022 0.00103986 0.000783505 0.00161578 0.00201585 0.00303141 0.000670391 0.00465081 -0.000741656 -0.003 -0.00235849 0.000829493 -0.000312826 -0.00190828 0.0031 0.00348592 0.00693396
internal_weight=45983 22305 8007 1881 23678 1359 20062 1182 606 14298 1901 6126 12397 3616 360 12309 2230 522 18880 18021 5591 9564 1386 312 12430 7799 4631 3484 1147 213 5550 1742 1586 1388 213 1608 884 761 3808 934 4005 724 423 1074 526 3344 576 1454 3471 3154 2196 894 1302 808 509 317 216 958 675 299 283 211
internal_count=45983 22305 8007 1881 23678 1359 20062 1182 606 14298 1901 6126 12397 3616 360 12309 2230 522 18880 18021 5591 9564 1386 312 12430 7799 4631 3484 1147 213 5550 1742 1586 1388 213 1608 884 761 3808 934 4005 724 423 1074 526 3344 576 1454 3471 3154 2196 894 1302 808 509 317 216 958 675 299 283 211
is_linear=0
shrinkage=0.03


Tree=149
num_leaves=63
num_cat=0
split_feature=9 8 8 11 8 6 1 11 8 11 1 1 10 8 5 3 11 7 10 2 6 9 7 7 10 8 8 5 1 2 10 1 11 1 1 2 5 8 10 1 11 10 7 3 3 2 1 7 5 11 10 8 2 10 6 11 1 11 2 10 2 8
split_gain=3128.02 3607.62 493.903 248.588 124.585 125.271 115.581 74.8526 50.2047 58.0606 39.3897 30.8091 39.6541 26.7082 24.4377 15.8533 17.7356 19.6877 13.2896 12.8127 11.6387 11.2783 19.8963 19.7642 17.0657 16.141 12.1493 11.2342 12.6984 10.6734 10.4899 18.1413 10.3232 11.8675 26.1108 10.2962 10.1786 15.0701 9.97204 9.73153 9.63095 9.47595 9.41229 9.08114 9.04596 8.87968 12.5202 8.9591 8.5802 8.55338 8.48727 9.89356 8.42299 8.03439 8.01114 7.9798 7.95114 7.48331 8.46404 12.0004 9.8781 7.46688
threshold=1.0000000180025095e-35 -1.0000000180025095e-35 0.91597561503675362 1.0000000180025095e-35 -0.37940952255126059 0.9919160630702849 1.0000000180025095e-35 0.6830127018922193 0.78656609248549325 0.6830127018922193 2.9350000000000005 1.0000000180025095e-35 -0.24999999999999994 0.12940952255126045 0.15000000000000005 0.45000000000000007 -0.24999999999999994 0.078895469774679663 -0.6830127018922193 0.55000000000000016 0.56988722470830055 -0.78656609248549325 0.98383733798154338 0.93688952110004753 0.68301270189221941 0.60355339059327384 1.0000000180025095e-35 1.0000000180025095e-35 0.015000000000000001 0.55000000000000016 0.68301270189221941 0.045000000000000005 0.93301270189221952 1.0000000180025095e-35 0.16500000000000004 0.55000000000000016 0.71666666666666667 0.25881904510252091 -0.5 1.3550000000000002 1.0000000180025095e-35 0.68301270189221941 1.1194284549946516 0.8500000000000002 0.8500000000000002 0.95000000000000007 0.32500000000000007 0.43509458843448817 1.0000000180025095e-35 0.6830127018922193 1.0000000180025095e-35 -0.25881904510252113 0.45000000000000007 0.68301270189221941 0.92930638923935771 0.25000000000000017 1.3550000000000002 -0.24999999999999994 1.0000000180025095e-35 0.25000000000000011 0.95000000000000007 0.25881904510252091
decision_type=2 2 2 2 2 2 10 2 2 2 10 10 2 2 8 8 2 8 2 10 2 2 10 10 2 2 2 8 10 10 2 10 2 8 10 8 8 2 2 10 2 2 10 10 10 8 10 10 8 2 2 2 10 2 2 2 10 2 10 2 10 2
left_child=2 4 8 27 20 55 13 35 10 30 15 12 -11 14 -3 21 17 -17 -15 -9 41 22 26 25 -25 53 -1 -4 -29 -18 -10 -32 33 57 44 -7 37 52 39 -28 -12 -2 -26 -30 -35 47 -47 50 -20 -5 -38 -52 -19 -23 -49 -6 -39 58 59 -22 -60 -24
right_child=1 6 3 49 5 7 -8 19 9 11 40 -13 -14 18 -16 16 29 36 48 -21 32 23 61 24 42 -27 38 28 43 -31 31 -33 -34 34 -36 -37 45 56 -40 -41 -42 -43 -44 -45 -46 46 -48 54 -50 -51 51 -53 -54 -55 -56 -57 -58 -59 60 -61 -62 -63
leaf_value=0.00079016938372309048 -5.6682637362591397e-06 -5.7754319174180076e-06 8.8039585701612371e-06 -5.7754319174180076e-06 -5.779493211314009e-06 2.4199687586553889e-05 6.798269935096215e-06 -7.72201857007475e-06 3.0282276278681393e-05 -1.4904431174071214e-05 0.00044529092518748146 -1.9539372902075387e-06 -5.684100108333927e-06 -5.7754319174180076e-06 -5.7754319174180076e-06 0.00023094610073375732 0.00019348885835637051 -0.00018095168408418182 -5.7754319174180076e-06 -5.742167203533455e-06 -4.4914943653958235e-05 0.00023708193206895852 0.00089274102859575538 -0.00022948911641777924 0.00010741786564771871 -8.1444621095343167e-05 0.00071164341314853738 -1.259394419398643e-05 -7.9763124824371287e-05 -6.0271462891471823e-05 -1.39947951643208e-05 0.00015362322944695889 -2.2519866230327206e-05 -0.00014320546560129055 1.614533067397089e-05 -1.382749656670222e-05 0.00063187890069111902 0.00010581060021208468 -9.4374283264955777e-05 -2.3409425987280795e-05 0.0012745482408566221 -1.536972826404951e-05 0.00065071714110867367 5.3631049137491516e-05 -4.7549420768327985e-05 -0.00022881520199455579 -6.2406625939218086e-05 0.00030737209848609757 -5.7754319174180076e-06 -5.7754319174180076e-06 -0.00028245677754273017 0.00050962084624415333 0.00028829699281866962 0.00086845270074034522 -0.00050362137692667975 -5.7730469017894375e-06 -0.00034991195170916976 9.6949845258802868e-08 5.8541521699066421e-05 6.5574968863599815e-05 -1.675780661704645e-05 0.00046538216043792214
leaf_weight=602 795 748 295 493 369 537 129 165 965 95 1697 134 235 2621 1175 808 941 229 3021 215 167 1196 238 837 332 487 258 465 112 5390 374 123 594 141 468 494 217 265 794 259 175 246 81 122 85 176 581 162 5730 469 141 122 1765 409 378 164 430 3341 1234 279 370 350
leaf_count=602 795 748 295 493 369 537 129 165 965 95 1697 134 235 2621 1175 808 941 229 3021 215 167 1196 238 837 332 487 258 465 112 5390 374 123 594 141 468 494 217 265 794 259 175 246 81 122 85 176 581 162 5730 469 141 122 1765 409 378 164 430 3341 1234 279 370 350
internal_value=-0.00828887 -0.0161064 -0.000509417 -0.014931 -0.00212933 -0.00891517 -0.0261676 -0.00422805 0.000818939 -0.00379865 0.00127944 -0.0130323 -0.0179456 -0.0264418 -0.0231237 0.000835578 0.000193865 0.00147867 -0.0270008 -0.0155906 -0.000419635 0.00210986 0.00363309 0.000969189 -0.00201439 0.00275203 0.00214734 -0.00440201 -0.00647143 -0.0008765 -0.000861244 -0.00439759 4.04192e-05 0.000409136 -0.00328058 -2.90698e-05 0.000698455 0.00186245 0.000525915 0.00376448 0.00541377 -0.00336852 0.00297101 -0.000765957 -0.01163 -0.00106299 -0.00352243 0.000763957 -0.0275766 -0.0257944 0.0037422 0.000113636 0.00318797 0.00420299 -0.0018854 -0.0212921 -0.00193966 0.000884644 0.00231107 -0.00134228 0.0033271 0.00845501
internal_weight=46290 23088 23202 1956 9664 1944 13424 1411 21246 1926 19320 464 330 13295 1923 17448 11605 5274 11372 380 7720 5843 2501 3342 1250 2092 1913 994 699 6331 1462 497 6679 6085 694 1031 4466 2689 1311 517 1872 1041 413 234 226 1777 757 1020 8751 962 480 263 1994 1605 540 533 695 5391 2050 446 1604 588
internal_count=46290 23088 23202 1956 9664 1944 13424 1411 21246 1926 19320 464 330 13295 1923 17448 11605 5274 11372 380 7720 5843 2501 3342 1250 2092 1913 994 699 6331 1462 497 6679 6085 694 1031 4466 2689 1311 517 1872 1041 413 234 226 1777 757 1020 8751 962 480 263 1994 1605 540 533 695 5391 2050 446 1604 588
is_linear=0
shrinkage=0.03


end of trees

feature_importances:
hour_sin=1287
solar_rad_west=1084
month_cos=1038
solar_rad_south=827
month_sin=761
hour_cos=748
total_cloud_west=722
solar_damping_south=679
midlow_cloud_south=618
total_cloud_south=546
clearsky_ratio_south=530
midlow_cloud_west=460

parameters:
[boosting: gbdt]
[objective: regression_l1]
[metric: l1]
[tree_learner: serial]
[device_type: cpu]
[data_sample_strategy: bagging]
[data: ]
[valid: ]
[num_iterations: 150]
[learning_rate: 0.03]
[num_leaves: 63]
[num_threads: 6]
[seed: 0]
[deterministic: 0]
[force_col_wise: 0]
[force_row_wise: 0]
[histogram_pool_size: -1]
[max_depth: -1]
[min_data_in_leaf: 80]
[min_sum_hessian_in_leaf: 0.001]
[bagging_fraction: 0.8]
[pos_bagging_fraction: 1]
[neg_bagging_fraction: 1]
[bagging_freq: 1]
[bagging_seed: 3]
[bagging_by_query: 0]
[feature_fraction: 0.8]
[feature_fraction_bynode: 1]
[feature_fraction_seed: 2]
[extra_trees: 0]
[extra_seed: 6]
[early_stopping_round: 0]
[early_stopping_min_delta: 0]
[first_metric_only: 0]
[max_delta_step: 0]
[lambda_l1: 0]
[lambda_l2: 1]
[linear_lambda: 0]
[min_gain_to_split: 0]
[drop_rate: 0.1]
[max_drop: 50]
[skip_drop: 0.5]
[xgboost_dart_mode: 0]
[uniform_drop: 0]
[drop_seed: 4]
[top_rate: 0.2]
[other_rate: 0.1]
[min_data_per_group: 100]
[max_cat_threshold: 32]
[cat_l2: 10]
[cat_smooth: 10]
[max_cat_to_onehot: 4]
[top_k: 20]
[monotone_constraints: ]
[monotone_constraints_method: basic]
[monotone_penalty: 0]
[feature_contri: ]
[forcedsplits_filename: ]
[refit_decay_rate: 0.9]
[cegb_tradeoff: 1]
[cegb_penalty_split: 0]
[cegb_penalty_feature_lazy: ]
[cegb_penalty_feature_coupled: ]
[path_smooth: 0]
[interaction_constraints: ]
[verbosity: -1]
[saved_feature_importance_type: 0]
[use_quantized_grad: 0]
[num_grad_quant_bins: 4]
[quant_train_renew_leaf: 0]
[stochastic_rounding: 1]
[linear_tree: 0]
[max_bin: 255]
[max_bin_by_feature: ]
[min_data_in_bin: 3]
[bin_construct_sample_cnt: 200000]
[data_random_seed: 1]
[is_enable_sparse: 1]
[enable_bundle: 1]
[use_missing: 1]
[zero_as_missing: 0]
[feature_pre_filter: 1]
[pre_partition: 0]
[two_round: 0]
[header: 0]
[label_column: ]
[weight_column: ]
[group_column: ]
[ignore_column: ]
[categorical_feature: ]
[forcedbins_filename: ]
[precise_float_parser: 0]
[parser_config_file: ]
[objective_seed: 5]
[num_class: 1]
[is_unbalance: 0]
[scale_pos_weight: 1]
[sigmoid: 1]
[boost_from_average: 1]
[reg_sqrt: 0]
[alpha: 0.9]
[fair_c: 1]
[poisson_max_delta_step: 0.7]
[tweedie_variance_power: 1.5]
[lambdarank_truncation_level: 30]
[lambdarank_norm: 1]
[label_gain: ]
[lambdarank_position_bias_regularization: 0]
[eval_at: ]
[multi_error_top_k: 1]
[auc_mu_weights: ]
[num_machines: 1]
[local_listen_port: 12400]
[time_out: 120]
[machine_list_filename: ]
[machines: ]
[gpu_platform_id: -1]
[gpu_device_id: -1]
[gpu_use_dp: 0]
[num_gpu: 1]

end of parameters

pandas_categorical:[]
